STATION,NAME,DATE,LATITUDE,LONGITUDE,ELEVATION,TMAX,TMIN,SNOW,PRCP,WSF2,WSF5,AWND,WT01,WT03
USW00013869,"ALBANY SW GEORGIA REGIONAL AIRPORT, GA US",2023-05-01,31.53642,-84.1958,58.2,25.6,10.0,0.0,0.0,10.3,14.3,3.3,,
USW00013869,"ALBANY SW GEORGIA REGIONAL AIRPORT, GA US",2023-05-02,31.53642,-84.1958,58.2,27.2,7.8,0.0,0.0,10.3,13.0,3.1,,
USW00013869,"ALBANY SW GEORGIA REGIONAL AIRPORT, GA US",2023-05-03,31.53642,-84.1958,58.2,26.1,8.3,0.0,0.0,10.3,13.9,2.8,,
USW00013869,"ALBANY SW GEORGIA REGIONAL AIRPORT, GA US",2023-05-04,31.53642,-84.1958,58.2,26.1,7.2,0.0,0.0,4.5,6.7,1.2,,
USW00013869,"ALBANY SW GEORGIA REGIONAL AIRPORT, GA US",2023-05-05,31.53642,-84.1958,58.2,26.1,12.2,0.0,0.0,5.8,7.6,2.6,,
USW00013869,"ALBANY SW GEORGIA REGIONAL AIRPORT, GA US",2023-05-06,31.53642,-84.1958,58.2,28.3,17.2,0.0,0.0,6.3,8.1,3.9,,
USW00013869,"ALBANY SW GEORGIA REGIONAL AIRPORT, GA US",2023-05-07,31.53642,-84.1958,58.2,30.0,15.0,0.0,0.0,6.3,7.6,2.1,,
USW00013869,"ALBANY SW GEORGIA REGIONAL AIRPORT, GA US",2023-05-08,31.53642,-84.1958,58.2,30.0,18.3,0.0,0.0,6.7,8.5,2.2,,
USW00013869,"ALBANY SW GEORGIA REGIONAL AIRPORT, GA US",2023-05-09,31.53642,-84.1958,58.2,32.2,20.0,0.0,0.0,5.8,9.8,2.2,    1,
USW00013869,"ALBANY SW GEORGIA REGIONAL AIRPORT, GA US",2023-05-10,31.53642,-84.1958,58.2,33.3,17.2,0.0,0.0,8.1,10.3,2.1,,
USW00013869,"ALBANY SW GEORGIA REGIONAL AIRPORT, GA US",2023-05-11,31.53642,-84.1958,58.2,30.6,21.1,0.0,0.0,7.2,9.4,3.4,,
USW00013869,"ALBANY SW GEORGIA REGIONAL AIRPORT, GA US",2023-05-12,31.53642,-84.1958,58.2,31.1,19.4,0.0,15.0,13.9,17.0,2.2,    1,    1
USW00013869,"ALBANY SW GEORGIA REGIONAL AIRPORT, GA US",2023-05-13,31.53642,-84.1958,58.2,31.1,17.8,0.0,0.0,4.0,4.9,0.9,    1,
USW00013869,"ALBANY SW GEORGIA REGIONAL AIRPORT, GA US",2023-05-14,31.53642,-84.1958,58.2,33.9,20.0,0.0,0.0,7.6,9.8,0.9,,    1
USW00013869,"ALBANY SW GEORGIA REGIONAL AIRPORT, GA US",2023-05-15,31.53642,-84.1958,58.2,32.2,20.6,0.0,0.0,9.4,10.3,3.2,,    1
USW00013869,"ALBANY SW GEORGIA REGIONAL AIRPORT, GA US",2023-05-16,31.53642,-84.1958,58.2,30.0,20.6,0.0,3.6,11.2,14.3,2.7,    1,    1
USW00013869,"ALBANY SW GEORGIA REGIONAL AIRPORT, GA US",2023-05-17,31.53642,-84.1958,58.2,28.3,18.3,0.0,12.4,8.9,10.7,2.4,    1,    1
USW00013869,"ALBANY SW GEORGIA REGIONAL AIRPORT, GA US",2023-05-18,31.53642,-84.1958,58.2,30.0,19.4,,0.5,11.2,14.3,2.9,    1,
USW00013869,"ALBANY SW GEORGIA REGIONAL AIRPORT, GA US",2023-05-19,31.53642,-84.1958,58.2,25.0,17.8,,0.0,6.7,8.5,3.1,    1,
USW00013869,"ALBANY SW GEORGIA REGIONAL AIRPORT, GA US",2023-05-20,31.53642,-84.1958,58.2,30.0,17.2,,0.0,4.0,6.3,1.5,,
USW00013869,"ALBANY SW GEORGIA REGIONAL AIRPORT, GA US",2023-05-21,31.53642,-84.1958,58.2,30.6,21.7,0.0,7.9,5.8,7.2,2.2,    1,
USW00013869,"ALBANY SW GEORGIA REGIONAL AIRPORT, GA US",2023-05-22,31.53642,-84.1958,58.2,25.0,20.6,0.0,20.1,7.6,9.4,3.5,    1,    1
USW00013869,"ALBANY SW GEORGIA REGIONAL AIRPORT, GA US",2023-05-23,31.53642,-84.1958,58.2,23.9,18.9,0.0,0.0,8.9,10.3,4.5,,
USW00013869,"ALBANY SW GEORGIA REGIONAL AIRPORT, GA US",2023-05-24,31.53642,-84.1958,58.2,27.2,18.3,0.0,0.0,8.1,10.3,4.0,,
USW00013869,"ALBANY SW GEORGIA REGIONAL AIRPORT, GA US",2023-05-25,31.53642,-84.1958,58.2,27.8,14.4,0.0,0.0,7.6,10.3,2.9,,
USW00013869,"ALBANY SW GEORGIA REGIONAL AIRPORT, GA US",2023-05-26,31.53642,-84.1958,58.2,27.2,15.6,0.0,0.0,10.7,13.4,4.8,,
USW00013869,"ALBANY SW GEORGIA REGIONAL AIRPORT, GA US",2023-05-27,31.53642,-84.1958,58.2,26.1,13.9,0.0,0.0,9.8,12.1,4.7,,
USW00013869,"ALBANY SW GEORGIA REGIONAL AIRPORT, GA US",2023-05-28,31.53642,-84.1958,58.2,27.8,12.8,0.0,0.0,6.3,10.3,2.6,,
USW00013869,"ALBANY SW GEORGIA REGIONAL AIRPORT, GA US",2023-05-29,31.53642,-84.1958,58.2,30.0,15.0,0.0,0.0,8.9,11.6,3.0,,
USW00013869,"ALBANY SW GEORGIA REGIONAL AIRPORT, GA US",2023-05-30,31.53642,-84.1958,58.2,28.9,15.0,0.0,0.0,4.0,5.4,1.0,,
USW00013869,"ALBANY SW GEORGIA REGIONAL AIRPORT, GA US",2023-05-31,31.53642,-84.1958,58.2,30.6,18.9,0.0,0.3,9.8,12.5,3.2,    1,    1
