STATION,NAME,DATE,LATITUDE,LONGITUDE,ELEVATION,TMAX,TMIN,PRCP,SNOW,WSF2,AWND,WSF5,WT03,WT01
USW00053952,"WACO MCGREGOR EXECUTIVE AIRPORT, TX US",2021-08-01,31.48472,-97.31639,180.4,35.6,23.3,,,5.8,2.5,9.8,    1,
USW00053952,"WACO MCGREGOR EXECUTIVE AIRPORT, TX US",2021-08-02,31.48472,-97.31639,180.4,30.6,23.3,0.0,,4.0,2.1,7.2,    1,    1
USW00053952,"WACO MCGREGOR EXECUTIVE AIRPORT, TX US",2021-08-03,31.48472,-97.31639,180.4,32.8,20.6,0.0,,4.0,2.3,,,    1
USW00053952,"WACO MCGREGOR EXECUTIVE AIRPORT, TX US",2021-08-04,31.48472,-97.31639,180.4,32.8,19.4,0.0,,5.4,2.4,7.6,,    1
USW00053952,"WACO MCGREGOR EXECUTIVE AIRPORT, TX US",2021-08-05,31.48472,-97.31639,180.4,32.2,21.1,0.0,,6.3,3.0,8.9,,
USW00053952,"WACO MCGREGOR EXECUTIVE AIRPORT, TX US",2021-08-06,31.48472,-97.31639,180.4,35.0,21.1,0.0,,6.7,2.7,8.9,,    1
USW00053952,"WACO MCGREGOR EXECUTIVE AIRPORT, TX US",2021-08-07,31.48472,-97.31639,180.4,36.1,23.9,0.0,,6.7,4.4,10.7,,
USW00053952,"WACO MCGREGOR EXECUTIVE AIRPORT, TX US",2021-08-08,31.48472,-97.31639,180.4,36.7,25.6,0.0,,8.9,6.3,13.9,,
USW00053952,"WACO MCGREGOR EXECUTIVE AIRPORT, TX US",2021-08-09,31.48472,-97.31639,180.4,36.7,25.6,0.0,,9.8,6.0,13.9,,
USW00053952,"WACO MCGREGOR EXECUTIVE AIRPORT, TX US",2021-08-10,31.48472,-97.31639,180.4,37.2,25.0,0.0,,8.9,5.4,12.5,,
USW00053952,"WACO MCGREGOR EXECUTIVE AIRPORT, TX US",2021-08-11,31.48472,-97.31639,180.4,36.7,22.8,0.0,,7.6,4.7,10.3,,
USW00053952,"WACO MCGREGOR EXECUTIVE AIRPORT, TX US",2021-08-12,31.48472,-97.31639,180.4,37.2,24.4,0.0,,6.3,4.5,8.1,,
USW00053952,"WACO MCGREGOR EXECUTIVE AIRPORT, TX US",2021-08-13,31.48472,-97.31639,180.4,36.1,23.3,0.0,,5.4,3.3,8.1,,
USW00053952,"WACO MCGREGOR EXECUTIVE AIRPORT, TX US",2021-08-14,31.48472,-97.31639,180.4,36.1,23.3,0.0,,10.3,2.6,13.0,,
USW00053952,"WACO MCGREGOR EXECUTIVE AIRPORT, TX US",2021-08-15,31.48472,-97.31639,180.4,28.3,22.2,1.3,,8.9,2.2,10.3,    1,    1
USW00053952,"WACO MCGREGOR EXECUTIVE AIRPORT, TX US",2021-08-16,31.48472,-97.31639,180.4,33.9,21.1,,,3.1,1.3,,,
USW00053952,"WACO MCGREGOR EXECUTIVE AIRPORT, TX US",2021-08-17,31.48472,-97.31639,180.4,34.4,22.8,0.0,,6.3,3.7,8.9,    1,    1
USW00053952,"WACO MCGREGOR EXECUTIVE AIRPORT, TX US",2021-08-18,31.48472,-97.31639,180.4,32.8,22.8,,,7.6,3.9,12.1,    1,    1
USW00053952,"WACO MCGREGOR EXECUTIVE AIRPORT, TX US",2021-08-19,31.48472,-97.31639,180.4,35.6,25.0,0.0,,8.1,5.7,11.6,,    1
USW00053952,"WACO MCGREGOR EXECUTIVE AIRPORT, TX US",2021-08-20,31.48472,-97.31639,180.4,35.6,24.4,0.0,,7.2,5.1,9.8,,
USW00053952,"WACO MCGREGOR EXECUTIVE AIRPORT, TX US",2021-08-21,31.48472,-97.31639,180.4,36.1,22.8,0.0,,6.3,3.9,9.4,,
USW00053952,"WACO MCGREGOR EXECUTIVE AIRPORT, TX US",2021-08-22,31.48472,-97.31639,180.4,35.6,22.8,0.0,,5.8,3.5,7.2,,
USW00053952,"WACO MCGREGOR EXECUTIVE AIRPORT, TX US",2021-08-23,31.48472,-97.31639,180.4,36.7,22.8,0.0,,6.3,2.8,,,
USW00053952,"WACO MCGREGOR EXECUTIVE AIRPORT, TX US",2021-08-24,31.48472,-97.31639,180.4,36.1,22.8,0.0,,6.3,3.6,7.2,,
USW00053952,"WACO MCGREGOR EXECUTIVE AIRPORT, TX US",2021-08-25,31.48472,-97.31639,180.4,36.1,22.2,0.0,,7.2,2.6,,,
USW00053952,"WACO MCGREGOR EXECUTIVE AIRPORT, TX US",2021-08-26,31.48472,-97.31639,180.4,36.7,23.3,0.0,,5.8,2.4,,,
USW00053952,"WACO MCGREGOR EXECUTIVE AIRPORT, TX US",2021-08-27,31.48472,-97.31639,180.4,33.9,23.3,0.0,,5.8,2.6,,,
USW00053952,"WACO MCGREGOR EXECUTIVE AIRPORT, TX US",2021-08-28,31.48472,-97.31639,180.4,33.3,22.2,0.0,,5.4,2.1,,,
USW00053952,"WACO MCGREGOR EXECUTIVE AIRPORT, TX US",2021-08-29,31.48472,-97.31639,180.4,32.2,23.3,0.0,,6.7,3.0,,,    1
USW00053952,"WACO MCGREGOR EXECUTIVE AIRPORT, TX US",2021-08-30,31.48472,-97.31639,180.4,35.0,22.8,0.0,,5.4,2.4,,,
USW00053952,"WACO MCGREGOR EXECUTIVE AIRPORT, TX US",2021-08-31,31.48472,-97.31639,180.4,37.2,23.3,0.0,,5.4,2.7,,,
