STATION,NAME,DATE,LATITUDE,LONGITUDE,ELEVATION,TMAX,TMIN,PRCP,SNOW,WSF2,AWND,WSF5,WT03,WT01
USW00053952,"WACO MCGREGOR EXECUTIVE AIRPORT, TX US",2024-06-01,31.48472,-97.31639,180.4,32.2,20.0,0.0,,6.7,2.2,,,
USW00053952,"WACO MCGREGOR EXECUTIVE AIRPORT, TX US",2024-06-02,31.48472,-97.31639,180.4,35.0,23.3,0.0,,7.6,4.5,9.4,,    1
USW00053952,"WACO MCGREGOR EXECUTIVE AIRPORT, TX US",2024-06-03,31.48472,-97.31639,180.4,34.4,24.4,0.0,,7.6,5.7,10.7,,
USW00053952,"WACO MCGREGOR EXECUTIVE AIRPORT, TX US",2024-06-04,31.48472,-97.31639,180.4,36.1,26.1,0.0,,9.4,7.2,13.9,,
USW00053952,"WACO MCGREGOR EXECUTIVE AIRPORT, TX US",2024-06-05,31.48472,-97.31639,180.4,33.9,20.0,15.2,,16.1,4.2,18.3,    1,    1
USW00053952,"WACO MCGREGOR EXECUTIVE AIRPORT, TX US",2024-06-06,31.48472,-97.31639,180.4,35.6,19.4,0.0,,4.0,1.6,,,
USW00053952,"WACO MCGREGOR EXECUTIVE AIRPORT, TX US",2024-06-07,31.48472,-97.31639,180.4,35.6,20.6,0.0,,6.3,3.0,8.9,,
USW00053952,"WACO MCGREGOR EXECUTIVE AIRPORT, TX US",2024-06-08,31.48472,-97.31639,180.4,36.7,22.2,0.0,,7.6,5.0,9.8,,
USW00053952,"WACO MCGREGOR EXECUTIVE AIRPORT, TX US",2024-06-09,31.48472,-97.31639,180.4,35.0,22.2,0.0,,7.2,3.4,7.6,,    1
USW00053952,"WACO MCGREGOR EXECUTIVE AIRPORT, TX US",2024-06-10,31.48472,-97.31639,180.4,33.9,22.2,0.0,,5.8,2.1,7.2,,
USW00053952,"WACO MCGREGOR EXECUTIVE AIRPORT, TX US",2024-06-11,31.48472,-97.31639,180.4,28.9,21.1,6.4,,8.1,2.0,11.2,    1,    1
USW00053952,"WACO MCGREGOR EXECUTIVE AIRPORT, TX US",2024-06-12,31.48472,-97.31639,180.4,31.1,22.2,7.4,,4.5,2.3,,,    1
USW00053952,"WACO MCGREGOR EXECUTIVE AIRPORT, TX US",2024-06-13,31.48472,-97.31639,180.4,35.0,22.8,0.0,,4.5,1.8,,,
USW00053952,"WACO MCGREGOR EXECUTIVE AIRPORT, TX US",2024-06-14,31.48472,-97.31639,180.4,36.1,21.1,0.0,,4.0,1.6,,,    1
USW00053952,"WACO MCGREGOR EXECUTIVE AIRPORT, TX US",2024-06-15,31.48472,-97.31639,180.4,34.4,21.1,0.0,,5.4,3.1,,,
USW00053952,"WACO MCGREGOR EXECUTIVE AIRPORT, TX US",2024-06-16,31.48472,-97.31639,180.4,35.0,23.3,0.0,,6.7,4.6,8.9,,
USW00053952,"WACO MCGREGOR EXECUTIVE AIRPORT, TX US",2024-06-17,31.48472,-97.31639,180.4,35.0,24.4,0.0,,9.4,6.3,13.9,,
USW00053952,"WACO MCGREGOR EXECUTIVE AIRPORT, TX US",2024-06-18,31.48472,-97.31639,180.4,34.4,22.8,0.0,,9.4,5.6,11.6,,
USW00053952,"WACO MCGREGOR EXECUTIVE AIRPORT, TX US",2024-06-19,31.48472,-97.31639,180.4,28.3,22.8,1.8,,6.7,3.8,7.6,,    1
USW00053952,"WACO MCGREGOR EXECUTIVE AIRPORT, TX US",2024-06-20,31.48472,-97.31639,180.4,32.8,23.3,0.0,,6.3,3.8,,,
USW00053952,"WACO MCGREGOR EXECUTIVE AIRPORT, TX US",2024-06-21,31.48472,-97.31639,180.4,33.9,23.9,0.0,,4.5,2.9,,,
USW00053952,"WACO MCGREGOR EXECUTIVE AIRPORT, TX US",2024-06-22,31.48472,-97.31639,180.4,35.0,22.8,0.0,,4.5,3.0,,,
USW00053952,"WACO MCGREGOR EXECUTIVE AIRPORT, TX US",2024-06-23,31.48472,-97.31639,180.4,36.1,23.3,0.0,,4.5,2.8,,,
USW00053952,"WACO MCGREGOR EXECUTIVE AIRPORT, TX US",2024-06-24,31.48472,-97.31639,180.4,36.1,22.2,0.0,,6.3,3.1,7.6,,
USW00053952,"WACO MCGREGOR EXECUTIVE AIRPORT, TX US",2024-06-25,31.48472,-97.31639,180.4,36.7,25.6,0.0,,7.2,4.3,8.9,,
USW00053952,"WACO MCGREGOR EXECUTIVE AIRPORT, TX US",2024-06-26,31.48472,-97.31639,180.4,36.7,25.6,0.0,,6.3,4.5,9.4,,
USW00053952,"WACO MCGREGOR EXECUTIVE AIRPORT, TX US",2024-06-27,31.48472,-97.31639,180.4,38.9,25.0,,,8.9,2.8,10.3,,
USW00053952,"WACO MCGREGOR EXECUTIVE AIRPORT, TX US",2024-06-28,31.48472,-97.31639,180.4,38.3,25.6,0.0,,7.6,4.8,10.7,,
USW00053952,"WACO MCGREGOR EXECUTIVE AIRPORT, TX US",2024-06-29,31.48472,-97.31639,180.4,37.8,26.1,0.0,,7.6,5.3,9.4,,    1
USW00053952,"WACO MCGREGOR EXECUTIVE AIRPORT, TX US",2024-06-30,31.48472,-97.31639,180.4,37.2,23.9,0.0,,6.3,3.1,,,    1
