STATION,NAME,DATE,LATITUDE,LONGITUDE,ELEVATION,TMAX,TMIN,PRCP,SNOW,WSF2,AWND,WSF5,WT03,WT01
USW00053952,"WACO MCGREGOR EXECUTIVE AIRPORT, TX US",2023-05-01,31.48472,-97.31639,180.4,26.1,12.2,0.0,,6.3,3.7,9.8,,
USW00053952,"WACO MCGREGOR EXECUTIVE AIRPORT, TX US",2023-05-02,31.48472,-97.31639,180.4,28.3,13.3,0.0,,5.8,2.2,,,
USW00053952,"WACO MCGREGOR EXECUTIVE AIRPORT, TX US",2023-05-03,31.48472,-97.31639,180.4,29.4,16.7,0.0,,6.7,2.2,7.2,,
USW00053952,"WACO MCGREGOR EXECUTIVE AIRPORT, TX US",2023-05-04,31.48472,-97.31639,180.4,27.2,17.8,38.4,,11.2,5.0,20.1,    1,    1
USW00053952,"WACO MCGREGOR EXECUTIVE AIRPORT, TX US",2023-05-05,31.48472,-97.31639,180.4,32.8,20.0,1.0,,13.0,5.5,17.0,    1,    1
USW00053952,"WACO MCGREGOR EXECUTIVE AIRPORT, TX US",2023-05-06,31.48472,-97.31639,180.4,30.0,17.2,0.0,,10.3,5.1,14.8,,
USW00053952,"WACO MCGREGOR EXECUTIVE AIRPORT, TX US",2023-05-07,31.48472,-97.31639,180.4,30.0,19.4,0.0,,8.1,4.7,12.1,,
USW00053952,"WACO MCGREGOR EXECUTIVE AIRPORT, TX US",2023-05-08,31.48472,-97.31639,180.4,32.8,19.4,0.0,,9.8,5.1,14.3,,    1
USW00053952,"WACO MCGREGOR EXECUTIVE AIRPORT, TX US",2023-05-09,31.48472,-97.31639,180.4,27.2,20.6,0.5,,6.7,4.0,,,    1
USW00053952,"WACO MCGREGOR EXECUTIVE AIRPORT, TX US",2023-05-10,31.48472,-97.31639,180.4,23.3,18.9,34.8,,4.5,1.8,,,    1
USW00053952,"WACO MCGREGOR EXECUTIVE AIRPORT, TX US",2023-05-11,31.48472,-97.31639,180.4,31.1,20.6,0.0,,8.9,5.1,10.7,,
USW00053952,"WACO MCGREGOR EXECUTIVE AIRPORT, TX US",2023-05-12,31.48472,-97.31639,180.4,30.6,23.3,0.0,,8.9,5.8,11.6,,    1
USW00053952,"WACO MCGREGOR EXECUTIVE AIRPORT, TX US",2023-05-13,31.48472,-97.31639,180.4,25.6,18.3,13.2,,10.7,2.4,13.4,,    1
USW00053952,"WACO MCGREGOR EXECUTIVE AIRPORT, TX US",2023-05-14,31.48472,-97.31639,180.4,27.2,20.6,3.0,,3.6,1.5,,,    1
USW00053952,"WACO MCGREGOR EXECUTIVE AIRPORT, TX US",2023-05-15,31.48472,-97.31639,180.4,31.1,18.3,11.2,,9.4,1.9,11.6,    1,    1
USW00053952,"WACO MCGREGOR EXECUTIVE AIRPORT, TX US",2023-05-16,31.48472,-97.31639,180.4,25.0,18.3,0.0,,4.5,2.2,,,    1
USW00053952,"WACO MCGREGOR EXECUTIVE AIRPORT, TX US",2023-05-17,31.48472,-97.31639,180.4,29.4,16.7,0.0,,3.1,1.3,,,    1
USW00053952,"WACO MCGREGOR EXECUTIVE AIRPORT, TX US",2023-05-18,31.48472,-97.31639,180.4,32.2,17.2,0.0,,5.4,2.5,,,
USW00053952,"WACO MCGREGOR EXECUTIVE AIRPORT, TX US",2023-05-19,31.48472,-97.31639,180.4,33.9,18.9,43.9,,10.7,4.1,16.1,    1,    1
USW00053952,"WACO MCGREGOR EXECUTIVE AIRPORT, TX US",2023-05-20,31.48472,-97.31639,180.4,26.1,17.8,1.8,,5.8,3.8,,,
USW00053952,"WACO MCGREGOR EXECUTIVE AIRPORT, TX US",2023-05-21,31.48472,-97.31639,180.4,23.9,16.1,0.0,,3.6,2.0,,,
USW00053952,"WACO MCGREGOR EXECUTIVE AIRPORT, TX US",2023-05-22,31.48472,-97.31639,180.4,28.9,16.1,0.0,,4.0,1.2,,,    1
USW00053952,"WACO MCGREGOR EXECUTIVE AIRPORT, TX US",2023-05-23,31.48472,-97.31639,180.4,31.1,18.3,1.3,,7.2,2.6,8.9,,
USW00053952,"WACO MCGREGOR EXECUTIVE AIRPORT, TX US",2023-05-24,31.48472,-97.31639,180.4,27.8,18.3,13.7,,9.8,2.3,15.7,    1,    1
USW00053952,"WACO MCGREGOR EXECUTIVE AIRPORT, TX US",2023-05-25,31.48472,-97.31639,180.4,28.3,19.4,0.0,,4.5,2.1,,,
USW00053952,"WACO MCGREGOR EXECUTIVE AIRPORT, TX US",2023-05-26,31.48472,-97.31639,180.4,31.1,17.8,0.0,,4.5,2.1,7.2,,
USW00053952,"WACO MCGREGOR EXECUTIVE AIRPORT, TX US",2023-05-27,31.48472,-97.31639,180.4,31.7,17.2,0.0,,4.0,2.1,,,
USW00053952,"WACO MCGREGOR EXECUTIVE AIRPORT, TX US",2023-05-28,31.48472,-97.31639,180.4,31.7,20.6,0.0,,7.2,3.2,9.4,,
USW00053952,"WACO MCGREGOR EXECUTIVE AIRPORT, TX US",2023-05-29,31.48472,-97.31639,180.4,31.7,18.9,0.0,,4.5,2.0,,,
USW00053952,"WACO MCGREGOR EXECUTIVE AIRPORT, TX US",2023-05-30,31.48472,-97.31639,180.4,32.8,18.9,0.0,,6.7,2.5,9.8,,
USW00053952,"WACO MCGREGOR EXECUTIVE AIRPORT, TX US",2023-05-31,31.48472,-97.31639,180.4,32.2,19.4,0.0,,5.4,2.7,7.2,,
