STATION,NAME,DATE,LATITUDE,LONGITUDE,ELEVATION,TMAX,TMIN,TAVG,SNOW,PRCP,WSF2,WSF5,AWND,WT01,WT03
USW00093730,"ATLANTIC CITY INTERNATIONAL AIRPORT, NJ US",2023-06-01,39.45203,-74.56701,17.8,26.1,10.6,,0.0,0.0,6.7,8.9,2.7,    1,
USW00093730,"ATLANTIC CITY INTERNATIONAL AIRPORT, NJ US",2023-06-02,39.45203,-74.56701,17.8,29.4,9.4,,0.0,0.0,5.4,7.2,1.7,    1,
USW00093730,"ATLANTIC CITY INTERNATIONAL AIRPORT, NJ US",2023-06-03,39.45203,-74.56701,17.8,21.1,13.3,,0.0,0.0,10.3,14.3,5.6,    1,
USW00093730,"ATLANTIC CITY INTERNATIONAL AIRPORT, NJ US",2023-06-04,39.45203,-74.56701,17.8,20.6,7.8,,0.0,0.0,8.1,11.6,3.3,,
USW00093730,"ATLANTIC CITY INTERNATIONAL AIRPORT, NJ US",2023-06-05,39.45203,-74.56701,17.8,25.6,7.2,,0.0,0.0,7.6,12.5,2.7,,
USW00093730,"ATLANTIC CITY INTERNATIONAL AIRPORT, NJ US",2023-06-06,39.45203,-74.56701,17.8,28.3,10.6,,0.0,0.0,13.4,17.9,4.2,,    1
USW00093730,"ATLANTIC CITY INTERNATIONAL AIRPORT, NJ US",2023-06-07,39.45203,-74.56701,17.8,25.6,10.0,,0.0,0.0,8.1,13.9,3.4,,
USW00093730,"ATLANTIC CITY INTERNATIONAL AIRPORT, NJ US",2023-06-08,39.45203,-74.56701,17.8,22.2,7.2,,0.0,0.0,6.7,8.9,1.7,,    1
USW00093730,"ATLANTIC CITY INTERNATIONAL AIRPORT, NJ US",2023-06-09,39.45203,-74.56701,17.8,24.4,10.0,,0.0,0.0,8.1,11.6,3.2,,    1
USW00093730,"ATLANTIC CITY INTERNATIONAL AIRPORT, NJ US",2023-06-10,39.45203,-74.56701,17.8,28.3,10.6,,0.0,0.0,9.8,12.5,4.0,,
USW00093730,"ATLANTIC CITY INTERNATIONAL AIRPORT, NJ US",2023-06-11,39.45203,-74.56701,17.8,30.6,14.4,,0.0,0.0,9.4,13.9,4.6,,
USW00093730,"ATLANTIC CITY INTERNATIONAL AIRPORT, NJ US",2023-06-12,39.45203,-74.56701,17.8,26.1,17.8,,0.0,2.8,9.8,13.9,5.1,    1,
USW00093730,"ATLANTIC CITY INTERNATIONAL AIRPORT, NJ US",2023-06-13,39.45203,-74.56701,17.8,26.1,15.0,,0.0,0.0,10.7,15.7,4.9,,
USW00093730,"ATLANTIC CITY INTERNATIONAL AIRPORT, NJ US",2023-06-14,39.45203,-74.56701,17.8,26.1,13.9,,0.0,3.0,11.6,18.3,4.4,,
USW00093730,"ATLANTIC CITY INTERNATIONAL AIRPORT, NJ US",2023-06-15,39.45203,-74.56701,17.8,27.8,12.2,,0.0,0.0,9.4,12.5,3.8,,
USW00093730,"ATLANTIC CITY INTERNATIONAL AIRPORT, NJ US",2023-06-16,39.45203,-74.56701,17.8,23.9,12.2,,0.0,20.8,9.8,14.3,1.9,    1,    1
USW00093730,"ATLANTIC CITY INTERNATIONAL AIRPORT, NJ US",2023-06-17,39.45203,-74.56701,17.8,27.2,13.3,,0.0,0.0,10.3,14.3,4.2,    1,
USW00093730,"ATLANTIC CITY INTERNATIONAL AIRPORT, NJ US",2023-06-18,39.45203,-74.56701,17.8,28.9,12.8,,0.0,0.0,8.1,10.3,3.0,,
USW00093730,"ATLANTIC CITY INTERNATIONAL AIRPORT, NJ US",2023-06-19,39.45203,-74.56701,17.8,28.3,11.7,,0.0,0.0,6.7,8.9,1.8,    1,
USW00093730,"ATLANTIC CITY INTERNATIONAL AIRPORT, NJ US",2023-06-20,39.45203,-74.56701,17.8,21.7,17.2,,0.0,0.0,8.9,13.0,5.2,    1,
USW00093730,"ATLANTIC CITY INTERNATIONAL AIRPORT, NJ US",2023-06-21,39.45203,-74.56701,17.8,18.9,16.1,,0.0,3.0,11.2,16.1,7.9,    1,
USW00093730,"ATLANTIC CITY INTERNATIONAL AIRPORT, NJ US",2023-06-22,39.45203,-74.56701,17.8,17.8,15.0,,0.0,5.1,10.3,14.8,6.1,    1,
USW00093730,"ATLANTIC CITY INTERNATIONAL AIRPORT, NJ US",2023-06-23,39.45203,-74.56701,17.8,26.1,16.1,,0.0,1.5,8.9,13.4,3.9,    1,
USW00093730,"ATLANTIC CITY INTERNATIONAL AIRPORT, NJ US",2023-06-24,39.45203,-74.56701,17.8,28.3,20.6,,0.0,10.2,7.6,10.7,3.0,    1,    1
USW00093730,"ATLANTIC CITY INTERNATIONAL AIRPORT, NJ US",2023-06-25,39.45203,-74.56701,17.8,29.4,19.4,,0.0,0.0,6.7,9.8,2.3,    1,    1
USW00093730,"ATLANTIC CITY INTERNATIONAL AIRPORT, NJ US",2023-06-26,39.45203,-74.56701,17.8,27.2,21.1,,0.0,0.0,6.7,12.5,1.3,,
USW00093730,"ATLANTIC CITY INTERNATIONAL AIRPORT, NJ US",2023-06-27,39.45203,-74.56701,17.8,25.6,18.9,,0.0,21.6,8.9,13.0,4.0,    1,    1
USW00093730,"ATLANTIC CITY INTERNATIONAL AIRPORT, NJ US",2023-06-28,39.45203,-74.56701,17.8,28.3,18.3,,0.0,0.0,8.1,12.1,3.1,    1,
USW00093730,"ATLANTIC CITY INTERNATIONAL AIRPORT, NJ US",2023-06-29,39.45203,-74.56701,17.8,27.8,17.2,,0.0,0.0,5.8,9.4,2.8,,
USW00093730,"ATLANTIC CITY INTERNATIONAL AIRPORT, NJ US",2023-06-30,39.45203,-74.56701,17.8,27.8,16.1,,0.0,0.0,7.6,10.3,2.4,    1,
