STATION,NAME,DATE,LATITUDE,LONGITUDE,ELEVATION,TMAX,TMIN,TAVG,SNOW,PRCP,WSF2,WSF5,AWND,WT01,WT03
USW00093730,"ATLANTIC CITY INTERNATIONAL AIRPORT, NJ US",2023-07-01,39.45203,-74.56701,17.8,26.7,16.1,,0.0,0.0,6.3,9.4,3.3,    1,
USW00093730,"ATLANTIC CITY INTERNATIONAL AIRPORT, NJ US",2023-07-02,39.45203,-74.56701,17.8,31.7,22.8,,0.0,0.3,7.2,9.8,3.8,    1,
USW00093730,"ATLANTIC CITY INTERNATIONAL AIRPORT, NJ US",2023-07-03,39.45203,-74.56701,17.8,33.9,23.3,,0.0,0.0,12.5,20.1,4.1,,
USW00093730,"ATLANTIC CITY INTERNATIONAL AIRPORT, NJ US",2023-07-04,39.45203,-74.56701,17.8,31.7,21.7,,0.0,1.0,8.1,12.1,2.8,,    1
USW00093730,"ATLANTIC CITY INTERNATIONAL AIRPORT, NJ US",2023-07-05,39.45203,-74.56701,17.8,31.1,19.4,,0.0,0.0,5.8,8.1,2.0,,
USW00093730,"ATLANTIC CITY INTERNATIONAL AIRPORT, NJ US",2023-07-06,39.45203,-74.56701,17.8,30.6,20.0,,0.0,0.0,5.8,8.9,2.8,    1,
USW00093730,"ATLANTIC CITY INTERNATIONAL AIRPORT, NJ US",2023-07-07,39.45203,-74.56701,17.8,30.0,20.6,,0.0,0.0,6.7,12.1,1.7,    1,
USW00093730,"ATLANTIC CITY INTERNATIONAL AIRPORT, NJ US",2023-07-08,39.45203,-74.56701,17.8,30.0,20.6,,0.0,0.0,6.3,8.5,2.2,    1,
USW00093730,"ATLANTIC CITY INTERNATIONAL AIRPORT, NJ US",2023-07-09,39.45203,-74.56701,17.8,28.9,20.6,,0.0,14.2,10.3,14.3,2.6,    1,    1
USW00093730,"ATLANTIC CITY INTERNATIONAL AIRPORT, NJ US",2023-07-10,39.45203,-74.56701,17.8,30.0,20.6,,0.0,0.0,7.2,11.2,3.6,    1,
USW00093730,"ATLANTIC CITY INTERNATIONAL AIRPORT, NJ US",2023-07-11,39.45203,-74.56701,17.8,31.7,18.3,,0.0,0.0,7.6,11.6,2.4,,
USW00093730,"ATLANTIC CITY INTERNATIONAL AIRPORT, NJ US",2023-07-12,39.45203,-74.56701,17.8,33.3,21.1,,0.0,0.0,6.7,8.9,2.6,,
USW00093730,"ATLANTIC CITY INTERNATIONAL AIRPORT, NJ US",2023-07-13,39.45203,-74.56701,17.8,31.7,21.1,,0.0,0.0,8.9,13.0,4.2,,
USW00093730,"ATLANTIC CITY INTERNATIONAL AIRPORT, NJ US",2023-07-14,39.45203,-74.56701,17.8,31.7,24.4,,0.0,0.0,7.2,10.7,4.3,,
USW00093730,"ATLANTIC CITY INTERNATIONAL AIRPORT, NJ US",2023-07-15,39.45203,-74.56701,17.8,30.6,23.3,,0.0,0.0,4.9,8.5,1.2,,
USW00093730,"ATLANTIC CITY INTERNATIONAL AIRPORT, NJ US",2023-07-16,39.45203,-74.56701,17.8,28.9,22.8,,0.0,46.0,3.6,5.8,0.6,    1,    1
USW00093730,"ATLANTIC CITY INTERNATIONAL AIRPORT, NJ US",2023-07-17,39.45203,-74.56701,17.8,32.2,22.8,,0.0,0.0,5.8,11.2,0.3,,
USW00093730,"ATLANTIC CITY INTERNATIONAL AIRPORT, NJ US",2023-07-18,39.45203,-74.56701,17.8,30.6,23.3,,0.0,0.3,7.2,9.8,3.0,,    1
USW00093730,"ATLANTIC CITY INTERNATIONAL AIRPORT, NJ US",2023-07-19,39.45203,-74.56701,17.8,27.8,20.6,,0.0,17.0,8.1,11.6,1.7,    1,    1
USW00093730,"ATLANTIC CITY INTERNATIONAL AIRPORT, NJ US",2023-07-20,39.45203,-74.56701,17.8,28.3,19.4,,0.0,0.0,5.8,7.6,2.2,    1,
USW00093730,"ATLANTIC CITY INTERNATIONAL AIRPORT, NJ US",2023-07-21,39.45203,-74.56701,17.8,29.4,20.0,,0.0,28.4,8.9,13.0,3.0,    1,    1
USW00093730,"ATLANTIC CITY INTERNATIONAL AIRPORT, NJ US",2023-07-22,39.45203,-74.56701,17.8,28.9,18.9,,0.0,0.0,6.7,9.4,2.8,,
USW00093730,"ATLANTIC CITY INTERNATIONAL AIRPORT, NJ US",2023-07-23,39.45203,-74.56701,17.8,31.1,18.3,,0.0,0.0,6.3,8.5,2.6,,
USW00093730,"ATLANTIC CITY INTERNATIONAL AIRPORT, NJ US",2023-07-24,39.45203,-74.56701,17.8,28.3,18.3,,0.0,0.0,6.3,9.8,2.6,,
USW00093730,"ATLANTIC CITY INTERNATIONAL AIRPORT, NJ US",2023-07-25,39.45203,-74.56701,17.8,28.9,18.3,,0.0,2.8,8.1,11.6,1.8,    1,    1
USW00093730,"ATLANTIC CITY INTERNATIONAL AIRPORT, NJ US",2023-07-26,39.45203,-74.56701,17.8,29.4,16.7,,0.0,0.0,5.8,8.1,2.2,,
USW00093730,"ATLANTIC CITY INTERNATIONAL AIRPORT, NJ US",2023-07-27,39.45203,-74.56701,17.8,35.0,24.4,,0.0,0.0,11.2,15.2,5.2,,
USW00093730,"ATLANTIC CITY INTERNATIONAL AIRPORT, NJ US",2023-07-28,39.45203,-74.56701,17.8,35.0,23.3,,0.0,0.8,13.4,18.3,3.8,,    1
USW00093730,"ATLANTIC CITY INTERNATIONAL AIRPORT, NJ US",2023-07-29,39.45203,-74.56701,17.8,33.3,22.2,,0.0,22.1,9.4,13.0,1.1,    1,    1
USW00093730,"ATLANTIC CITY INTERNATIONAL AIRPORT, NJ US",2023-07-30,39.45203,-74.56701,17.8,27.8,16.1,,0.0,0.0,4.9,6.3,0.8,,
USW00093730,"ATLANTIC CITY INTERNATIONAL AIRPORT, NJ US",2023-07-31,39.45203,-74.56701,17.8,27.8,15.6,,0.0,0.0,7.2,9.8,4.1,,    1
