STATION,NAME,DATE,LATITUDE,LONGITUDE,ELEVATION,TMAX,TMIN,TAVG,SNOW,PRCP,WSF2,WSF5,AWND,WT01,WT03
USW00093730,"ATLANTIC CITY INTERNATIONAL AIRPORT, NJ US",2024-05-01,39.45203,-74.56701,17.8,25.6,12.2,17.1,0.0,0.0,7.2,9.8,2.8,,
USW00093730,"ATLANTIC CITY INTERNATIONAL AIRPORT, NJ US",2024-05-02,39.45203,-74.56701,17.8,31.7,12.8,19.1,0.0,0.0,7.6,14.3,3.0,    1,
USW00093730,"ATLANTIC CITY INTERNATIONAL AIRPORT, NJ US",2024-05-03,39.45203,-74.56701,17.8,18.9,6.7,14.8,0.0,0.0,10.3,14.3,5.2,,
USW00093730,"ATLANTIC CITY INTERNATIONAL AIRPORT, NJ US",2024-05-04,39.45203,-74.56701,17.8,11.1,7.2,10.1,0.0,3.8,7.6,10.3,4.6,    1,
USW00093730,"ATLANTIC CITY INTERNATIONAL AIRPORT, NJ US",2024-05-05,39.45203,-74.56701,17.8,16.7,10.6,12.3,0.0,1.0,7.2,9.8,4.1,    1,
USW00093730,"ATLANTIC CITY INTERNATIONAL AIRPORT, NJ US",2024-05-06,39.45203,-74.56701,17.8,21.7,15.6,17.6,0.0,0.0,4.0,6.3,1.1,    1,
USW00093730,"ATLANTIC CITY INTERNATIONAL AIRPORT, NJ US",2024-05-07,39.45203,-74.56701,17.8,25.0,16.1,20.1,0.0,0.0,6.3,7.6,2.6,    1,
USW00093730,"ATLANTIC CITY INTERNATIONAL AIRPORT, NJ US",2024-05-08,39.45203,-74.56701,17.8,32.2,16.1,23.1,0.0,0.0,10.3,14.3,4.1,    1,
USW00093730,"ATLANTIC CITY INTERNATIONAL AIRPORT, NJ US",2024-05-09,39.45203,-74.56701,17.8,21.7,13.3,20.1,0.0,0.0,7.6,9.8,2.8,,
USW00093730,"ATLANTIC CITY INTERNATIONAL AIRPORT, NJ US",2024-05-10,39.45203,-74.56701,17.8,13.9,8.9,12.1,0.0,9.7,10.7,15.7,5.5,    1,    1
USW00093730,"ATLANTIC CITY INTERNATIONAL AIRPORT, NJ US",2024-05-11,39.45203,-74.56701,17.8,16.1,6.7,11.4,0.0,0.0,8.1,13.0,4.3,,
USW00093730,"ATLANTIC CITY INTERNATIONAL AIRPORT, NJ US",2024-05-12,39.45203,-74.56701,17.8,13.3,5.6,10.9,0.0,1.8,7.2,10.3,2.9,    1,
USW00093730,"ATLANTIC CITY INTERNATIONAL AIRPORT, NJ US",2024-05-13,39.45203,-74.56701,17.8,20.6,3.9,12.0,0.0,0.0,8.1,11.6,3.1,,
USW00093730,"ATLANTIC CITY INTERNATIONAL AIRPORT, NJ US",2024-05-14,39.45203,-74.56701,17.8,22.2,12.8,17.0,0.0,0.5,7.6,12.1,3.4,,
USW00093730,"ATLANTIC CITY INTERNATIONAL AIRPORT, NJ US",2024-05-15,39.45203,-74.56701,17.8,17.2,14.4,16.1,0.0,15.7,11.6,17.0,6.1,    1,
USW00093730,"ATLANTIC CITY INTERNATIONAL AIRPORT, NJ US",2024-05-16,39.45203,-74.56701,17.8,18.3,15.6,16.4,0.0,1.5,9.4,13.9,5.8,    1,
USW00093730,"ATLANTIC CITY INTERNATIONAL AIRPORT, NJ US",2024-05-17,39.45203,-74.56701,17.8,20.6,13.9,17.1,0.0,0.3,7.6,10.7,3.1,    1,
USW00093730,"ATLANTIC CITY INTERNATIONAL AIRPORT, NJ US",2024-05-18,39.45203,-74.56701,17.8,19.4,13.9,16.2,0.0,2.8,4.5,5.4,1.2,    1,
USW00093730,"ATLANTIC CITY INTERNATIONAL AIRPORT, NJ US",2024-05-19,39.45203,-74.56701,17.8,22.8,11.1,16.7,0.0,0.0,5.8,8.9,3.0,    1,
USW00093730,"ATLANTIC CITY INTERNATIONAL AIRPORT, NJ US",2024-05-20,39.45203,-74.56701,17.8,21.7,10.0,15.3,0.0,0.0,5.8,8.5,2.4,    1,
USW00093730,"ATLANTIC CITY INTERNATIONAL AIRPORT, NJ US",2024-05-21,39.45203,-74.56701,17.8,27.2,11.1,17.9,0.0,0.0,6.3,8.9,2.4,,
USW00093730,"ATLANTIC CITY INTERNATIONAL AIRPORT, NJ US",2024-05-22,39.45203,-74.56701,17.8,27.8,14.4,20.8,0.0,0.0,8.9,12.1,3.5,,
USW00093730,"ATLANTIC CITY INTERNATIONAL AIRPORT, NJ US",2024-05-23,39.45203,-74.56701,17.8,27.8,18.3,22.6,0.0,3.0,9.8,15.2,2.8,    1,    1
USW00093730,"ATLANTIC CITY INTERNATIONAL AIRPORT, NJ US",2024-05-24,39.45203,-74.56701,17.8,30.0,17.2,23.2,0.0,0.0,7.2,8.9,1.8,    1,
USW00093730,"ATLANTIC CITY INTERNATIONAL AIRPORT, NJ US",2024-05-25,39.45203,-74.56701,17.8,28.9,15.6,22.8,0.0,0.0,6.7,9.8,2.6,    1,
USW00093730,"ATLANTIC CITY INTERNATIONAL AIRPORT, NJ US",2024-05-26,39.45203,-74.56701,17.8,27.8,17.8,22.6,0.0,0.0,6.7,8.9,3.0,    1,
USW00093730,"ATLANTIC CITY INTERNATIONAL AIRPORT, NJ US",2024-05-27,39.45203,-74.56701,17.8,25.0,20.0,21.6,0.0,29.5,8.9,13.4,4.7,    1,    1
USW00093730,"ATLANTIC CITY INTERNATIONAL AIRPORT, NJ US",2024-05-28,39.45203,-74.56701,17.8,29.4,17.8,23.6,0.0,0.0,9.8,13.4,4.6,,
USW00093730,"ATLANTIC CITY INTERNATIONAL AIRPORT, NJ US",2024-05-29,39.45203,-74.56701,17.8,27.2,14.4,21.7,0.0,1.0,6.3,9.8,2.6,,
USW00093730,"ATLANTIC CITY INTERNATIONAL AIRPORT, NJ US",2024-05-30,39.45203,-74.56701,17.8,24.4,12.8,19.3,0.0,0.0,8.9,10.7,3.3,    1,
USW00093730,"ATLANTIC CITY INTERNATIONAL AIRPORT, NJ US",2024-05-31,39.45203,-74.56701,17.8,25.6,10.6,18.1,0.0,0.0,7.6,11.2,3.3,,
