STATION,NAME,DATE,LATITUDE,LONGITUDE,ELEVATION,TMAX,TMIN,SNOW,PRCP,WSF2,WSF5,AWND,WT01,WT03
USW00093915,"ALEXANDRIA INTERNATIONAL AIRPORT, LA US",2024-07-01,31.33464,-92.55849,25.0,36.1,24.4,0.0,0.0,7.2,12.1,1.6,    1,    1
USW00093915,"ALEXANDRIA INTERNATIONAL AIRPORT, LA US",2024-07-02,31.33464,-92.55849,25.0,37.2,25.6,0.0,0.0,6.3,8.1,1.4,    1,
USW00093915,"ALEXANDRIA INTERNATIONAL AIRPORT, LA US",2024-07-03,31.33464,-92.55849,25.0,36.7,26.1,0.0,0.0,6.3,8.9,1.7,    1,
USW00093915,"ALEXANDRIA INTERNATIONAL AIRPORT, LA US",2024-07-04,31.33464,-92.55849,25.0,35.6,25.6,0.0,0.0,5.4,7.2,2.3,,
USW00093915,"ALEXANDRIA INTERNATIONAL AIRPORT, LA US",2024-07-05,31.33464,-92.55849,25.0,35.0,23.9,0.0,11.7,10.7,14.8,2.3,,    1
USW00093915,"ALEXANDRIA INTERNATIONAL AIRPORT, LA US",2024-07-06,31.33464,-92.55849,25.0,33.9,23.3,0.0,0.0,5.4,7.6,2.2,,
USW00093915,"ALEXANDRIA INTERNATIONAL AIRPORT, LA US",2024-07-07,31.33464,-92.55849,25.0,33.9,25.6,0.0,4.1,7.2,9.8,1.6,    1,    1
USW00093915,"ALEXANDRIA INTERNATIONAL AIRPORT, LA US",2024-07-08,31.33464,-92.55849,25.0,32.2,25.0,0.0,6.1,12.5,17.9,6.0,    1,    1
USW00093915,"ALEXANDRIA INTERNATIONAL AIRPORT, LA US",2024-07-09,31.33464,-92.55849,25.0,32.8,22.2,0.0,0.0,6.3,8.9,3.1,,
USW00093915,"ALEXANDRIA INTERNATIONAL AIRPORT, LA US",2024-07-10,31.33464,-92.55849,25.0,34.4,21.1,0.0,0.0,4.5,6.3,1.2,,
USW00093915,"ALEXANDRIA INTERNATIONAL AIRPORT, LA US",2024-07-11,31.33464,-92.55849,25.0,35.0,21.7,0.0,0.0,4.0,7.2,0.9,,
USW00093915,"ALEXANDRIA INTERNATIONAL AIRPORT, LA US",2024-07-12,31.33464,-92.55849,25.0,34.4,23.3,0.0,0.0,3.1,4.5,0.5,,
USW00093915,"ALEXANDRIA INTERNATIONAL AIRPORT, LA US",2024-07-13,31.33464,-92.55849,25.0,35.0,23.3,0.0,5.1,10.3,15.7,1.0,    1,    1
USW00093915,"ALEXANDRIA INTERNATIONAL AIRPORT, LA US",2024-07-14,31.33464,-92.55849,25.0,33.3,23.3,0.0,0.0,4.5,7.2,0.8,,    1
USW00093915,"ALEXANDRIA INTERNATIONAL AIRPORT, LA US",2024-07-15,31.33464,-92.55849,25.0,34.4,22.2,0.0,0.0,4.5,6.7,1.6,,
USW00093915,"ALEXANDRIA INTERNATIONAL AIRPORT, LA US",2024-07-16,31.33464,-92.55849,25.0,35.0,23.3,0.0,0.0,6.7,8.5,2.3,,
USW00093915,"ALEXANDRIA INTERNATIONAL AIRPORT, LA US",2024-07-17,31.33464,-92.55849,25.0,35.0,22.2,0.0,6.4,12.5,17.0,2.4,    1,    1
USW00093915,"ALEXANDRIA INTERNATIONAL AIRPORT, LA US",2024-07-18,31.33464,-92.55849,25.0,30.6,22.2,0.0,2.8,4.5,6.7,1.2,,    1
USW00093915,"ALEXANDRIA INTERNATIONAL AIRPORT, LA US",2024-07-19,31.33464,-92.55849,25.0,29.4,23.3,0.0,2.3,5.8,8.5,1.7,,
USW00093915,"ALEXANDRIA INTERNATIONAL AIRPORT, LA US",2024-07-20,31.33464,-92.55849,25.0,32.8,21.7,0.0,0.0,4.0,5.8,1.3,    1,
USW00093915,"ALEXANDRIA INTERNATIONAL AIRPORT, LA US",2024-07-21,31.33464,-92.55849,25.0,33.3,23.3,0.0,0.0,6.3,8.1,1.8,,    1
USW00093915,"ALEXANDRIA INTERNATIONAL AIRPORT, LA US",2024-07-22,31.33464,-92.55849,25.0,31.7,22.2,0.0,1.8,8.9,13.9,1.5,    1,    1
USW00093915,"ALEXANDRIA INTERNATIONAL AIRPORT, LA US",2024-07-23,31.33464,-92.55849,25.0,28.9,23.9,0.0,22.9,7.6,9.8,1.4,    1,    1
USW00093915,"ALEXANDRIA INTERNATIONAL AIRPORT, LA US",2024-07-24,31.33464,-92.55849,25.0,27.8,22.2,0.0,65.5,5.4,7.2,2.8,    1,
USW00093915,"ALEXANDRIA INTERNATIONAL AIRPORT, LA US",2024-07-25,31.33464,-92.55849,25.0,25.6,22.2,0.0,4.1,6.3,8.5,1.9,,
USW00093915,"ALEXANDRIA INTERNATIONAL AIRPORT, LA US",2024-07-26,31.33464,-92.55849,25.0,30.0,22.8,0.0,1.0,5.4,7.2,1.9,,
USW00093915,"ALEXANDRIA INTERNATIONAL AIRPORT, LA US",2024-07-27,31.33464,-92.55849,25.0,32.2,23.3,0.0,1.0,3.1,4.9,0.7,,    1
USW00093915,"ALEXANDRIA INTERNATIONAL AIRPORT, LA US",2024-07-28,31.33464,-92.55849,25.0,32.2,23.9,0.0,0.0,3.6,5.4,1.4,,
USW00093915,"ALEXANDRIA INTERNATIONAL AIRPORT, LA US",2024-07-29,31.33464,-92.55849,25.0,34.4,24.4,0.0,0.0,5.8,7.6,2.3,    1,
USW00093915,"ALEXANDRIA INTERNATIONAL AIRPORT, LA US",2024-07-30,31.33464,-92.55849,25.0,35.6,23.9,0.0,0.0,4.5,7.2,2.0,,
USW00093915,"ALEXANDRIA INTERNATIONAL AIRPORT, LA US",2024-07-31,31.33464,-92.55849,25.0,35.0,24.4,0.0,0.0,4.0,5.8,1.7,    1,
