STATION,NAME,DATE,LATITUDE,LONGITUDE,ELEVATION,TMAX,TMIN,SNOW,PRCP,WSF2,WSF5,AWND,WT01,WT03
USW00093915,"ALEXANDRIA INTERNATIONAL AIRPORT, LA US",2024-06-01,31.33464,-92.55849,25.0,31.7,20.0,0.0,13.7,9.8,13.0,1.7,    1,    1
USW00093915,"ALEXANDRIA INTERNATIONAL AIRPORT, LA US",2024-06-02,31.33464,-92.55849,25.0,29.4,20.6,0.0,14.5,11.6,16.1,3.4,    1,    1
USW00093915,"ALEXANDRIA INTERNATIONAL AIRPORT, LA US",2024-06-03,31.33464,-92.55849,25.0,33.3,20.0,0.0,2.5,9.8,14.3,3.9,    1,    1
USW00093915,"ALEXANDRIA INTERNATIONAL AIRPORT, LA US",2024-06-04,31.33464,-92.55849,25.0,31.1,19.4,0.0,23.9,11.6,16.5,4.4,    1,    1
USW00093915,"ALEXANDRIA INTERNATIONAL AIRPORT, LA US",2024-06-05,31.33464,-92.55849,25.0,30.0,18.9,0.0,3.8,9.8,13.9,2.5,    1,    1
USW00093915,"ALEXANDRIA INTERNATIONAL AIRPORT, LA US",2024-06-06,31.33464,-92.55849,25.0,33.9,20.0,0.0,0.0,4.5,7.2,1.7,    1,
USW00093915,"ALEXANDRIA INTERNATIONAL AIRPORT, LA US",2024-06-07,31.33464,-92.55849,25.0,35.0,20.0,0.0,0.0,4.0,6.7,1.2,    1,
USW00093915,"ALEXANDRIA INTERNATIONAL AIRPORT, LA US",2024-06-08,31.33464,-92.55849,25.0,36.1,21.1,0.0,0.0,5.4,7.2,2.2,,
USW00093915,"ALEXANDRIA INTERNATIONAL AIRPORT, LA US",2024-06-09,31.33464,-92.55849,25.0,34.4,23.3,0.0,0.0,5.4,7.6,1.7,    1,
USW00093915,"ALEXANDRIA INTERNATIONAL AIRPORT, LA US",2024-06-10,31.33464,-92.55849,25.0,33.9,23.3,0.0,0.0,6.3,8.9,2.1,    1,    1
USW00093915,"ALEXANDRIA INTERNATIONAL AIRPORT, LA US",2024-06-11,31.33464,-92.55849,25.0,32.8,21.1,0.0,0.0,4.5,8.5,2.4,,
USW00093915,"ALEXANDRIA INTERNATIONAL AIRPORT, LA US",2024-06-12,31.33464,-92.55849,25.0,32.2,20.6,0.0,0.0,4.5,7.6,2.0,,
USW00093915,"ALEXANDRIA INTERNATIONAL AIRPORT, LA US",2024-06-13,31.33464,-92.55849,25.0,33.3,17.8,0.0,0.0,4.0,7.2,1.2,    1,
USW00093915,"ALEXANDRIA INTERNATIONAL AIRPORT, LA US",2024-06-14,31.33464,-92.55849,25.0,35.0,17.8,0.0,0.0,4.5,6.7,1.3,,
USW00093915,"ALEXANDRIA INTERNATIONAL AIRPORT, LA US",2024-06-15,31.33464,-92.55849,25.0,35.6,21.1,0.0,0.0,5.4,7.6,1.3,    1,
USW00093915,"ALEXANDRIA INTERNATIONAL AIRPORT, LA US",2024-06-16,31.33464,-92.55849,25.0,34.4,22.8,0.0,4.3,16.1,22.4,2.7,    1,    1
USW00093915,"ALEXANDRIA INTERNATIONAL AIRPORT, LA US",2024-06-17,31.33464,-92.55849,25.0,32.2,22.8,0.0,4.8,14.3,18.3,3.6,    1,    1
USW00093915,"ALEXANDRIA INTERNATIONAL AIRPORT, LA US",2024-06-18,31.33464,-92.55849,25.0,30.0,23.9,0.0,1.3,8.1,11.6,3.7,    1,
USW00093915,"ALEXANDRIA INTERNATIONAL AIRPORT, LA US",2024-06-19,31.33464,-92.55849,25.0,33.3,23.3,0.0,2.3,9.8,13.9,3.5,    1,
USW00093915,"ALEXANDRIA INTERNATIONAL AIRPORT, LA US",2024-06-20,31.33464,-92.55849,25.0,33.9,23.3,0.0,0.0,6.3,9.4,3.3,    1,
USW00093915,"ALEXANDRIA INTERNATIONAL AIRPORT, LA US",2024-06-21,31.33464,-92.55849,25.0,34.4,21.7,0.0,0.0,5.4,6.7,2.0,,
USW00093915,"ALEXANDRIA INTERNATIONAL AIRPORT, LA US",2024-06-22,31.33464,-92.55849,25.0,35.6,22.8,0.0,0.0,4.0,6.3,1.5,    1,
USW00093915,"ALEXANDRIA INTERNATIONAL AIRPORT, LA US",2024-06-23,31.33464,-92.55849,25.0,36.1,22.2,0.0,0.0,4.0,5.8,1.0,    1,
USW00093915,"ALEXANDRIA INTERNATIONAL AIRPORT, LA US",2024-06-24,31.33464,-92.55849,25.0,37.2,23.9,0.0,0.0,7.2,9.8,1.3,    1,
USW00093915,"ALEXANDRIA INTERNATIONAL AIRPORT, LA US",2024-06-25,31.33464,-92.55849,25.0,36.1,25.0,0.0,0.0,4.5,7.2,2.1,,
USW00093915,"ALEXANDRIA INTERNATIONAL AIRPORT, LA US",2024-06-26,31.33464,-92.55849,25.0,35.6,23.3,0.0,3.3,10.3,16.1,3.0,    1,    1
USW00093915,"ALEXANDRIA INTERNATIONAL AIRPORT, LA US",2024-06-27,31.33464,-92.55849,25.0,33.9,22.8,0.0,0.0,6.3,8.1,2.4,,
USW00093915,"ALEXANDRIA INTERNATIONAL AIRPORT, LA US",2024-06-28,31.33464,-92.55849,25.0,36.7,22.8,0.0,0.0,8.9,12.1,2.1,    1,
USW00093915,"ALEXANDRIA INTERNATIONAL AIRPORT, LA US",2024-06-29,31.33464,-92.55849,25.0,36.1,23.9,0.0,36.6,10.3,15.7,2.3,    1,    1
USW00093915,"ALEXANDRIA INTERNATIONAL AIRPORT, LA US",2024-06-30,31.33464,-92.55849,25.0,35.6,25.0,0.0,0.0,8.9,12.1,1.4,,    1
