STATION,NAME,DATE,LATITUDE,LONGITUDE,ELEVATION,TMAX,TAVG,TMIN,SNOW,PRCP,WSF2,WSF5,AWND,WT01
USW00026451,"ANCHORAGE TED STEVENS INTERNATIONAL AIRPORT, AK US",2024-05-01,61.16916,-150.02771,38.0,11.7,7.9,6.1,0.0,0.0,9.8,18.8,4.7,
USW00026451,"ANCHORAGE TED STEVENS INTERNATIONAL AIRPORT, AK US",2024-05-02,61.16916,-150.02771,38.0,10.0,7.3,4.4,0.0,0.0,6.3,10.3,2.3,
USW00026451,"ANCHORAGE TED STEVENS INTERNATIONAL AIRPORT, AK US",2024-05-03,61.16916,-150.02771,38.0,10.0,7.3,4.4,0.0,0.0,9.8,14.3,1.7,
USW00026451,"ANCHORAGE TED STEVENS INTERNATIONAL AIRPORT, AK US",2024-05-04,61.16916,-150.02771,38.0,10.6,6.9,4.4,0.0,0.3,8.1,14.3,2.7,
USW00026451,"ANCHORAGE TED STEVENS INTERNATIONAL AIRPORT, AK US",2024-05-05,61.16916,-150.02771,38.0,13.3,7.2,2.2,0.0,1.8,8.9,15.7,2.9,
USW00026451,"ANCHORAGE TED STEVENS INTERNATIONAL AIRPORT, AK US",2024-05-06,61.16916,-150.02771,38.0,7.8,7.8,1.1,0.0,6.1,7.2,15.7,3.8,
USW00026451,"ANCHORAGE TED STEVENS INTERNATIONAL AIRPORT, AK US",2024-05-07,61.16916,-150.02771,38.0,11.1,5.0,0.0,0.0,0.5,9.4,15.2,3.6,
USW00026451,"ANCHORAGE TED STEVENS INTERNATIONAL AIRPORT, AK US",2024-05-08,61.16916,-150.02771,38.0,11.1,6.2,0.6,18.0,8.9,9.8,16.5,2.6,
USW00026451,"ANCHORAGE TED STEVENS INTERNATIONAL AIRPORT, AK US",2024-05-09,61.16916,-150.02771,38.0,5.0,3.6,0.6,0.0,2.5,7.6,13.4,3.0,
USW00026451,"ANCHORAGE TED STEVENS INTERNATIONAL AIRPORT, AK US",2024-05-10,61.16916,-150.02771,38.0,8.9,3.9,1.7,0.0,0.0,9.4,14.8,3.9,
USW00026451,"ANCHORAGE TED STEVENS INTERNATIONAL AIRPORT, AK US",2024-05-11,61.16916,-150.02771,38.0,7.2,5.7,3.3,0.0,0.0,6.3,12.5,3.0,
USW00026451,"ANCHORAGE TED STEVENS INTERNATIONAL AIRPORT, AK US",2024-05-12,61.16916,-150.02771,38.0,10.6,6.1,3.9,0.0,0.0,9.8,17.9,4.2,
USW00026451,"ANCHORAGE TED STEVENS INTERNATIONAL AIRPORT, AK US",2024-05-13,61.16916,-150.02771,38.0,12.8,7.2,1.7,0.0,0.0,5.8,7.6,1.7,
USW00026451,"ANCHORAGE TED STEVENS INTERNATIONAL AIRPORT, AK US",2024-05-14,61.16916,-150.02771,38.0,13.9,8.8,2.8,0.0,0.0,5.4,8.1,2.7,
USW00026451,"ANCHORAGE TED STEVENS INTERNATIONAL AIRPORT, AK US",2024-05-15,61.16916,-150.02771,38.0,12.2,8.3,1.7,0.0,0.0,7.2,12.5,3.2,
USW00026451,"ANCHORAGE TED STEVENS INTERNATIONAL AIRPORT, AK US",2024-05-16,61.16916,-150.02771,38.0,10.6,7.8,3.9,0.0,0.0,6.7,12.1,2.3,
USW00026451,"ANCHORAGE TED STEVENS INTERNATIONAL AIRPORT, AK US",2024-05-17,61.16916,-150.02771,38.0,12.2,8.2,5.6,0.0,0.0,5.8,8.5,3.0,
USW00026451,"ANCHORAGE TED STEVENS INTERNATIONAL AIRPORT, AK US",2024-05-18,61.16916,-150.02771,38.0,13.9,9.3,4.4,0.0,0.0,10.7,18.8,5.0,
USW00026451,"ANCHORAGE TED STEVENS INTERNATIONAL AIRPORT, AK US",2024-05-19,61.16916,-150.02771,38.0,12.2,8.6,6.1,0.0,0.0,8.9,15.7,3.8,
USW00026451,"ANCHORAGE TED STEVENS INTERNATIONAL AIRPORT, AK US",2024-05-20,61.16916,-150.02771,38.0,14.4,9.9,7.2,0.0,0.0,6.7,12.5,3.2,
USW00026451,"ANCHORAGE TED STEVENS INTERNATIONAL AIRPORT, AK US",2024-05-21,61.16916,-150.02771,38.0,10.6,9.9,7.8,0.0,0.5,11.6,18.3,5.5,
USW00026451,"ANCHORAGE TED STEVENS INTERNATIONAL AIRPORT, AK US",2024-05-22,61.16916,-150.02771,38.0,11.1,9.1,6.1,0.0,0.8,10.3,19.2,5.0,
USW00026451,"ANCHORAGE TED STEVENS INTERNATIONAL AIRPORT, AK US",2024-05-23,61.16916,-150.02771,38.0,13.3,7.5,5.0,0.0,0.3,6.7,9.4,2.9,
USW00026451,"ANCHORAGE TED STEVENS INTERNATIONAL AIRPORT, AK US",2024-05-24,61.16916,-150.02771,38.0,11.7,8.3,3.9,0.0,0.0,7.6,13.4,3.4,
USW00026451,"ANCHORAGE TED STEVENS INTERNATIONAL AIRPORT, AK US",2024-05-25,61.16916,-150.02771,38.0,15.6,9.9,6.7,0.0,0.0,6.7,14.8,2.8,
USW00026451,"ANCHORAGE TED STEVENS INTERNATIONAL AIRPORT, AK US",2024-05-26,61.16916,-150.02771,38.0,15.6,11.4,7.8,0.0,1.8,6.7,14.3,3.0,
USW00026451,"ANCHORAGE TED STEVENS INTERNATIONAL AIRPORT, AK US",2024-05-27,61.16916,-150.02771,38.0,13.3,10.4,7.8,0.0,3.0,5.4,6.7,2.2,
USW00026451,"ANCHORAGE TED STEVENS INTERNATIONAL AIRPORT, AK US",2024-05-28,61.16916,-150.02771,38.0,15.0,10.3,7.8,0.0,0.0,9.4,14.3,3.2,
USW00026451,"ANCHORAGE TED STEVENS INTERNATIONAL AIRPORT, AK US",2024-05-29,61.16916,-150.02771,38.0,14.4,11.1,8.3,0.0,0.0,9.4,14.3,4.9,
USW00026451,"ANCHORAGE TED STEVENS INTERNATIONAL AIRPORT, AK US",2024-05-30,61.16916,-150.02771,38.0,13.3,11.1,8.3,0.0,0.0,9.8,16.1,5.4,
USW00026451,"ANCHORAGE TED STEVENS INTERNATIONAL AIRPORT, AK US",2024-05-31,61.16916,-150.02771,38.0,17.2,10.2,3.3,0.0,0.0,6.7,12.5,3.2,
