STATION,NAME,DATE,LATITUDE,LONGITUDE,ELEVATION,TMAX,TAVG,TMIN,SNOW,PRCP,WSF2,WSF5,AWND,WT01
USW00026451,"ANCHORAGE TED STEVENS INTERNATIONAL AIRPORT, AK US",2023-07-01,61.16916,-150.02771,38.0,18.9,13.2,7.8,0.0,0.0,10.3,15.7,3.6,
USW00026451,"ANCHORAGE TED STEVENS INTERNATIONAL AIRPORT, AK US",2023-07-02,61.16916,-150.02771,38.0,16.7,15.3,11.1,0.0,4.3,11.2,16.1,3.9,
USW00026451,"ANCHORAGE TED STEVENS INTERNATIONAL AIRPORT, AK US",2023-07-03,61.16916,-150.02771,38.0,16.1,12.2,10.0,0.0,6.9,9.4,13.9,3.0,
USW00026451,"ANCHORAGE TED STEVENS INTERNATIONAL AIRPORT, AK US",2023-07-04,61.16916,-150.02771,38.0,15.6,12.1,9.4,0.0,0.3,9.4,16.1,4.9,
USW00026451,"ANCHORAGE TED STEVENS INTERNATIONAL AIRPORT, AK US",2023-07-05,61.16916,-150.02771,38.0,15.6,12.5,10.0,0.0,2.0,,,,
USW00026451,"ANCHORAGE TED STEVENS INTERNATIONAL AIRPORT, AK US",2023-07-06,61.16916,-150.02771,38.0,15.0,12.2,11.1,0.0,8.6,8.9,12.1,2.0,
USW00026451,"ANCHORAGE TED STEVENS INTERNATIONAL AIRPORT, AK US",2023-07-07,61.16916,-150.02771,38.0,15.0,13.2,9.4,0.0,3.8,8.9,14.8,3.9,
USW00026451,"ANCHORAGE TED STEVENS INTERNATIONAL AIRPORT, AK US",2023-07-08,61.16916,-150.02771,38.0,14.4,10.5,8.3,0.0,0.0,6.3,8.1,3.0,
USW00026451,"ANCHORAGE TED STEVENS INTERNATIONAL AIRPORT, AK US",2023-07-09,61.16916,-150.02771,38.0,17.8,12.2,9.4,0.0,0.3,9.8,13.9,3.5,
USW00026451,"ANCHORAGE TED STEVENS INTERNATIONAL AIRPORT, AK US",2023-07-10,61.16916,-150.02771,38.0,13.3,11.7,9.4,0.0,3.0,3.6,4.9,1.6,
USW00026451,"ANCHORAGE TED STEVENS INTERNATIONAL AIRPORT, AK US",2023-07-11,61.16916,-150.02771,38.0,15.6,12.6,11.1,0.0,0.0,3.1,4.5,1.1,
USW00026451,"ANCHORAGE TED STEVENS INTERNATIONAL AIRPORT, AK US",2023-07-12,61.16916,-150.02771,38.0,17.8,14.2,11.1,0.0,0.0,4.0,5.4,2.2,
USW00026451,"ANCHORAGE TED STEVENS INTERNATIONAL AIRPORT, AK US",2023-07-13,61.16916,-150.02771,38.0,22.2,16.6,13.3,0.0,0.0,7.2,13.9,2.9,
USW00026451,"ANCHORAGE TED STEVENS INTERNATIONAL AIRPORT, AK US",2023-07-14,61.16916,-150.02771,38.0,19.4,17.1,12.2,0.0,0.0,8.1,14.3,3.9,
USW00026451,"ANCHORAGE TED STEVENS INTERNATIONAL AIRPORT, AK US",2023-07-15,61.16916,-150.02771,38.0,13.9,13.2,12.2,0.0,21.1,7.6,11.2,2.6,
USW00026451,"ANCHORAGE TED STEVENS INTERNATIONAL AIRPORT, AK US",2023-07-16,61.16916,-150.02771,38.0,14.4,12.6,11.7,0.0,19.6,3.6,7.6,0.9,
USW00026451,"ANCHORAGE TED STEVENS INTERNATIONAL AIRPORT, AK US",2023-07-17,61.16916,-150.02771,38.0,17.8,13.0,12.2,0.0,1.8,4.0,8.9,2.0,
USW00026451,"ANCHORAGE TED STEVENS INTERNATIONAL AIRPORT, AK US",2023-07-18,61.16916,-150.02771,38.0,21.7,14.9,11.1,0.0,0.0,4.5,9.8,1.4,
USW00026451,"ANCHORAGE TED STEVENS INTERNATIONAL AIRPORT, AK US",2023-07-19,61.16916,-150.02771,38.0,16.7,15.9,12.8,0.0,7.9,8.1,12.5,2.9,
USW00026451,"ANCHORAGE TED STEVENS INTERNATIONAL AIRPORT, AK US",2023-07-20,61.16916,-150.02771,38.0,18.3,13.7,10.6,0.0,2.8,6.3,10.7,2.1,
USW00026451,"ANCHORAGE TED STEVENS INTERNATIONAL AIRPORT, AK US",2023-07-21,61.16916,-150.02771,38.0,22.2,14.9,11.1,0.0,0.0,8.1,11.6,2.2,
USW00026451,"ANCHORAGE TED STEVENS INTERNATIONAL AIRPORT, AK US",2023-07-22,61.16916,-150.02771,38.0,21.7,18.4,14.4,0.0,0.0,7.2,10.3,2.9,
USW00026451,"ANCHORAGE TED STEVENS INTERNATIONAL AIRPORT, AK US",2023-07-23,61.16916,-150.02771,38.0,19.4,16.3,11.1,0.0,0.0,5.4,8.9,2.2,
USW00026451,"ANCHORAGE TED STEVENS INTERNATIONAL AIRPORT, AK US",2023-07-24,61.16916,-150.02771,38.0,17.8,15.4,11.1,0.0,0.0,5.8,9.4,2.2,
USW00026451,"ANCHORAGE TED STEVENS INTERNATIONAL AIRPORT, AK US",2023-07-25,61.16916,-150.02771,38.0,17.8,13.7,11.1,0.0,0.0,4.5,8.5,1.6,
USW00026451,"ANCHORAGE TED STEVENS INTERNATIONAL AIRPORT, AK US",2023-07-26,61.16916,-150.02771,38.0,18.9,15.3,13.3,0.0,0.0,5.8,10.3,1.9,
USW00026451,"ANCHORAGE TED STEVENS INTERNATIONAL AIRPORT, AK US",2023-07-27,61.16916,-150.02771,38.0,17.8,15.2,13.3,0.0,0.0,5.8,10.3,3.2,
USW00026451,"ANCHORAGE TED STEVENS INTERNATIONAL AIRPORT, AK US",2023-07-28,61.16916,-150.02771,38.0,17.8,15.2,12.8,0.0,1.3,7.2,9.8,1.8,
USW00026451,"ANCHORAGE TED STEVENS INTERNATIONAL AIRPORT, AK US",2023-07-29,61.16916,-150.02771,38.0,15.0,14.6,13.3,0.0,19.8,4.5,10.7,1.0,    1
USW00026451,"ANCHORAGE TED STEVENS INTERNATIONAL AIRPORT, AK US",2023-07-30,61.16916,-150.02771,38.0,20.6,14.6,13.3,0.0,0.3,4.0,8.5,0.8,    1
USW00026451,"ANCHORAGE TED STEVENS INTERNATIONAL AIRPORT, AK US",2023-07-31,61.16916,-150.02771,38.0,21.1,16.7,12.8,0.0,0.0,4.0,10.7,1.9,
