STATION,NAME,DATE,LATITUDE,LONGITUDE,ELEVATION,TMAX,TAVG,TMIN,SNOW,PRCP,WSF2,WSF5,AWND,WT01
USW00026451,"ANCHORAGE TED STEVENS INTERNATIONAL AIRPORT, AK US",2023-06-01,61.16916,-150.02771,38.0,12.8,8.8,6.1,0.0,2.8,10.3,15.7,6.1,
USW00026451,"ANCHORAGE TED STEVENS INTERNATIONAL AIRPORT, AK US",2023-06-02,61.16916,-150.02771,38.0,9.4,8.3,6.7,0.0,0.5,9.8,14.3,6.9,
USW00026451,"ANCHORAGE TED STEVENS INTERNATIONAL AIRPORT, AK US",2023-06-03,61.16916,-150.02771,38.0,13.3,9.3,7.8,0.0,0.0,8.9,13.0,5.0,
USW00026451,"ANCHORAGE TED STEVENS INTERNATIONAL AIRPORT, AK US",2023-06-04,61.16916,-150.02771,38.0,15.6,10.8,7.2,0.0,0.0,8.9,15.2,3.1,
USW00026451,"ANCHORAGE TED STEVENS INTERNATIONAL AIRPORT, AK US",2023-06-05,61.16916,-150.02771,38.0,20.6,12.1,6.7,0.0,0.0,13.0,18.8,4.9,
USW00026451,"ANCHORAGE TED STEVENS INTERNATIONAL AIRPORT, AK US",2023-06-06,61.16916,-150.02771,38.0,13.9,13.3,10.0,0.0,0.5,12.5,16.5,3.8,
USW00026451,"ANCHORAGE TED STEVENS INTERNATIONAL AIRPORT, AK US",2023-06-07,61.16916,-150.02771,38.0,13.3,10.9,8.9,0.0,0.5,5.8,11.2,1.6,
USW00026451,"ANCHORAGE TED STEVENS INTERNATIONAL AIRPORT, AK US",2023-06-08,61.16916,-150.02771,38.0,15.0,11.4,9.4,0.0,0.0,8.9,13.4,3.4,
USW00026451,"ANCHORAGE TED STEVENS INTERNATIONAL AIRPORT, AK US",2023-06-09,61.16916,-150.02771,38.0,16.1,11.9,10.0,0.0,0.0,13.4,18.3,6.4,
USW00026451,"ANCHORAGE TED STEVENS INTERNATIONAL AIRPORT, AK US",2023-06-10,61.16916,-150.02771,38.0,15.6,11.4,8.3,0.0,1.3,11.2,17.4,5.9,
USW00026451,"ANCHORAGE TED STEVENS INTERNATIONAL AIRPORT, AK US",2023-06-11,61.16916,-150.02771,38.0,13.3,10.6,8.3,0.0,0.0,13.0,18.3,5.3,
USW00026451,"ANCHORAGE TED STEVENS INTERNATIONAL AIRPORT, AK US",2023-06-12,61.16916,-150.02771,38.0,12.2,10.3,6.1,0.0,5.6,9.8,14.8,5.1,
USW00026451,"ANCHORAGE TED STEVENS INTERNATIONAL AIRPORT, AK US",2023-06-13,61.16916,-150.02771,38.0,12.2,8.3,6.1,0.0,0.3,7.6,16.1,4.6,
USW00026451,"ANCHORAGE TED STEVENS INTERNATIONAL AIRPORT, AK US",2023-06-14,61.16916,-150.02771,38.0,14.4,10.7,8.3,0.0,0.0,11.6,16.5,6.4,
USW00026451,"ANCHORAGE TED STEVENS INTERNATIONAL AIRPORT, AK US",2023-06-15,61.16916,-150.02771,38.0,12.2,9.4,6.7,0.0,0.3,5.8,9.8,2.4,
USW00026451,"ANCHORAGE TED STEVENS INTERNATIONAL AIRPORT, AK US",2023-06-16,61.16916,-150.02771,38.0,12.8,9.5,7.8,0.0,1.0,5.8,11.6,3.3,
USW00026451,"ANCHORAGE TED STEVENS INTERNATIONAL AIRPORT, AK US",2023-06-17,61.16916,-150.02771,38.0,16.1,10.6,5.6,0.0,0.0,5.4,7.6,2.1,
USW00026451,"ANCHORAGE TED STEVENS INTERNATIONAL AIRPORT, AK US",2023-06-18,61.16916,-150.02771,38.0,22.2,13.9,7.8,0.0,0.0,5.4,6.7,2.0,
USW00026451,"ANCHORAGE TED STEVENS INTERNATIONAL AIRPORT, AK US",2023-06-19,61.16916,-150.02771,38.0,17.8,15.6,10.0,0.0,0.0,5.8,7.6,1.9,
USW00026451,"ANCHORAGE TED STEVENS INTERNATIONAL AIRPORT, AK US",2023-06-20,61.16916,-150.02771,38.0,15.6,13.4,11.7,0.0,10.7,4.0,5.4,0.8,
USW00026451,"ANCHORAGE TED STEVENS INTERNATIONAL AIRPORT, AK US",2023-06-21,61.16916,-150.02771,38.0,16.7,13.9,12.2,0.0,1.5,8.9,13.0,1.8,
USW00026451,"ANCHORAGE TED STEVENS INTERNATIONAL AIRPORT, AK US",2023-06-22,61.16916,-150.02771,38.0,18.9,14.8,12.8,0.0,0.5,9.4,15.2,3.9,
USW00026451,"ANCHORAGE TED STEVENS INTERNATIONAL AIRPORT, AK US",2023-06-23,61.16916,-150.02771,38.0,20.0,15.6,11.7,0.0,0.8,9.8,17.9,4.1,
USW00026451,"ANCHORAGE TED STEVENS INTERNATIONAL AIRPORT, AK US",2023-06-24,61.16916,-150.02771,38.0,20.6,16.4,13.3,0.0,0.0,11.2,16.1,5.1,
USW00026451,"ANCHORAGE TED STEVENS INTERNATIONAL AIRPORT, AK US",2023-06-25,61.16916,-150.02771,38.0,17.2,15.5,11.7,0.0,0.3,13.0,19.7,7.6,
USW00026451,"ANCHORAGE TED STEVENS INTERNATIONAL AIRPORT, AK US",2023-06-26,61.16916,-150.02771,38.0,14.4,12.9,10.6,0.0,0.0,8.9,13.4,2.9,
USW00026451,"ANCHORAGE TED STEVENS INTERNATIONAL AIRPORT, AK US",2023-06-27,61.16916,-150.02771,38.0,12.2,11.6,10.0,0.0,2.8,5.4,9.8,2.9,    1
USW00026451,"ANCHORAGE TED STEVENS INTERNATIONAL AIRPORT, AK US",2023-06-28,61.16916,-150.02771,38.0,13.3,10.9,9.4,0.0,13.2,4.0,5.4,2.0,
USW00026451,"ANCHORAGE TED STEVENS INTERNATIONAL AIRPORT, AK US",2023-06-29,61.16916,-150.02771,38.0,14.4,12.2,10.0,0.0,1.8,6.7,12.1,3.3,
USW00026451,"ANCHORAGE TED STEVENS INTERNATIONAL AIRPORT, AK US",2023-06-30,61.16916,-150.02771,38.0,17.2,11.8,8.9,0.0,0.0,5.4,8.9,2.7,
