STATION,NAME,DATE,LATITUDE,LONGITUDE,ELEVATION,TMAX,TMIN,PRCP,WSF2,WSF5,AWND,WT01,WT03
USW00094790,"WATERTOWN INTERNATIONAL AIRPORT, NY US",2021-05-01,43.98872,-76.02609,94.7,8.9,0.0,1.0,8.1,12.1,3.4,,
USW00094790,"WATERTOWN INTERNATIONAL AIRPORT, NY US",2021-05-02,43.98872,-76.02609,94.7,12.2,3.3,0.5,6.7,9.4,2.7,,
USW00094790,"WATERTOWN INTERNATIONAL AIRPORT, NY US",2021-05-03,43.98872,-76.02609,94.7,16.7,8.9,0.5,10.3,13.0,4.7,    1,
USW00094790,"WATERTOWN INTERNATIONAL AIRPORT, NY US",2021-05-04,43.98872,-76.02609,94.7,16.1,7.8,1.3,5.4,6.7,1.7,    1,
USW00094790,"WATERTOWN INTERNATIONAL AIRPORT, NY US",2021-05-05,43.98872,-76.02609,94.7,12.2,6.1,1.8,5.8,7.6,3.4,    1,
USW00094790,"WATERTOWN INTERNATIONAL AIRPORT, NY US",2021-05-06,43.98872,-76.02609,94.7,12.2,0.6,0.0,8.9,10.7,3.2,,
USW00094790,"WATERTOWN INTERNATIONAL AIRPORT, NY US",2021-05-07,43.98872,-76.02609,94.7,12.8,1.1,4.1,6.3,7.2,1.6,    1,
USW00094790,"WATERTOWN INTERNATIONAL AIRPORT, NY US",2021-05-08,43.98872,-76.02609,94.7,10.0,3.3,8.9,6.3,7.6,2.5,    1,
USW00094790,"WATERTOWN INTERNATIONAL AIRPORT, NY US",2021-05-09,43.98872,-76.02609,94.7,13.3,2.8,0.3,6.3,7.6,2.3,    1,
USW00094790,"WATERTOWN INTERNATIONAL AIRPORT, NY US",2021-05-10,43.98872,-76.02609,94.7,12.8,6.7,0.0,7.6,10.7,3.7,,
USW00094790,"WATERTOWN INTERNATIONAL AIRPORT, NY US",2021-05-11,43.98872,-76.02609,94.7,10.0,5.0,1.8,11.2,16.1,6.1,,
USW00094790,"WATERTOWN INTERNATIONAL AIRPORT, NY US",2021-05-12,43.98872,-76.02609,94.7,15.0,5.0,0.0,8.1,12.1,3.4,,
USW00094790,"WATERTOWN INTERNATIONAL AIRPORT, NY US",2021-05-13,43.98872,-76.02609,94.7,16.7,0.6,0.0,7.2,9.4,2.7,,
USW00094790,"WATERTOWN INTERNATIONAL AIRPORT, NY US",2021-05-14,43.98872,-76.02609,94.7,18.3,6.7,0.0,7.6,10.7,3.5,,
USW00094790,"WATERTOWN INTERNATIONAL AIRPORT, NY US",2021-05-15,43.98872,-76.02609,94.7,21.1,7.2,0.0,7.2,8.5,3.0,,
USW00094790,"WATERTOWN INTERNATIONAL AIRPORT, NY US",2021-05-16,43.98872,-76.02609,94.7,22.8,3.9,0.0,6.3,7.2,2.2,,
USW00094790,"WATERTOWN INTERNATIONAL AIRPORT, NY US",2021-05-17,43.98872,-76.02609,94.7,22.8,3.3,0.0,7.2,8.5,2.4,,
USW00094790,"WATERTOWN INTERNATIONAL AIRPORT, NY US",2021-05-18,43.98872,-76.02609,94.7,23.3,6.7,0.0,5.8,8.9,2.8,,
USW00094790,"WATERTOWN INTERNATIONAL AIRPORT, NY US",2021-05-19,43.98872,-76.02609,94.7,26.1,8.3,0.0,5.8,7.2,1.6,,
USW00094790,"WATERTOWN INTERNATIONAL AIRPORT, NY US",2021-05-20,43.98872,-76.02609,94.7,28.9,12.2,0.0,6.3,7.2,1.7,,
USW00094790,"WATERTOWN INTERNATIONAL AIRPORT, NY US",2021-05-21,43.98872,-76.02609,94.7,27.8,14.4,0.0,7.2,8.9,2.2,,
USW00094790,"WATERTOWN INTERNATIONAL AIRPORT, NY US",2021-05-22,43.98872,-76.02609,94.7,26.1,17.2,0.0,7.6,10.7,3.7,,
USW00094790,"WATERTOWN INTERNATIONAL AIRPORT, NY US",2021-05-23,43.98872,-76.02609,94.7,21.1,6.7,0.0,9.8,13.4,4.4,    1,
USW00094790,"WATERTOWN INTERNATIONAL AIRPORT, NY US",2021-05-24,43.98872,-76.02609,94.7,21.1,3.3,0.0,5.8,6.7,1.4,    1,
USW00094790,"WATERTOWN INTERNATIONAL AIRPORT, NY US",2021-05-25,43.98872,-76.02609,94.7,29.4,13.3,0.0,8.1,12.5,4.4,,
USW00094790,"WATERTOWN INTERNATIONAL AIRPORT, NY US",2021-05-26,43.98872,-76.02609,94.7,27.8,15.0,0.0,11.2,16.1,5.4,,
USW00094790,"WATERTOWN INTERNATIONAL AIRPORT, NY US",2021-05-27,43.98872,-76.02609,94.7,17.8,7.8,0.0,7.6,10.3,4.2,,
USW00094790,"WATERTOWN INTERNATIONAL AIRPORT, NY US",2021-05-28,43.98872,-76.02609,94.7,7.8,5.6,1.0,7.6,10.3,4.4,,
USW00094790,"WATERTOWN INTERNATIONAL AIRPORT, NY US",2021-05-29,43.98872,-76.02609,94.7,19.4,3.9,0.0,9.8,12.5,4.1,,
USW00094790,"WATERTOWN INTERNATIONAL AIRPORT, NY US",2021-05-30,43.98872,-76.02609,94.7,19.4,1.1,0.0,7.2,8.9,2.1,,
USW00094790,"WATERTOWN INTERNATIONAL AIRPORT, NY US",2021-05-31,43.98872,-76.02609,94.7,19.4,4.4,0.0,6.7,8.9,2.2,,
