STATION,NAME,DATE,LATITUDE,LONGITUDE,ELEVATION,TMAX,TMIN,PRCP,WSF2,WSF5,AWND,WT01,WT03
USW00094790,"WATERTOWN INTERNATIONAL AIRPORT, NY US",2023-08-01,43.98872,-76.02609,94.7,23.3,7.2,2.0,7.6,10.3,1.7,    1,
USW00094790,"WATERTOWN INTERNATIONAL AIRPORT, NY US",2023-08-02,43.98872,-76.02609,94.7,25.0,10.0,5.6,6.7,11.2,2.2,    1,
USW00094790,"WATERTOWN INTERNATIONAL AIRPORT, NY US",2023-08-03,43.98872,-76.02609,94.7,26.7,17.8,7.9,7.6,12.5,3.3,    1,    1
USW00094790,"WATERTOWN INTERNATIONAL AIRPORT, NY US",2023-08-04,43.98872,-76.02609,94.7,25.6,15.6,0.5,6.7,8.9,2.1,    1,    1
USW00094790,"WATERTOWN INTERNATIONAL AIRPORT, NY US",2023-08-05,43.98872,-76.02609,94.7,25.6,12.2,0.0,5.4,7.2,1.7,    1,
USW00094790,"WATERTOWN INTERNATIONAL AIRPORT, NY US",2023-08-06,43.98872,-76.02609,94.7,27.2,10.6,0.0,4.0,6.3,1.4,    1,
USW00094790,"WATERTOWN INTERNATIONAL AIRPORT, NY US",2023-08-07,43.98872,-76.02609,94.7,30.6,18.9,23.4,8.1,13.4,2.8,    1,    1
USW00094790,"WATERTOWN INTERNATIONAL AIRPORT, NY US",2023-08-08,43.98872,-76.02609,94.7,22.8,18.9,5.3,8.1,11.2,3.8,    1,
USW00094790,"WATERTOWN INTERNATIONAL AIRPORT, NY US",2023-08-09,43.98872,-76.02609,94.7,25.6,15.0,0.0,7.6,10.7,3.3,,
USW00094790,"WATERTOWN INTERNATIONAL AIRPORT, NY US",2023-08-10,43.98872,-76.02609,94.7,24.4,13.9,1.3,10.3,14.3,2.6,    1,    1
USW00094790,"WATERTOWN INTERNATIONAL AIRPORT, NY US",2023-08-11,43.98872,-76.02609,94.7,23.3,15.0,0.0,7.6,12.1,3.4,,
USW00094790,"WATERTOWN INTERNATIONAL AIRPORT, NY US",2023-08-12,43.98872,-76.02609,94.7,26.1,13.9,21.1,10.7,14.8,1.8,    1,    1
USW00094790,"WATERTOWN INTERNATIONAL AIRPORT, NY US",2023-08-13,43.98872,-76.02609,94.7,23.9,17.8,0.0,8.9,13.0,3.4,,
USW00094790,"WATERTOWN INTERNATIONAL AIRPORT, NY US",2023-08-14,43.98872,-76.02609,94.7,24.4,15.6,0.0,4.5,6.3,1.3,    1,
USW00094790,"WATERTOWN INTERNATIONAL AIRPORT, NY US",2023-08-15,43.98872,-76.02609,94.7,26.7,16.7,0.0,4.5,7.6,2.5,,
USW00094790,"WATERTOWN INTERNATIONAL AIRPORT, NY US",2023-08-16,43.98872,-76.02609,94.7,26.1,17.8,9.1,6.3,7.6,2.4,    1,    1
USW00094790,"WATERTOWN INTERNATIONAL AIRPORT, NY US",2023-08-17,43.98872,-76.02609,94.7,27.2,14.4,4.3,7.6,13.4,2.0,    1,
USW00094790,"WATERTOWN INTERNATIONAL AIRPORT, NY US",2023-08-18,43.98872,-76.02609,94.7,22.2,15.6,21.1,11.2,17.4,5.5,    1,
USW00094790,"WATERTOWN INTERNATIONAL AIRPORT, NY US",2023-08-19,43.98872,-76.02609,94.7,22.2,13.9,13.7,9.8,17.0,4.7,    1,
USW00094790,"WATERTOWN INTERNATIONAL AIRPORT, NY US",2023-08-20,43.98872,-76.02609,94.7,25.0,15.6,0.0,7.2,10.3,3.2,,
USW00094790,"WATERTOWN INTERNATIONAL AIRPORT, NY US",2023-08-21,43.98872,-76.02609,94.7,23.3,11.7,0.0,6.7,9.8,2.9,,
USW00094790,"WATERTOWN INTERNATIONAL AIRPORT, NY US",2023-08-22,43.98872,-76.02609,94.7,25.0,8.3,0.0,5.4,9.8,1.5,,
USW00094790,"WATERTOWN INTERNATIONAL AIRPORT, NY US",2023-08-23,43.98872,-76.02609,94.7,25.0,15.0,0.0,5.4,8.1,1.7,,
USW00094790,"WATERTOWN INTERNATIONAL AIRPORT, NY US",2023-08-24,43.98872,-76.02609,94.7,20.0,17.2,0.8,7.2,11.2,3.0,    1,
USW00094790,"WATERTOWN INTERNATIONAL AIRPORT, NY US",2023-08-25,43.98872,-76.02609,94.7,25.0,18.9,3.3,3.6,5.4,1.6,    1,
USW00094790,"WATERTOWN INTERNATIONAL AIRPORT, NY US",2023-08-26,43.98872,-76.02609,94.7,23.9,15.0,2.5,7.6,11.2,2.7,    1,
USW00094790,"WATERTOWN INTERNATIONAL AIRPORT, NY US",2023-08-27,43.98872,-76.02609,94.7,23.3,10.6,0.0,5.8,6.7,2.0,    1,
USW00094790,"WATERTOWN INTERNATIONAL AIRPORT, NY US",2023-08-28,43.98872,-76.02609,94.7,23.9,9.4,0.0,5.4,6.7,1.3,    1,
USW00094790,"WATERTOWN INTERNATIONAL AIRPORT, NY US",2023-08-29,43.98872,-76.02609,94.7,25.0,16.7,8.6,5.4,8.1,1.5,    1,
USW00094790,"WATERTOWN INTERNATIONAL AIRPORT, NY US",2023-08-30,43.98872,-76.02609,94.7,22.2,9.4,4.1,9.8,15.2,3.9,    1,    1
USW00094790,"WATERTOWN INTERNATIONAL AIRPORT, NY US",2023-08-31,43.98872,-76.02609,94.7,21.1,6.1,0.0,5.4,8.1,1.6,    1,
