STATION,NAME,DATE,LATITUDE,LONGITUDE,ELEVATION,TMAX,TMIN,PRCP,WSF2,AWND,WSF5,WT01,WT03
USW00093073,"ASPEN PITKIN CO AIRPORT SARDY FIELD, CO US",2024-05-01,39.22994,-106.87052,2339.9,14.4,0.6,6.9,10.7,4.0,17.4,    1,
USW00093073,"ASPEN PITKIN CO AIRPORT SARDY FIELD, CO US",2024-05-02,39.22994,-106.87052,2339.9,11.1,-3.8,0.0,8.9,3.1,13.9,,
USW00093073,"ASPEN PITKIN CO AIRPORT SARDY FIELD, CO US",2024-05-03,39.22994,-106.87052,2339.9,16.1,-1.6,0.0,9.8,3.4,17.0,,
USW00093073,"ASPEN PITKIN CO AIRPORT SARDY FIELD, CO US",2024-05-04,39.22994,-106.87052,2339.9,17.8,-3.8,0.0,14.3,3.8,20.6,,
USW00093073,"ASPEN PITKIN CO AIRPORT SARDY FIELD, CO US",2024-05-05,39.22994,-106.87052,2339.9,17.8,5.6,0.0,15.7,7.4,21.9,,
USW00093073,"ASPEN PITKIN CO AIRPORT SARDY FIELD, CO US",2024-05-06,39.22994,-106.87052,2339.9,5.0,-3.2,4.8,10.7,3.6,17.4,    1,
USW00093073,"ASPEN PITKIN CO AIRPORT SARDY FIELD, CO US",2024-05-07,39.22994,-106.87052,2339.9,3.9,-1.6,2.8,10.3,3.9,17.0,    1,
USW00093073,"ASPEN PITKIN CO AIRPORT SARDY FIELD, CO US",2024-05-08,39.22994,-106.87052,2339.9,3.9,-7.1,0.0,6.7,2.7,10.3,    1,
USW00093073,"ASPEN PITKIN CO AIRPORT SARDY FIELD, CO US",2024-05-09,39.22994,-106.87052,2339.9,8.9,-3.8,0.0,8.9,2.9,12.5,,
USW00093073,"ASPEN PITKIN CO AIRPORT SARDY FIELD, CO US",2024-05-10,39.22994,-106.87052,2339.9,11.1,0.0,0.0,8.9,3.6,13.0,,
USW00093073,"ASPEN PITKIN CO AIRPORT SARDY FIELD, CO US",2024-05-11,39.22994,-106.87052,2339.9,9.4,-1.6,10.2,10.3,3.9,14.8,    1,
USW00093073,"ASPEN PITKIN CO AIRPORT SARDY FIELD, CO US",2024-05-12,39.22994,-106.87052,2339.9,14.4,0.0,3.6,10.3,1.9,14.3,    1,    1
USW00093073,"ASPEN PITKIN CO AIRPORT SARDY FIELD, CO US",2024-05-13,39.22994,-106.87052,2339.9,19.4,0.6,0.0,8.1,2.9,13.0,,
USW00093073,"ASPEN PITKIN CO AIRPORT SARDY FIELD, CO US",2024-05-14,39.22994,-106.87052,2339.9,16.1,2.8,1.8,9.4,3.4,15.2,,    1
USW00093073,"ASPEN PITKIN CO AIRPORT SARDY FIELD, CO US",2024-05-15,39.22994,-106.87052,2339.9,15.6,2.8,0.0,7.2,2.7,10.3,,
USW00093073,"ASPEN PITKIN CO AIRPORT SARDY FIELD, CO US",2024-05-16,39.22994,-106.87052,2339.9,19.4,-0.5,0.0,7.6,2.9,13.4,,
USW00093073,"ASPEN PITKIN CO AIRPORT SARDY FIELD, CO US",2024-05-17,39.22994,-106.87052,2339.9,20.6,2.2,0.0,8.1,3.2,16.1,,
USW00093073,"ASPEN PITKIN CO AIRPORT SARDY FIELD, CO US",2024-05-18,39.22994,-106.87052,2339.9,17.8,3.3,0.0,12.5,3.5,17.9,,
USW00093073,"ASPEN PITKIN CO AIRPORT SARDY FIELD, CO US",2024-05-19,39.22994,-106.87052,2339.9,20.0,1.1,0.0,11.2,2.8,16.1,,
USW00093073,"ASPEN PITKIN CO AIRPORT SARDY FIELD, CO US",2024-05-20,39.22994,-106.87052,2339.9,19.4,5.6,0.0,10.3,4.7,17.4,,
USW00093073,"ASPEN PITKIN CO AIRPORT SARDY FIELD, CO US",2024-05-21,39.22994,-106.87052,2339.9,8.9,-2.1,13.5,11.2,2.1,17.9,    1,
USW00093073,"ASPEN PITKIN CO AIRPORT SARDY FIELD, CO US",2024-05-22,39.22994,-106.87052,2339.9,15.0,-4.9,0.0,8.9,2.5,14.8,,
USW00093073,"ASPEN PITKIN CO AIRPORT SARDY FIELD, CO US",2024-05-23,39.22994,-106.87052,2339.9,17.2,0.0,9.9,11.6,3.2,18.8,    1,
USW00093073,"ASPEN PITKIN CO AIRPORT SARDY FIELD, CO US",2024-05-24,39.22994,-106.87052,2339.9,13.3,-2.7,0.0,11.2,2.3,14.8,,
USW00093073,"ASPEN PITKIN CO AIRPORT SARDY FIELD, CO US",2024-05-25,39.22994,-106.87052,2339.9,14.4,1.7,4.8,14.3,3.2,18.3,    1,
USW00093073,"ASPEN PITKIN CO AIRPORT SARDY FIELD, CO US",2024-05-26,39.22994,-106.87052,2339.9,13.9,1.1,0.0,6.3,2.4,9.8,,
USW00093073,"ASPEN PITKIN CO AIRPORT SARDY FIELD, CO US",2024-05-27,39.22994,-106.87052,2339.9,19.4,0.6,0.0,8.9,3.3,13.4,,
USW00093073,"ASPEN PITKIN CO AIRPORT SARDY FIELD, CO US",2024-05-28,39.22994,-106.87052,2339.9,22.2,2.2,0.0,9.4,3.1,14.8,,
USW00093073,"ASPEN PITKIN CO AIRPORT SARDY FIELD, CO US",2024-05-29,39.22994,-106.87052,2339.9,22.8,2.2,0.0,11.2,3.1,16.5,,
USW00093073,"ASPEN PITKIN CO AIRPORT SARDY FIELD, CO US",2024-05-30,39.22994,-106.87052,2339.9,21.1,2.2,0.0,8.9,3.0,13.4,,    1
USW00093073,"ASPEN PITKIN CO AIRPORT SARDY FIELD, CO US",2024-05-31,39.22994,-106.87052,2339.9,20.0,1.7,0.0,8.9,3.1,13.0,,
