STATION,NAME,DATE,LATITUDE,LONGITUDE,ELEVATION,TMAX,TMIN,PRCP,WSF2,AWND,WSF5,WT01,WT03
USW00093073,"ASPEN PITKIN CO AIRPORT SARDY FIELD, CO US",2023-07-01,39.22994,-106.87052,2339.9,24.4,3.3,0.0,6.3,2.7,9.8,,
USW00093073,"ASPEN PITKIN CO AIRPORT SARDY FIELD, CO US",2023-07-02,39.22994,-106.87052,2339.9,25.6,6.1,0.0,8.9,3.3,15.7,,    1
USW00093073,"ASPEN PITKIN CO AIRPORT SARDY FIELD, CO US",2023-07-03,39.22994,-106.87052,2339.9,27.8,7.2,0.0,11.6,2.8,17.0,,
USW00093073,"ASPEN PITKIN CO AIRPORT SARDY FIELD, CO US",2023-07-04,39.22994,-106.87052,2339.9,26.7,11.1,0.8,10.7,3.3,20.1,,
USW00093073,"ASPEN PITKIN CO AIRPORT SARDY FIELD, CO US",2023-07-05,39.22994,-106.87052,2339.9,26.7,6.7,0.5,7.6,3.0,11.6,,
USW00093073,"ASPEN PITKIN CO AIRPORT SARDY FIELD, CO US",2023-07-06,39.22994,-106.87052,2339.9,27.2,5.6,0.0,7.6,2.9,13.4,,
USW00093073,"ASPEN PITKIN CO AIRPORT SARDY FIELD, CO US",2023-07-07,39.22994,-106.87052,2339.9,27.8,6.1,0.0,8.9,2.4,14.8,,
USW00093073,"ASPEN PITKIN CO AIRPORT SARDY FIELD, CO US",2023-07-08,39.22994,-106.87052,2339.9,27.8,6.1,0.0,8.9,3.3,13.9,,
USW00093073,"ASPEN PITKIN CO AIRPORT SARDY FIELD, CO US",2023-07-09,39.22994,-106.87052,2339.9,28.9,4.4,0.0,8.1,3.5,13.9,,
USW00093073,"ASPEN PITKIN CO AIRPORT SARDY FIELD, CO US",2023-07-10,39.22994,-106.87052,2339.9,27.8,10.0,0.0,7.2,3.0,11.6,,    1
USW00093073,"ASPEN PITKIN CO AIRPORT SARDY FIELD, CO US",2023-07-11,39.22994,-106.87052,2339.9,28.3,8.3,0.0,8.1,3.6,13.0,,
USW00093073,"ASPEN PITKIN CO AIRPORT SARDY FIELD, CO US",2023-07-12,39.22994,-106.87052,2339.9,30.0,10.0,0.0,10.3,2.9,14.3,,
USW00093073,"ASPEN PITKIN CO AIRPORT SARDY FIELD, CO US",2023-07-13,39.22994,-106.87052,2339.9,28.9,8.3,0.0,8.1,3.0,13.0,,
USW00093073,"ASPEN PITKIN CO AIRPORT SARDY FIELD, CO US",2023-07-14,39.22994,-106.87052,2339.9,28.3,8.3,0.0,9.4,3.4,16.1,,
USW00093073,"ASPEN PITKIN CO AIRPORT SARDY FIELD, CO US",2023-07-15,39.22994,-106.87052,2339.9,27.8,6.7,0.0,8.9,4.0,14.3,,
USW00093073,"ASPEN PITKIN CO AIRPORT SARDY FIELD, CO US",2023-07-16,39.22994,-106.87052,2339.9,29.4,7.2,0.0,7.6,3.2,12.1,,
USW00093073,"ASPEN PITKIN CO AIRPORT SARDY FIELD, CO US",2023-07-17,39.22994,-106.87052,2339.9,32.2,10.6,0.0,8.1,3.0,14.3,,
USW00093073,"ASPEN PITKIN CO AIRPORT SARDY FIELD, CO US",2023-07-18,39.22994,-106.87052,2339.9,30.0,10.0,0.0,9.4,3.1,13.0,,    1
USW00093073,"ASPEN PITKIN CO AIRPORT SARDY FIELD, CO US",2023-07-19,39.22994,-106.87052,2339.9,28.9,11.7,0.0,8.9,3.2,11.2,,    1
USW00093073,"ASPEN PITKIN CO AIRPORT SARDY FIELD, CO US",2023-07-20,39.22994,-106.87052,2339.9,26.7,10.0,1.3,11.6,2.6,21.5,,    1
USW00093073,"ASPEN PITKIN CO AIRPORT SARDY FIELD, CO US",2023-07-21,39.22994,-106.87052,2339.9,28.3,8.9,0.0,6.3,2.6,9.8,,
USW00093073,"ASPEN PITKIN CO AIRPORT SARDY FIELD, CO US",2023-07-22,39.22994,-106.87052,2339.9,29.4,7.2,0.0,7.2,3.2,10.7,,
USW00093073,"ASPEN PITKIN CO AIRPORT SARDY FIELD, CO US",2023-07-23,39.22994,-106.87052,2339.9,31.7,9.4,0.0,8.1,3.5,11.6,,
USW00093073,"ASPEN PITKIN CO AIRPORT SARDY FIELD, CO US",2023-07-24,39.22994,-106.87052,2339.9,32.8,8.9,0.0,9.4,3.2,13.4,,
USW00093073,"ASPEN PITKIN CO AIRPORT SARDY FIELD, CO US",2023-07-25,39.22994,-106.87052,2339.9,30.0,11.7,0.0,11.2,2.9,18.8,,    1
USW00093073,"ASPEN PITKIN CO AIRPORT SARDY FIELD, CO US",2023-07-26,39.22994,-106.87052,2339.9,30.0,10.6,0.0,11.6,2.9,19.2,,    1
USW00093073,"ASPEN PITKIN CO AIRPORT SARDY FIELD, CO US",2023-07-27,39.22994,-106.87052,2339.9,29.4,9.4,0.0,8.9,3.9,13.0,,    1
USW00093073,"ASPEN PITKIN CO AIRPORT SARDY FIELD, CO US",2023-07-28,39.22994,-106.87052,2339.9,30.0,12.8,0.0,10.3,3.9,16.5,,
USW00093073,"ASPEN PITKIN CO AIRPORT SARDY FIELD, CO US",2023-07-29,39.22994,-106.87052,2339.9,30.6,9.4,0.0,12.5,3.5,16.1,,    1
USW00093073,"ASPEN PITKIN CO AIRPORT SARDY FIELD, CO US",2023-07-30,39.22994,-106.87052,2339.9,28.3,11.1,0.3,11.2,3.3,17.0,,    1
USW00093073,"ASPEN PITKIN CO AIRPORT SARDY FIELD, CO US",2023-07-31,39.22994,-106.87052,2339.9,28.9,10.6,25.9,10.7,2.6,15.7,,    1
