STATION,NAME,DATE,LATITUDE,LONGITUDE,ELEVATION,TMAX,TMIN,PRCP,WSF2,AWND,WSF5,WT01,WT03
USW00093073,"ASPEN PITKIN CO AIRPORT SARDY FIELD, CO US",2023-06-01,39.22994,-106.87052,2339.9,17.2,4.4,5.3,8.1,2.4,12.1,    1,
USW00093073,"ASPEN PITKIN CO AIRPORT SARDY FIELD, CO US",2023-06-02,39.22994,-106.87052,2339.9,7.2,3.9,18.0,4.0,1.5,5.8,    1,
USW00093073,"ASPEN PITKIN CO AIRPORT SARDY FIELD, CO US",2023-06-03,39.22994,-106.87052,2339.9,15.6,5.6,0.5,5.4,1.5,8.1,,
USW00093073,"ASPEN PITKIN CO AIRPORT SARDY FIELD, CO US",2023-06-04,39.22994,-106.87052,2339.9,18.3,3.3,0.0,8.9,2.7,12.1,,    1
USW00093073,"ASPEN PITKIN CO AIRPORT SARDY FIELD, CO US",2023-06-05,39.22994,-106.87052,2339.9,22.2,2.8,0.0,8.1,2.5,14.3,,
USW00093073,"ASPEN PITKIN CO AIRPORT SARDY FIELD, CO US",2023-06-06,39.22994,-106.87052,2339.9,22.2,3.3,0.0,8.1,2.6,11.2,,    1
USW00093073,"ASPEN PITKIN CO AIRPORT SARDY FIELD, CO US",2023-06-07,39.22994,-106.87052,2339.9,20.6,6.1,2.0,10.3,2.9,13.9,,    1
USW00093073,"ASPEN PITKIN CO AIRPORT SARDY FIELD, CO US",2023-06-08,39.22994,-106.87052,2339.9,22.2,4.4,0.0,8.9,2.6,11.6,,
USW00093073,"ASPEN PITKIN CO AIRPORT SARDY FIELD, CO US",2023-06-09,39.22994,-106.87052,2339.9,21.7,3.9,0.0,13.0,3.6,17.0,,
USW00093073,"ASPEN PITKIN CO AIRPORT SARDY FIELD, CO US",2023-06-10,39.22994,-106.87052,2339.9,22.2,3.9,0.0,9.4,3.0,14.3,,
USW00093073,"ASPEN PITKIN CO AIRPORT SARDY FIELD, CO US",2023-06-11,39.22994,-106.87052,2339.9,21.7,3.9,0.0,10.3,2.4,15.7,,    1
USW00093073,"ASPEN PITKIN CO AIRPORT SARDY FIELD, CO US",2023-06-12,39.22994,-106.87052,2339.9,16.1,3.3,1.3,14.8,2.7,21.0,,    1
USW00093073,"ASPEN PITKIN CO AIRPORT SARDY FIELD, CO US",2023-06-13,39.22994,-106.87052,2339.9,17.2,1.7,0.0,7.2,3.4,13.9,,
USW00093073,"ASPEN PITKIN CO AIRPORT SARDY FIELD, CO US",2023-06-14,39.22994,-106.87052,2339.9,20.6,3.9,0.0,8.9,2.7,13.0,,
USW00093073,"ASPEN PITKIN CO AIRPORT SARDY FIELD, CO US",2023-06-15,39.22994,-106.87052,2339.9,20.0,3.9,4.8,10.3,2.3,16.5,    1,
USW00093073,"ASPEN PITKIN CO AIRPORT SARDY FIELD, CO US",2023-06-16,39.22994,-106.87052,2339.9,16.1,4.4,0.5,10.3,2.1,13.9,,
USW00093073,"ASPEN PITKIN CO AIRPORT SARDY FIELD, CO US",2023-06-17,39.22994,-106.87052,2339.9,13.9,3.3,2.0,5.8,2.0,10.7,,    1
USW00093073,"ASPEN PITKIN CO AIRPORT SARDY FIELD, CO US",2023-06-18,39.22994,-106.87052,2339.9,22.2,2.8,0.0,10.3,2.9,14.3,,
USW00093073,"ASPEN PITKIN CO AIRPORT SARDY FIELD, CO US",2023-06-19,39.22994,-106.87052,2339.9,25.6,5.6,0.0,10.3,3.5,13.9,,
USW00093073,"ASPEN PITKIN CO AIRPORT SARDY FIELD, CO US",2023-06-20,39.22994,-106.87052,2339.9,24.4,5.0,0.0,9.4,3.2,14.3,,
USW00093073,"ASPEN PITKIN CO AIRPORT SARDY FIELD, CO US",2023-06-21,39.22994,-106.87052,2339.9,26.7,5.0,0.0,7.6,2.8,11.6,,
USW00093073,"ASPEN PITKIN CO AIRPORT SARDY FIELD, CO US",2023-06-22,39.22994,-106.87052,2339.9,26.7,7.2,0.0,7.2,3.4,10.7,,
USW00093073,"ASPEN PITKIN CO AIRPORT SARDY FIELD, CO US",2023-06-23,39.22994,-106.87052,2339.9,24.4,6.7,0.0,11.6,4.3,17.4,,
USW00093073,"ASPEN PITKIN CO AIRPORT SARDY FIELD, CO US",2023-06-24,39.22994,-106.87052,2339.9,22.8,2.2,0.0,6.7,3.1,11.2,,
USW00093073,"ASPEN PITKIN CO AIRPORT SARDY FIELD, CO US",2023-06-25,39.22994,-106.87052,2339.9,26.7,2.2,0.0,7.2,3.0,11.6,,
USW00093073,"ASPEN PITKIN CO AIRPORT SARDY FIELD, CO US",2023-06-26,39.22994,-106.87052,2339.9,27.2,6.1,0.0,11.6,3.4,17.9,,
USW00093073,"ASPEN PITKIN CO AIRPORT SARDY FIELD, CO US",2023-06-27,39.22994,-106.87052,2339.9,26.1,8.9,0.0,11.2,3.8,17.9,,
USW00093073,"ASPEN PITKIN CO AIRPORT SARDY FIELD, CO US",2023-06-28,39.22994,-106.87052,2339.9,26.1,4.4,0.0,8.9,2.9,13.4,,
USW00093073,"ASPEN PITKIN CO AIRPORT SARDY FIELD, CO US",2023-06-29,39.22994,-106.87052,2339.9,26.1,5.0,0.0,10.7,3.3,15.7,,
USW00093073,"ASPEN PITKIN CO AIRPORT SARDY FIELD, CO US",2023-06-30,39.22994,-106.87052,2339.9,21.1,3.9,0.8,11.2,2.6,15.7,,    1
