STATION,NAME,DATE,LATITUDE,LONGITUDE,ELEVATION,TMAX,TMIN,PRCP,SNOW,WSF2,WSF5,AWND,WT01,WT03
USW00053863,"ATLANTA DEKALB PEACHTREE AIRPORT, GA US",2023-06-01,33.87835,-84.29802,298.4,28.3,17.2,0.0,,4.0,6.7,0.7,,
USW00053863,"ATLANTA DEKALB PEACHTREE AIRPORT, GA US",2023-06-02,33.87835,-84.29802,298.4,30.0,16.7,0.0,,6.3,8.5,1.0,,
USW00053863,"ATLANTA DEKALB PEACHTREE AIRPORT, GA US",2023-06-03,33.87835,-84.29802,298.4,31.1,15.0,0.0,,6.3,9.8,1.2,,
USW00053863,"ATLANTA DEKALB PEACHTREE AIRPORT, GA US",2023-06-04,33.87835,-84.29802,298.4,28.3,17.2,5.1,,6.7,14.3,1.3,    1,    1
USW00053863,"ATLANTA DEKALB PEACHTREE AIRPORT, GA US",2023-06-05,33.87835,-84.29802,298.4,27.8,16.1,0.0,,4.0,5.4,1.2,    1,
USW00053863,"ATLANTA DEKALB PEACHTREE AIRPORT, GA US",2023-06-06,33.87835,-84.29802,298.4,31.7,18.3,6.4,,17.4,30.0,3.4,    1,    1
USW00053863,"ATLANTA DEKALB PEACHTREE AIRPORT, GA US",2023-06-07,33.87835,-84.29802,298.4,30.6,17.2,0.0,,7.6,10.3,2.5,    1,
USW00053863,"ATLANTA DEKALB PEACHTREE AIRPORT, GA US",2023-06-08,33.87835,-84.29802,298.4,28.3,16.1,0.0,,7.6,11.2,3.0,,
USW00053863,"ATLANTA DEKALB PEACHTREE AIRPORT, GA US",2023-06-09,33.87835,-84.29802,298.4,28.3,13.9,0.0,,6.7,9.4,1.7,,
USW00053863,"ATLANTA DEKALB PEACHTREE AIRPORT, GA US",2023-06-10,33.87835,-84.29802,298.4,30.0,12.8,0.0,,4.5,6.7,1.0,,
USW00053863,"ATLANTA DEKALB PEACHTREE AIRPORT, GA US",2023-06-11,33.87835,-84.29802,298.4,30.6,18.9,5.6,,10.7,14.3,2.3,    1,    1
USW00053863,"ATLANTA DEKALB PEACHTREE AIRPORT, GA US",2023-06-12,33.87835,-84.29802,298.4,26.1,17.8,2.5,,7.6,10.7,3.4,    1,    1
USW00053863,"ATLANTA DEKALB PEACHTREE AIRPORT, GA US",2023-06-13,33.87835,-84.29802,298.4,26.1,15.6,0.0,,7.2,10.3,3.0,,
USW00053863,"ATLANTA DEKALB PEACHTREE AIRPORT, GA US",2023-06-14,33.87835,-84.29802,298.4,25.6,18.3,9.4,,7.2,8.9,2.9,    1,    1
USW00053863,"ATLANTA DEKALB PEACHTREE AIRPORT, GA US",2023-06-15,33.87835,-84.29802,298.4,27.8,19.4,0.0,,6.3,9.4,3.4,    1,
USW00053863,"ATLANTA DEKALB PEACHTREE AIRPORT, GA US",2023-06-16,33.87835,-84.29802,298.4,30.6,21.1,0.0,,6.3,9.8,3.2,,
USW00053863,"ATLANTA DEKALB PEACHTREE AIRPORT, GA US",2023-06-17,33.87835,-84.29802,298.4,32.2,19.4,0.0,,6.7,9.4,2.1,,
USW00053863,"ATLANTA DEKALB PEACHTREE AIRPORT, GA US",2023-06-18,33.87835,-84.29802,298.4,30.0,16.1,0.0,,5.8,7.6,1.6,    1,
USW00053863,"ATLANTA DEKALB PEACHTREE AIRPORT, GA US",2023-06-19,33.87835,-84.29802,298.4,27.2,18.9,24.1,,7.6,11.6,3.4,    1,    1
USW00053863,"ATLANTA DEKALB PEACHTREE AIRPORT, GA US",2023-06-20,33.87835,-84.29802,298.4,28.3,20.6,1.0,,9.4,13.0,0.9,    1,
USW00053863,"ATLANTA DEKALB PEACHTREE AIRPORT, GA US",2023-06-21,33.87835,-84.29802,298.4,23.3,17.8,25.9,,5.8,10.7,2.4,    1,    1
USW00053863,"ATLANTA DEKALB PEACHTREE AIRPORT, GA US",2023-06-22,33.87835,-84.29802,298.4,25.6,17.2,0.3,,4.5,7.2,1.3,    1,
USW00053863,"ATLANTA DEKALB PEACHTREE AIRPORT, GA US",2023-06-23,33.87835,-84.29802,298.4,27.2,17.8,2.3,,10.7,16.5,1.7,    1,
USW00053863,"ATLANTA DEKALB PEACHTREE AIRPORT, GA US",2023-06-24,33.87835,-84.29802,298.4,30.6,16.7,0.0,,7.6,10.3,2.1,    1,
USW00053863,"ATLANTA DEKALB PEACHTREE AIRPORT, GA US",2023-06-25,33.87835,-84.29802,298.4,32.2,19.4,9.7,,17.4,24.6,2.7,    1,    1
USW00053863,"ATLANTA DEKALB PEACHTREE AIRPORT, GA US",2023-06-26,33.87835,-84.29802,298.4,31.7,17.8,0.0,,7.2,11.6,3.0,    1,    1
USW00053863,"ATLANTA DEKALB PEACHTREE AIRPORT, GA US",2023-06-27,33.87835,-84.29802,298.4,31.1,20.0,0.0,,8.1,11.6,3.4,,
USW00053863,"ATLANTA DEKALB PEACHTREE AIRPORT, GA US",2023-06-28,33.87835,-84.29802,298.4,31.1,17.8,0.0,,6.7,10.7,1.7,,
USW00053863,"ATLANTA DEKALB PEACHTREE AIRPORT, GA US",2023-06-29,33.87835,-84.29802,298.4,33.3,18.9,0.0,,6.7,8.9,1.4,    1,
USW00053863,"ATLANTA DEKALB PEACHTREE AIRPORT, GA US",2023-06-30,33.87835,-84.29802,298.4,30.0,20.0,3.0,,10.3,15.2,1.6,    1,    1
