STATION,NAME,DATE,LATITUDE,LONGITUDE,ELEVATION,TMAX,TMIN,PRCP,SNOW,WSF2,WSF5,AWND,WT01,WT03
USW00053863,"ATLANTA DEKALB PEACHTREE AIRPORT, GA US",2024-05-01,33.87835,-84.29802,298.4,28.9,10.6,0.0,,4.5,6.7,0.9,    1,
USW00053863,"ATLANTA DEKALB PEACHTREE AIRPORT, GA US",2024-05-02,33.87835,-84.29802,298.4,30.0,12.2,0.0,,6.7,9.8,1.2,,
USW00053863,"ATLANTA DEKALB PEACHTREE AIRPORT, GA US",2024-05-03,33.87835,-84.29802,298.4,30.0,18.9,0.3,,8.1,11.6,1.8,,    1
USW00053863,"ATLANTA DEKALB PEACHTREE AIRPORT, GA US",2024-05-04,33.87835,-84.29802,298.4,25.6,17.8,4.1,,5.8,8.9,1.3,    1,    1
USW00053863,"ATLANTA DEKALB PEACHTREE AIRPORT, GA US",2024-05-05,33.87835,-84.29802,298.4,29.4,16.7,26.4,,10.3,13.9,1.1,    1,    1
USW00053863,"ATLANTA DEKALB PEACHTREE AIRPORT, GA US",2024-05-06,33.87835,-84.29802,298.4,30.0,18.3,0.0,,8.1,11.6,2.5,    1,    1
USW00053863,"ATLANTA DEKALB PEACHTREE AIRPORT, GA US",2024-05-07,33.87835,-84.29802,298.4,28.3,18.3,0.0,,7.6,9.8,2.9,,
USW00053863,"ATLANTA DEKALB PEACHTREE AIRPORT, GA US",2024-05-08,33.87835,-84.29802,298.4,30.0,20.6,0.0,,7.2,10.3,3.2,,
USW00053863,"ATLANTA DEKALB PEACHTREE AIRPORT, GA US",2024-05-09,33.87835,-84.29802,298.4,25.0,17.8,12.2,,11.6,16.1,3.5,    1,    1
USW00053863,"ATLANTA DEKALB PEACHTREE AIRPORT, GA US",2024-05-10,33.87835,-84.29802,298.4,27.2,15.0,3.3,,9.8,13.9,4.7,    1,
USW00053863,"ATLANTA DEKALB PEACHTREE AIRPORT, GA US",2024-05-11,33.87835,-84.29802,298.4,23.3,10.0,0.0,,7.2,12.5,2.9,,
USW00053863,"ATLANTA DEKALB PEACHTREE AIRPORT, GA US",2024-05-12,33.87835,-84.29802,298.4,26.1,11.7,0.0,,5.8,8.1,1.0,,
USW00053863,"ATLANTA DEKALB PEACHTREE AIRPORT, GA US",2024-05-13,33.87835,-84.29802,298.4,18.9,15.0,1.0,,4.0,7.6,1.1,    1,
USW00053863,"ATLANTA DEKALB PEACHTREE AIRPORT, GA US",2024-05-14,33.87835,-84.29802,298.4,23.9,16.1,2.3,,3.6,5.4,0.8,    1,
USW00053863,"ATLANTA DEKALB PEACHTREE AIRPORT, GA US",2024-05-15,33.87835,-84.29802,298.4,26.7,16.1,0.3,,7.2,11.2,3.6,    1,
USW00053863,"ATLANTA DEKALB PEACHTREE AIRPORT, GA US",2024-05-16,33.87835,-84.29802,298.4,27.8,14.4,0.0,,7.2,12.1,2.9,,
USW00053863,"ATLANTA DEKALB PEACHTREE AIRPORT, GA US",2024-05-17,33.87835,-84.29802,298.4,22.2,16.7,0.3,,5.8,8.5,2.2,    1,
USW00053863,"ATLANTA DEKALB PEACHTREE AIRPORT, GA US",2024-05-18,33.87835,-84.29802,298.4,25.6,16.7,2.8,,6.3,8.1,1.9,    1,
USW00053863,"ATLANTA DEKALB PEACHTREE AIRPORT, GA US",2024-05-19,33.87835,-84.29802,298.4,27.8,16.1,0.0,,6.3,7.2,1.6,    1,
USW00053863,"ATLANTA DEKALB PEACHTREE AIRPORT, GA US",2024-05-20,33.87835,-84.29802,298.4,29.4,14.4,0.0,,3.6,6.3,0.7,,
USW00053863,"ATLANTA DEKALB PEACHTREE AIRPORT, GA US",2024-05-21,33.87835,-84.29802,298.4,29.4,17.2,0.0,,4.0,5.8,1.1,,
USW00053863,"ATLANTA DEKALB PEACHTREE AIRPORT, GA US",2024-05-22,33.87835,-84.29802,298.4,30.6,17.2,0.0,,5.8,8.5,1.9,,
USW00053863,"ATLANTA DEKALB PEACHTREE AIRPORT, GA US",2024-05-23,33.87835,-84.29802,298.4,31.1,18.3,0.0,,7.2,9.4,2.1,,
USW00053863,"ATLANTA DEKALB PEACHTREE AIRPORT, GA US",2024-05-24,33.87835,-84.29802,298.4,31.1,19.4,1.0,,7.6,9.8,1.4,,    1
USW00053863,"ATLANTA DEKALB PEACHTREE AIRPORT, GA US",2024-05-25,33.87835,-84.29802,298.4,28.9,18.9,1.0,,13.9,18.8,1.5,    1,    1
USW00053863,"ATLANTA DEKALB PEACHTREE AIRPORT, GA US",2024-05-26,33.87835,-84.29802,298.4,32.8,19.4,0.0,,10.3,13.4,2.8,    1,
USW00053863,"ATLANTA DEKALB PEACHTREE AIRPORT, GA US",2024-05-27,33.87835,-84.29802,298.4,30.0,17.8,,,11.2,19.2,3.3,    1,    1
USW00053863,"ATLANTA DEKALB PEACHTREE AIRPORT, GA US",2024-05-28,33.87835,-84.29802,298.4,29.4,17.2,0.0,,7.6,11.2,3.3,    1,
USW00053863,"ATLANTA DEKALB PEACHTREE AIRPORT, GA US",2024-05-29,33.87835,-84.29802,298.4,28.3,17.8,0.0,,8.9,13.9,3.8,,
USW00053863,"ATLANTA DEKALB PEACHTREE AIRPORT, GA US",2024-05-30,33.87835,-84.29802,298.4,27.2,13.9,0.0,,5.8,9.4,1.7,,
USW00053863,"ATLANTA DEKALB PEACHTREE AIRPORT, GA US",2024-05-31,33.87835,-84.29802,298.4,26.7,12.2,0.0,,4.0,8.5,1.6,,
