STATION,NAME,DATE,LATITUDE,LONGITUDE,ELEVATION,TMAX,TMIN,PRCP,SNOW,WSF2,AWND,WSF5,WT01,WT03
USW00004825,"APPLETON OUTAGAMIE CO AIRPORT, WI US",2021-05-01,44.26667,-88.51667,279.5,27.8,5.0,,,11.6,7.1,13.9,,
USW00004825,"APPLETON OUTAGAMIE CO AIRPORT, WI US",2021-05-02,44.26667,-88.51667,279.5,26.1,10.0,8.9,,8.1,5.0,12.5,    1,    1
USW00004825,"APPLETON OUTAGAMIE CO AIRPORT, WI US",2021-05-03,44.26667,-88.51667,279.5,12.2,10.0,,,5.4,3.7,7.2,    1,
USW00004825,"APPLETON OUTAGAMIE CO AIRPORT, WI US",2021-05-04,44.26667,-88.51667,279.5,12.8,5.0,,,8.1,5.5,12.5,,
USW00004825,"APPLETON OUTAGAMIE CO AIRPORT, WI US",2021-05-05,44.26667,-88.51667,279.5,15.0,2.2,,,4.5,3.2,8.9,,
