STATION,NAME,DATE,LATITUDE,LONGITUDE,ELEVATION,TMAX,TMIN,PRCP,SNOW,WSF2,AWND,WSF5,WT03,WT01
USW00003184,"PHOENIX DEER VALLEY MUNICIPAL AIRPORT, AZ US",2023-07-01,33.69021,-112.06616,453.4,42.8,23.3,0.0,,7.2,2.9,10.7,,
USW00003184,"PHOENIX DEER VALLEY MUNICIPAL AIRPORT, AZ US",2023-07-02,33.69021,-112.06616,453.4,43.9,25.0,0.0,,8.1,3.3,12.1,,
USW00003184,"PHOENIX DEER VALLEY MUNICIPAL AIRPORT, AZ US",2023-07-03,33.69021,-112.06616,453.4,44.4,25.0,0.0,,8.9,3.0,13.0,,
USW00003184,"PHOENIX DEER VALLEY MUNICIPAL AIRPORT, AZ US",2023-07-04,33.69021,-112.06616,453.4,42.2,27.2,0.0,,8.9,3.4,11.6,,
USW00003184,"PHOENIX DEER VALLEY MUNICIPAL AIRPORT, AZ US",2023-07-05,33.69021,-112.06616,453.4,41.1,24.4,0.0,0.0,9.8,2.7,13.0,,
USW00003184,"PHOENIX DEER VALLEY MUNICIPAL AIRPORT, AZ US",2023-07-06,33.69021,-112.06616,453.4,42.8,26.7,0.0,0.0,9.4,3.2,11.6,,
USW00003184,"PHOENIX DEER VALLEY MUNICIPAL AIRPORT, AZ US",2023-07-07,33.69021,-112.06616,453.4,41.7,25.6,0.0,,7.2,2.2,11.2,,
USW00003184,"PHOENIX DEER VALLEY MUNICIPAL AIRPORT, AZ US",2023-07-08,33.69021,-112.06616,453.4,41.1,23.9,0.0,,6.7,1.7,9.4,,
USW00003184,"PHOENIX DEER VALLEY MUNICIPAL AIRPORT, AZ US",2023-07-09,33.69021,-112.06616,453.4,41.7,26.1,0.0,0.0,6.3,2.0,9.4,,
USW00003184,"PHOENIX DEER VALLEY MUNICIPAL AIRPORT, AZ US",2023-07-10,33.69021,-112.06616,453.4,41.1,30.0,0.0,0.0,6.7,2.4,9.8,,
USW00003184,"PHOENIX DEER VALLEY MUNICIPAL AIRPORT, AZ US",2023-07-11,33.69021,-112.06616,453.4,40.6,31.1,0.0,,9.4,3.7,11.6,,
USW00003184,"PHOENIX DEER VALLEY MUNICIPAL AIRPORT, AZ US",2023-07-12,33.69021,-112.06616,453.4,41.1,31.7,0.0,,7.2,2.9,10.3,,
USW00003184,"PHOENIX DEER VALLEY MUNICIPAL AIRPORT, AZ US",2023-07-13,33.69021,-112.06616,453.4,43.3,31.7,0.0,,8.1,3.8,11.6,,
USW00003184,"PHOENIX DEER VALLEY MUNICIPAL AIRPORT, AZ US",2023-07-14,33.69021,-112.06616,453.4,44.4,31.7,0.0,,9.4,3.3,11.6,,
USW00003184,"PHOENIX DEER VALLEY MUNICIPAL AIRPORT, AZ US",2023-07-15,33.69021,-112.06616,453.4,46.1,29.4,0.0,,7.6,3.6,11.2,,
USW00003184,"PHOENIX DEER VALLEY MUNICIPAL AIRPORT, AZ US",2023-07-16,33.69021,-112.06616,453.4,43.3,32.8,0.0,,7.6,3.8,11.2,,
USW00003184,"PHOENIX DEER VALLEY MUNICIPAL AIRPORT, AZ US",2023-07-17,33.69021,-112.06616,453.4,45.0,32.8,0.0,,9.4,3.6,13.4,    1,
USW00003184,"PHOENIX DEER VALLEY MUNICIPAL AIRPORT, AZ US",2023-07-18,33.69021,-112.06616,453.4,45.0,31.7,0.0,,8.9,2.5,11.6,,
USW00003184,"PHOENIX DEER VALLEY MUNICIPAL AIRPORT, AZ US",2023-07-19,33.69021,-112.06616,453.4,45.6,28.9,0.0,,8.9,3.4,13.4,,
USW00003184,"PHOENIX DEER VALLEY MUNICIPAL AIRPORT, AZ US",2023-07-20,33.69021,-112.06616,453.4,46.7,30.6,0.0,,8.9,3.2,11.6,,
USW00003184,"PHOENIX DEER VALLEY MUNICIPAL AIRPORT, AZ US",2023-07-21,33.69021,-112.06616,453.4,43.9,29.4,0.0,,12.5,3.4,17.0,,
USW00003184,"PHOENIX DEER VALLEY MUNICIPAL AIRPORT, AZ US",2023-07-22,33.69021,-112.06616,453.4,45.0,31.7,0.0,,11.2,2.6,16.5,,
USW00003184,"PHOENIX DEER VALLEY MUNICIPAL AIRPORT, AZ US",2023-07-23,33.69021,-112.06616,453.4,42.8,30.6,0.0,,10.3,2.8,14.3,,
USW00003184,"PHOENIX DEER VALLEY MUNICIPAL AIRPORT, AZ US",2023-07-24,33.69021,-112.06616,453.4,43.9,31.7,0.0,,8.9,2.3,11.6,,
USW00003184,"PHOENIX DEER VALLEY MUNICIPAL AIRPORT, AZ US",2023-07-25,33.69021,-112.06616,453.4,45.6,31.7,0.0,,7.2,2.4,9.4,,
USW00003184,"PHOENIX DEER VALLEY MUNICIPAL AIRPORT, AZ US",2023-07-26,33.69021,-112.06616,453.4,46.7,27.2,0.0,,19.2,4.0,26.4,    1,
USW00003184,"PHOENIX DEER VALLEY MUNICIPAL AIRPORT, AZ US",2023-07-27,33.69021,-112.06616,453.4,44.4,29.4,0.0,,7.6,3.2,12.5,,
USW00003184,"PHOENIX DEER VALLEY MUNICIPAL AIRPORT, AZ US",2023-07-28,33.69021,-112.06616,453.4,43.9,31.7,0.0,,9.8,3.5,15.7,    1,
USW00003184,"PHOENIX DEER VALLEY MUNICIPAL AIRPORT, AZ US",2023-07-29,33.69021,-112.06616,453.4,43.9,31.1,0.0,,5.8,2.1,8.9,    1,
USW00003184,"PHOENIX DEER VALLEY MUNICIPAL AIRPORT, AZ US",2023-07-30,33.69021,-112.06616,453.4,41.7,31.7,0.0,,8.9,4.0,12.1,    1,
USW00003184,"PHOENIX DEER VALLEY MUNICIPAL AIRPORT, AZ US",2023-07-31,33.69021,-112.06616,453.4,39.4,27.2,0.0,,9.8,3.8,15.7,    1,
