STATION,NAME,DATE,LATITUDE,LONGITUDE,ELEVATION,TMAX,TMIN,PRCP,SNOW,WSF2,AWND,WSF5,WT03,WT01
USW00003184,"PHOENIX DEER VALLEY MUNICIPAL AIRPORT, AZ US",2023-06-01,33.69021,-112.06616,453.4,31.1,18.3,0.0,,7.6,2.1,10.7,,
USW00003184,"PHOENIX DEER VALLEY MUNICIPAL AIRPORT, AZ US",2023-06-02,33.69021,-112.06616,453.4,33.3,18.3,0.0,,7.2,2.2,9.4,,
USW00003184,"PHOENIX DEER VALLEY MUNICIPAL AIRPORT, AZ US",2023-06-03,33.69021,-112.06616,453.4,36.1,18.9,0.0,,6.7,2.4,10.3,,
USW00003184,"PHOENIX DEER VALLEY MUNICIPAL AIRPORT, AZ US",2023-06-04,33.69021,-112.06616,453.4,37.8,20.0,0.0,,6.7,2.3,9.4,,
USW00003184,"PHOENIX DEER VALLEY MUNICIPAL AIRPORT, AZ US",2023-06-05,33.69021,-112.06616,453.4,38.9,20.6,0.0,,11.2,3.7,15.2,,
USW00003184,"PHOENIX DEER VALLEY MUNICIPAL AIRPORT, AZ US",2023-06-06,33.69021,-112.06616,453.4,35.0,18.3,0.0,,9.8,3.5,13.9,,
USW00003184,"PHOENIX DEER VALLEY MUNICIPAL AIRPORT, AZ US",2023-06-07,33.69021,-112.06616,453.4,33.3,16.1,0.0,,7.2,2.5,11.6,,
USW00003184,"PHOENIX DEER VALLEY MUNICIPAL AIRPORT, AZ US",2023-06-08,33.69021,-112.06616,453.4,33.3,17.2,0.0,,7.2,2.0,13.4,,
USW00003184,"PHOENIX DEER VALLEY MUNICIPAL AIRPORT, AZ US",2023-06-09,33.69021,-112.06616,453.4,33.3,16.7,0.0,0.0,6.7,2.1,8.9,,
USW00003184,"PHOENIX DEER VALLEY MUNICIPAL AIRPORT, AZ US",2023-06-10,33.69021,-112.06616,453.4,35.6,17.2,0.0,0.0,7.6,2.5,10.7,,
USW00003184,"PHOENIX DEER VALLEY MUNICIPAL AIRPORT, AZ US",2023-06-11,33.69021,-112.06616,453.4,32.2,17.2,0.0,0.0,10.3,4.7,16.5,,
USW00003184,"PHOENIX DEER VALLEY MUNICIPAL AIRPORT, AZ US",2023-06-12,33.69021,-112.06616,453.4,31.1,18.9,0.0,0.0,7.2,2.5,9.4,,
USW00003184,"PHOENIX DEER VALLEY MUNICIPAL AIRPORT, AZ US",2023-06-13,33.69021,-112.06616,453.4,33.3,19.4,0.0,,6.3,2.0,10.3,,
USW00003184,"PHOENIX DEER VALLEY MUNICIPAL AIRPORT, AZ US",2023-06-14,33.69021,-112.06616,453.4,35.6,18.9,0.0,,8.9,2.8,11.2,,
USW00003184,"PHOENIX DEER VALLEY MUNICIPAL AIRPORT, AZ US",2023-06-15,33.69021,-112.06616,453.4,35.6,21.7,0.0,0.0,7.2,2.2,10.3,,
USW00003184,"PHOENIX DEER VALLEY MUNICIPAL AIRPORT, AZ US",2023-06-16,33.69021,-112.06616,453.4,36.7,20.0,0.0,,7.2,2.5,13.4,,
USW00003184,"PHOENIX DEER VALLEY MUNICIPAL AIRPORT, AZ US",2023-06-17,33.69021,-112.06616,453.4,37.2,21.1,0.0,,6.3,2.5,9.4,,
USW00003184,"PHOENIX DEER VALLEY MUNICIPAL AIRPORT, AZ US",2023-06-18,33.69021,-112.06616,453.4,39.4,21.7,0.0,,11.6,3.7,16.1,,
USW00003184,"PHOENIX DEER VALLEY MUNICIPAL AIRPORT, AZ US",2023-06-19,33.69021,-112.06616,453.4,37.8,20.0,0.0,,10.7,3.8,14.3,,
USW00003184,"PHOENIX DEER VALLEY MUNICIPAL AIRPORT, AZ US",2023-06-20,33.69021,-112.06616,453.4,37.2,22.8,0.0,,9.4,3.0,11.6,,
USW00003184,"PHOENIX DEER VALLEY MUNICIPAL AIRPORT, AZ US",2023-06-21,33.69021,-112.06616,453.4,38.3,21.1,0.0,,7.6,3.0,11.6,,
USW00003184,"PHOENIX DEER VALLEY MUNICIPAL AIRPORT, AZ US",2023-06-22,33.69021,-112.06616,453.4,37.8,19.4,0.0,,7.2,2.5,10.3,,
USW00003184,"PHOENIX DEER VALLEY MUNICIPAL AIRPORT, AZ US",2023-06-23,33.69021,-112.06616,453.4,35.0,21.1,0.0,,6.7,2.6,12.1,,
USW00003184,"PHOENIX DEER VALLEY MUNICIPAL AIRPORT, AZ US",2023-06-24,33.69021,-112.06616,453.4,37.2,16.1,0.0,,6.3,2.0,8.9,,
USW00003184,"PHOENIX DEER VALLEY MUNICIPAL AIRPORT, AZ US",2023-06-25,33.69021,-112.06616,453.4,40.6,21.1,0.0,,7.6,2.2,10.3,,
USW00003184,"PHOENIX DEER VALLEY MUNICIPAL AIRPORT, AZ US",2023-06-26,33.69021,-112.06616,453.4,40.6,23.3,0.0,,7.2,2.1,9.8,,
USW00003184,"PHOENIX DEER VALLEY MUNICIPAL AIRPORT, AZ US",2023-06-27,33.69021,-112.06616,453.4,39.4,21.1,0.0,,8.9,2.8,12.5,,
USW00003184,"PHOENIX DEER VALLEY MUNICIPAL AIRPORT, AZ US",2023-06-28,33.69021,-112.06616,453.4,38.9,22.2,0.0,,8.1,2.5,12.5,,
USW00003184,"PHOENIX DEER VALLEY MUNICIPAL AIRPORT, AZ US",2023-06-29,33.69021,-112.06616,453.4,38.3,21.7,0.0,,6.3,2.1,8.1,,
USW00003184,"PHOENIX DEER VALLEY MUNICIPAL AIRPORT, AZ US",2023-06-30,33.69021,-112.06616,453.4,41.1,21.7,0.0,,6.7,2.2,11.6,,
