STATION,NAME,DATE,LATITUDE,LONGITUDE,ELEVATION,TMAX,TMIN,PRCP,SNOW,WSF2,AWND,WSF5,WT03,WT01
USW00003184,"PHOENIX DEER VALLEY MUNICIPAL AIRPORT, AZ US",2024-05-01,33.69021,-112.06616,453.4,31.1,16.1,0.0,,6.7,1.9,8.9,,
USW00003184,"PHOENIX DEER VALLEY MUNICIPAL AIRPORT, AZ US",2024-05-02,33.69021,-112.06616,453.4,31.7,16.7,0.0,,6.7,2.4,8.9,,
USW00003184,"PHOENIX DEER VALLEY MUNICIPAL AIRPORT, AZ US",2024-05-03,33.69021,-112.06616,453.4,32.2,17.2,0.0,,6.7,2.5,10.3,,
USW00003184,"PHOENIX DEER VALLEY MUNICIPAL AIRPORT, AZ US",2024-05-04,33.69021,-112.06616,453.4,32.2,15.0,0.0,,7.6,2.9,11.2,,
USW00003184,"PHOENIX DEER VALLEY MUNICIPAL AIRPORT, AZ US",2024-05-05,33.69021,-112.06616,453.4,27.2,17.2,0.0,,12.5,5.6,17.4,,
USW00003184,"PHOENIX DEER VALLEY MUNICIPAL AIRPORT, AZ US",2024-05-06,33.69021,-112.06616,453.4,28.9,11.1,0.0,,8.9,2.3,12.1,,
USW00003184,"PHOENIX DEER VALLEY MUNICIPAL AIRPORT, AZ US",2024-05-07,33.69021,-112.06616,453.4,30.0,12.2,0.0,,8.1,2.7,11.2,,
USW00003184,"PHOENIX DEER VALLEY MUNICIPAL AIRPORT, AZ US",2024-05-08,33.69021,-112.06616,453.4,30.6,14.4,0.0,,8.1,3.5,10.7,,
USW00003184,"PHOENIX DEER VALLEY MUNICIPAL AIRPORT, AZ US",2024-05-09,33.69021,-112.06616,453.4,28.9,11.1,0.0,,6.7,2.5,9.4,,
USW00003184,"PHOENIX DEER VALLEY MUNICIPAL AIRPORT, AZ US",2024-05-10,33.69021,-112.06616,453.4,31.1,13.9,0.0,,7.2,1.9,8.9,,
USW00003184,"PHOENIX DEER VALLEY MUNICIPAL AIRPORT, AZ US",2024-05-11,33.69021,-112.06616,453.4,32.2,14.4,0.0,,9.8,2.7,13.9,,
USW00003184,"PHOENIX DEER VALLEY MUNICIPAL AIRPORT, AZ US",2024-05-12,33.69021,-112.06616,453.4,33.3,16.1,0.0,,6.3,2.3,9.8,,
USW00003184,"PHOENIX DEER VALLEY MUNICIPAL AIRPORT, AZ US",2024-05-13,33.69021,-112.06616,453.4,36.1,18.3,0.0,,7.6,3.0,10.7,,
USW00003184,"PHOENIX DEER VALLEY MUNICIPAL AIRPORT, AZ US",2024-05-14,33.69021,-112.06616,453.4,35.0,20.0,0.0,0.0,7.6,2.4,10.7,,
USW00003184,"PHOENIX DEER VALLEY MUNICIPAL AIRPORT, AZ US",2024-05-15,33.69021,-112.06616,453.4,34.4,18.3,0.0,0.0,9.4,3.3,13.9,,
USW00003184,"PHOENIX DEER VALLEY MUNICIPAL AIRPORT, AZ US",2024-05-16,33.69021,-112.06616,453.4,34.4,21.7,0.3,,8.9,3.8,12.1,,
USW00003184,"PHOENIX DEER VALLEY MUNICIPAL AIRPORT, AZ US",2024-05-17,33.69021,-112.06616,453.4,36.7,18.3,0.0,,7.6,2.2,12.1,,
USW00003184,"PHOENIX DEER VALLEY MUNICIPAL AIRPORT, AZ US",2024-05-18,33.69021,-112.06616,453.4,37.2,18.9,0.0,,9.8,2.8,12.5,,
USW00003184,"PHOENIX DEER VALLEY MUNICIPAL AIRPORT, AZ US",2024-05-19,33.69021,-112.06616,453.4,35.0,17.8,0.0,,9.4,3.1,13.9,,
USW00003184,"PHOENIX DEER VALLEY MUNICIPAL AIRPORT, AZ US",2024-05-20,33.69021,-112.06616,453.4,29.4,17.2,0.0,,9.8,3.0,13.9,,
USW00003184,"PHOENIX DEER VALLEY MUNICIPAL AIRPORT, AZ US",2024-05-21,33.69021,-112.06616,453.4,32.8,14.4,0.0,,7.6,2.1,11.2,,
USW00003184,"PHOENIX DEER VALLEY MUNICIPAL AIRPORT, AZ US",2024-05-22,33.69021,-112.06616,453.4,33.3,15.0,0.0,,8.1,2.2,10.3,,
USW00003184,"PHOENIX DEER VALLEY MUNICIPAL AIRPORT, AZ US",2024-05-23,33.69021,-112.06616,453.4,33.9,17.2,0.0,,8.1,3.1,12.1,,
USW00003184,"PHOENIX DEER VALLEY MUNICIPAL AIRPORT, AZ US",2024-05-24,33.69021,-112.06616,453.4,34.4,17.8,0.0,,10.3,3.5,13.9,,
USW00003184,"PHOENIX DEER VALLEY MUNICIPAL AIRPORT, AZ US",2024-05-25,33.69021,-112.06616,453.4,30.6,21.1,0.0,,10.3,4.3,14.3,,
USW00003184,"PHOENIX DEER VALLEY MUNICIPAL AIRPORT, AZ US",2024-05-26,33.69021,-112.06616,453.4,33.9,16.7,0.0,,5.8,1.7,8.1,,
USW00003184,"PHOENIX DEER VALLEY MUNICIPAL AIRPORT, AZ US",2024-05-27,33.69021,-112.06616,453.4,36.7,18.3,0.0,,6.3,2.2,10.3,,
USW00003184,"PHOENIX DEER VALLEY MUNICIPAL AIRPORT, AZ US",2024-05-28,33.69021,-112.06616,453.4,38.3,20.0,0.0,,7.2,2.1,10.7,,
USW00003184,"PHOENIX DEER VALLEY MUNICIPAL AIRPORT, AZ US",2024-05-29,33.69021,-112.06616,453.4,36.7,21.1,0.0,,7.2,2.3,10.3,,
USW00003184,"PHOENIX DEER VALLEY MUNICIPAL AIRPORT, AZ US",2024-05-30,33.69021,-112.06616,453.4,37.8,19.4,0.0,,6.3,2.3,9.8,,
USW00003184,"PHOENIX DEER VALLEY MUNICIPAL AIRPORT, AZ US",2024-05-31,33.69021,-112.06616,453.4,38.9,18.9,0.0,,6.3,1.9,9.4,,
