STATION,NAME,DATE,LATITUDE,LONGITUDE,ELEVATION,TMAX,TMIN,PRCP,SNOW,WSF2,WSF5,AWND,WT01,WT03
USW00094815,"KALAMAZOO BATTLE CREEK INTERNATIONAL AIRPORT, MI US",2022-05-01,42.22826,-85.546,263.3,15.6,9.4,1.8,,9.8,13.9,4.2,    1,
USW00094815,"KALAMAZOO BATTLE CREEK INTERNATIONAL AIRPORT, MI US",2022-05-02,42.22826,-85.546,263.3,12.2,7.8,0.0,,6.7,9.8,3.2,,
USW00094815,"KALAMAZOO BATTLE CREEK INTERNATIONAL AIRPORT, MI US",2022-05-03,42.22826,-85.546,263.3,11.7,8.9,28.7,,7.6,11.2,3.7,    1,
USW00094815,"KALAMAZOO BATTLE CREEK INTERNATIONAL AIRPORT, MI US",2022-05-04,42.22826,-85.546,263.3,16.7,7.8,0.0,,7.6,10.7,2.6,,
USW00094815,"KALAMAZOO BATTLE CREEK INTERNATIONAL AIRPORT, MI US",2022-05-05,42.22826,-85.546,263.3,15.6,4.4,2.0,,3.6,6.3,1.4,    1,
USW00094815,"KALAMAZOO BATTLE CREEK INTERNATIONAL AIRPORT, MI US",2022-05-06,42.22826,-85.546,263.3,13.3,9.4,15.2,,8.1,11.6,4.0,    1,
USW00094815,"KALAMAZOO BATTLE CREEK INTERNATIONAL AIRPORT, MI US",2022-05-07,42.22826,-85.546,263.3,20.6,4.4,0.0,,8.1,13.4,3.8,,
USW00094815,"KALAMAZOO BATTLE CREEK INTERNATIONAL AIRPORT, MI US",2022-05-08,42.22826,-85.546,263.3,20.0,2.2,0.0,,5.8,10.3,2.5,,
USW00094815,"KALAMAZOO BATTLE CREEK INTERNATIONAL AIRPORT, MI US",2022-05-09,42.22826,-85.546,263.3,26.1,8.9,0.0,,8.9,16.1,4.2,,
USW00094815,"KALAMAZOO BATTLE CREEK INTERNATIONAL AIRPORT, MI US",2022-05-10,42.22826,-85.546,263.3,29.4,18.9,0.0,,7.6,9.4,2.9,,
USW00094815,"KALAMAZOO BATTLE CREEK INTERNATIONAL AIRPORT, MI US",2022-05-11,42.22826,-85.546,263.3,31.7,19.4,0.0,,5.4,8.9,2.1,,
USW00094815,"KALAMAZOO BATTLE CREEK INTERNATIONAL AIRPORT, MI US",2022-05-12,42.22826,-85.546,263.3,30.6,16.7,0.0,,7.2,10.3,2.2,,
USW00094815,"KALAMAZOO BATTLE CREEK INTERNATIONAL AIRPORT, MI US",2022-05-13,42.22826,-85.546,263.3,30.6,15.0,0.0,,6.7,8.1,2.4,,
USW00094815,"KALAMAZOO BATTLE CREEK INTERNATIONAL AIRPORT, MI US",2022-05-14,42.22826,-85.546,263.3,30.0,15.6,0.0,,8.1,12.5,3.0,,
USW00094815,"KALAMAZOO BATTLE CREEK INTERNATIONAL AIRPORT, MI US",2022-05-15,42.22826,-85.546,263.3,28.3,13.3,4.6,,8.9,10.3,2.5,,
USW00094815,"KALAMAZOO BATTLE CREEK INTERNATIONAL AIRPORT, MI US",2022-05-16,42.22826,-85.546,263.3,23.3,11.7,0.0,,10.7,15.7,3.6,,
USW00094815,"KALAMAZOO BATTLE CREEK INTERNATIONAL AIRPORT, MI US",2022-05-17,42.22826,-85.546,263.3,20.6,9.4,0.0,,7.6,11.2,3.6,,
USW00094815,"KALAMAZOO BATTLE CREEK INTERNATIONAL AIRPORT, MI US",2022-05-18,42.22826,-85.546,263.3,16.1,11.1,6.9,,6.3,9.4,1.6,    1,
USW00094815,"KALAMAZOO BATTLE CREEK INTERNATIONAL AIRPORT, MI US",2022-05-19,42.22826,-85.546,263.3,26.7,11.1,3.0,,7.2,10.3,3.8,    1,    1
USW00094815,"KALAMAZOO BATTLE CREEK INTERNATIONAL AIRPORT, MI US",2022-05-20,42.22826,-85.546,263.3,30.0,18.9,0.0,,13.9,19.2,5.8,,
USW00094815,"KALAMAZOO BATTLE CREEK INTERNATIONAL AIRPORT, MI US",2022-05-21,42.22826,-85.546,263.3,20.6,13.9,5.8,,8.9,11.2,3.1,    1,    1
USW00094815,"KALAMAZOO BATTLE CREEK INTERNATIONAL AIRPORT, MI US",2022-05-22,42.22826,-85.546,263.3,16.1,7.2,0.0,,9.4,14.3,4.5,,
USW00094815,"KALAMAZOO BATTLE CREEK INTERNATIONAL AIRPORT, MI US",2022-05-23,42.22826,-85.546,263.3,18.9,3.9,0.0,,5.4,8.9,1.9,,
USW00094815,"KALAMAZOO BATTLE CREEK INTERNATIONAL AIRPORT, MI US",2022-05-24,42.22826,-85.546,263.3,21.7,6.1,0.0,,5.4,8.9,2.0,,
USW00094815,"KALAMAZOO BATTLE CREEK INTERNATIONAL AIRPORT, MI US",2022-05-25,42.22826,-85.546,263.3,23.9,12.2,8.6,,5.4,8.9,3.0,    1,
USW00094815,"KALAMAZOO BATTLE CREEK INTERNATIONAL AIRPORT, MI US",2022-05-26,42.22826,-85.546,263.3,23.9,17.2,0.8,,7.6,10.7,3.4,,
USW00094815,"KALAMAZOO BATTLE CREEK INTERNATIONAL AIRPORT, MI US",2022-05-27,42.22826,-85.546,263.3,21.1,13.9,3.6,,6.7,8.5,2.6,    1,
USW00094815,"KALAMAZOO BATTLE CREEK INTERNATIONAL AIRPORT, MI US",2022-05-28,42.22826,-85.546,263.3,24.4,8.9,0.0,,5.4,6.7,1.8,,
USW00094815,"KALAMAZOO BATTLE CREEK INTERNATIONAL AIRPORT, MI US",2022-05-29,42.22826,-85.546,263.3,28.3,15.6,0.0,,8.1,12.5,4.1,,
USW00094815,"KALAMAZOO BATTLE CREEK INTERNATIONAL AIRPORT, MI US",2022-05-30,42.22826,-85.546,263.3,31.1,18.9,0.0,,9.8,13.4,5.5,,
USW00094815,"KALAMAZOO BATTLE CREEK INTERNATIONAL AIRPORT, MI US",2022-05-31,42.22826,-85.546,263.3,33.3,21.7,0.0,,10.3,14.8,5.3,,
