STATION,NAME,DATE,LATITUDE,LONGITUDE,ELEVATION,TMAX,TMIN,PRCP,SNOW,WSF2,AWND,WSF5,WT01,WT03
USW00024217,"BELLINGHAM INTERNATIONAL AIRPORT, WA US",2024-07-01,48.7991,-122.54069,45.9,20.6,13.3,0.0,,6.3,3.5,10.7,,
USW00024217,"BELLINGHAM INTERNATIONAL AIRPORT, WA US",2024-07-02,48.7991,-122.54069,45.9,18.3,11.7,0.0,,7.2,4.3,11.2,,
USW00024217,"BELLINGHAM INTERNATIONAL AIRPORT, WA US",2024-07-03,48.7991,-122.54069,45.9,22.2,11.1,0.0,,6.3,2.4,8.9,,
USW00024217,"BELLINGHAM INTERNATIONAL AIRPORT, WA US",2024-07-04,48.7991,-122.54069,45.9,23.3,10.6,0.0,,5.4,0.9,7.2,,
USW00024217,"BELLINGHAM INTERNATIONAL AIRPORT, WA US",2024-07-05,48.7991,-122.54069,45.9,26.1,11.7,0.0,,4.5,1.3,6.3,    1,
USW00024217,"BELLINGHAM INTERNATIONAL AIRPORT, WA US",2024-07-06,48.7991,-122.54069,45.9,26.1,13.9,0.0,,4.0,1.5,6.7,,
USW00024217,"BELLINGHAM INTERNATIONAL AIRPORT, WA US",2024-07-07,48.7991,-122.54069,45.9,29.4,12.8,0.0,,4.0,1.3,6.3,    1,
USW00024217,"BELLINGHAM INTERNATIONAL AIRPORT, WA US",2024-07-08,48.7991,-122.54069,45.9,29.4,12.8,0.0,,4.5,1.1,5.4,,
USW00024217,"BELLINGHAM INTERNATIONAL AIRPORT, WA US",2024-07-09,48.7991,-122.54069,45.9,31.1,13.3,0.0,,4.5,1.7,7.6,,
USW00024217,"BELLINGHAM INTERNATIONAL AIRPORT, WA US",2024-07-10,48.7991,-122.54069,45.9,25.0,15.0,0.0,,7.2,4.1,11.6,,
USW00024217,"BELLINGHAM INTERNATIONAL AIRPORT, WA US",2024-07-11,48.7991,-122.54069,45.9,23.9,14.4,0.0,,5.8,2.9,9.4,,
USW00024217,"BELLINGHAM INTERNATIONAL AIRPORT, WA US",2024-07-12,48.7991,-122.54069,45.9,24.4,13.3,0.0,,4.5,1.8,7.6,,
USW00024217,"BELLINGHAM INTERNATIONAL AIRPORT, WA US",2024-07-13,48.7991,-122.54069,45.9,25.6,12.8,0.0,,4.5,1.3,6.7,,
USW00024217,"BELLINGHAM INTERNATIONAL AIRPORT, WA US",2024-07-14,48.7991,-122.54069,45.9,25.6,14.4,0.0,,7.2,2.9,13.0,,
USW00024217,"BELLINGHAM INTERNATIONAL AIRPORT, WA US",2024-07-15,48.7991,-122.54069,45.9,21.7,13.9,0.0,,7.6,4.2,13.0,,
USW00024217,"BELLINGHAM INTERNATIONAL AIRPORT, WA US",2024-07-16,48.7991,-122.54069,45.9,28.3,12.2,0.0,,4.0,1.2,6.3,    1,
USW00024217,"BELLINGHAM INTERNATIONAL AIRPORT, WA US",2024-07-17,48.7991,-122.54069,45.9,26.1,13.3,0.0,,7.6,2.6,12.5,    1,
USW00024217,"BELLINGHAM INTERNATIONAL AIRPORT, WA US",2024-07-18,48.7991,-122.54069,45.9,22.2,15.6,0.0,,7.6,4.4,12.1,,
USW00024217,"BELLINGHAM INTERNATIONAL AIRPORT, WA US",2024-07-19,48.7991,-122.54069,45.9,24.4,14.4,0.0,,6.3,2.8,8.5,,
USW00024217,"BELLINGHAM INTERNATIONAL AIRPORT, WA US",2024-07-20,48.7991,-122.54069,45.9,28.3,12.2,0.0,,4.5,2.0,8.1,,
USW00024217,"BELLINGHAM INTERNATIONAL AIRPORT, WA US",2024-07-21,48.7991,-122.54069,45.9,22.8,15.0,0.0,,6.3,3.1,9.4,,
USW00024217,"BELLINGHAM INTERNATIONAL AIRPORT, WA US",2024-07-22,48.7991,-122.54069,45.9,19.4,13.3,0.0,,9.4,5.5,13.4,,
USW00024217,"BELLINGHAM INTERNATIONAL AIRPORT, WA US",2024-07-23,48.7991,-122.54069,45.9,22.2,11.7,0.0,,5.4,2.4,8.1,,
USW00024217,"BELLINGHAM INTERNATIONAL AIRPORT, WA US",2024-07-24,48.7991,-122.54069,45.9,20.0,10.6,0.0,,6.7,3.7,10.3,,
USW00024217,"BELLINGHAM INTERNATIONAL AIRPORT, WA US",2024-07-25,48.7991,-122.54069,45.9,18.9,10.6,0.0,,7.2,4.1,11.2,,
USW00024217,"BELLINGHAM INTERNATIONAL AIRPORT, WA US",2024-07-26,48.7991,-122.54069,45.9,23.3,8.3,0.0,,5.4,1.5,7.2,    1,
USW00024217,"BELLINGHAM INTERNATIONAL AIRPORT, WA US",2024-07-27,48.7991,-122.54069,45.9,22.2,12.2,0.0,,5.4,2.8,8.1,,
USW00024217,"BELLINGHAM INTERNATIONAL AIRPORT, WA US",2024-07-28,48.7991,-122.54069,45.9,20.0,13.9,0.0,,7.6,4.5,12.5,,
USW00024217,"BELLINGHAM INTERNATIONAL AIRPORT, WA US",2024-07-29,48.7991,-122.54069,45.9,17.8,15.0,24.4,,5.8,2.8,8.9,    1,
USW00024217,"BELLINGHAM INTERNATIONAL AIRPORT, WA US",2024-07-30,48.7991,-122.54069,45.9,20.6,15.6,1.5,,4.5,2.0,6.7,    1,
USW00024217,"BELLINGHAM INTERNATIONAL AIRPORT, WA US",2024-07-31,48.7991,-122.54069,45.9,23.9,14.4,0.0,,5.4,2.2,8.5,,
