STATION,NAME,DATE,LATITUDE,LONGITUDE,ELEVATION,TMAX,TMIN,PRCP,SNOW,WSF2,AWND,WSF5,WT01,WT03
USW00024217,"BELLINGHAM INTERNATIONAL AIRPORT, WA US",2021-08-01,48.7991,-122.54069,45.9,21.7,16.1,0.0,,7.6,3.8,12.5,,
USW00024217,"BELLINGHAM INTERNATIONAL AIRPORT, WA US",2021-08-02,48.7991,-122.54069,45.9,25.6,16.1,0.0,,5.8,2.8,8.9,,
USW00024217,"BELLINGHAM INTERNATIONAL AIRPORT, WA US",2021-08-03,48.7991,-122.54069,45.9,26.7,12.8,0.0,,7.2,2.9,12.1,    1,
USW00024217,"BELLINGHAM INTERNATIONAL AIRPORT, WA US",2021-08-04,48.7991,-122.54069,45.9,28.3,15.0,0.0,,5.4,2.9,8.9,,
USW00024217,"BELLINGHAM INTERNATIONAL AIRPORT, WA US",2021-08-05,48.7991,-122.54069,45.9,23.9,17.2,0.0,,8.9,5.1,13.9,,
USW00024217,"BELLINGHAM INTERNATIONAL AIRPORT, WA US",2021-08-06,48.7991,-122.54069,45.9,21.1,16.1,0.3,,7.6,4.7,12.5,,
USW00024217,"BELLINGHAM INTERNATIONAL AIRPORT, WA US",2021-08-07,48.7991,-122.54069,45.9,20.6,14.4,6.4,,7.6,3.3,12.5,    1,
USW00024217,"BELLINGHAM INTERNATIONAL AIRPORT, WA US",2021-08-08,48.7991,-122.54069,45.9,21.1,13.9,1.8,,5.8,2.6,8.9,    1,
USW00024217,"BELLINGHAM INTERNATIONAL AIRPORT, WA US",2021-08-09,48.7991,-122.54069,45.9,24.4,15.0,0.0,,4.0,1.8,6.7,,
USW00024217,"BELLINGHAM INTERNATIONAL AIRPORT, WA US",2021-08-10,48.7991,-122.54069,45.9,26.7,14.4,0.0,,4.0,1.4,6.3,,
USW00024217,"BELLINGHAM INTERNATIONAL AIRPORT, WA US",2021-08-11,48.7991,-122.54069,45.9,28.3,14.4,0.0,,4.0,1.2,6.7,    1,
USW00024217,"BELLINGHAM INTERNATIONAL AIRPORT, WA US",2021-08-12,48.7991,-122.54069,45.9,37.8,15.6,0.0,,10.3,1.7,14.8,,
USW00024217,"BELLINGHAM INTERNATIONAL AIRPORT, WA US",2021-08-13,48.7991,-122.54069,45.9,30.0,15.6,0.0,,4.0,1.1,7.2,    1,
USW00024217,"BELLINGHAM INTERNATIONAL AIRPORT, WA US",2021-08-14,48.7991,-122.54069,45.9,25.6,17.8,0.0,,6.7,3.7,10.3,,
USW00024217,"BELLINGHAM INTERNATIONAL AIRPORT, WA US",2021-08-15,48.7991,-122.54069,45.9,24.4,15.0,0.0,,8.1,4.7,13.0,    1,
USW00024217,"BELLINGHAM INTERNATIONAL AIRPORT, WA US",2021-08-16,48.7991,-122.54069,45.9,20.6,15.6,0.0,,7.6,4.2,12.1,,
USW00024217,"BELLINGHAM INTERNATIONAL AIRPORT, WA US",2021-08-17,48.7991,-122.54069,45.9,20.6,12.8,3.0,,6.3,3.1,8.5,    1,
USW00024217,"BELLINGHAM INTERNATIONAL AIRPORT, WA US",2021-08-18,48.7991,-122.54069,45.9,23.9,10.6,0.0,,4.5,1.7,6.7,    1,
USW00024217,"BELLINGHAM INTERNATIONAL AIRPORT, WA US",2021-08-19,48.7991,-122.54069,45.9,22.8,13.3,0.0,,5.8,2.1,8.1,,
USW00024217,"BELLINGHAM INTERNATIONAL AIRPORT, WA US",2021-08-20,48.7991,-122.54069,45.9,18.3,13.3,0.0,,6.3,2.2,9.8,,
USW00024217,"BELLINGHAM INTERNATIONAL AIRPORT, WA US",2021-08-21,48.7991,-122.54069,45.9,19.4,15.0,0.0,,6.3,2.7,11.2,,
USW00024217,"BELLINGHAM INTERNATIONAL AIRPORT, WA US",2021-08-22,48.7991,-122.54069,45.9,18.3,14.4,0.0,,6.7,4.1,11.2,,
USW00024217,"BELLINGHAM INTERNATIONAL AIRPORT, WA US",2021-08-23,48.7991,-122.54069,45.9,20.6,8.9,1.0,,5.8,2.4,9.8,    1,
USW00024217,"BELLINGHAM INTERNATIONAL AIRPORT, WA US",2021-08-24,48.7991,-122.54069,45.9,23.3,7.2,0.0,,5.4,1.3,7.2,    1,
USW00024217,"BELLINGHAM INTERNATIONAL AIRPORT, WA US",2021-08-25,48.7991,-122.54069,45.9,22.2,8.9,0.0,,5.8,2.6,9.4,    1,
USW00024217,"BELLINGHAM INTERNATIONAL AIRPORT, WA US",2021-08-26,48.7991,-122.54069,45.9,18.9,15.6,2.0,,6.3,3.2,9.4,    1,
USW00024217,"BELLINGHAM INTERNATIONAL AIRPORT, WA US",2021-08-27,48.7991,-122.54069,45.9,20.0,10.6,3.6,,5.4,2.1,7.6,    1,
USW00024217,"BELLINGHAM INTERNATIONAL AIRPORT, WA US",2021-08-28,48.7991,-122.54069,45.9,23.3,8.3,0.0,,4.5,0.8,6.7,    1,
USW00024217,"BELLINGHAM INTERNATIONAL AIRPORT, WA US",2021-08-29,48.7991,-122.54069,45.9,23.9,10.0,0.0,,6.3,1.8,8.9,    1,
USW00024217,"BELLINGHAM INTERNATIONAL AIRPORT, WA US",2021-08-30,48.7991,-122.54069,45.9,18.3,11.1,0.3,,8.9,4.6,13.0,    1,
USW00024217,"BELLINGHAM INTERNATIONAL AIRPORT, WA US",2021-08-31,48.7991,-122.54069,45.9,17.2,8.3,6.1,,5.8,2.0,8.9,    1,
