STATION,NAME,DATE,LATITUDE,LONGITUDE,ELEVATION,TMAX,TMIN,PRCP,SNOW,WSF2,AWND,WSF5,WT01,WT03
USW00024217,"BELLINGHAM INTERNATIONAL AIRPORT, WA US",2023-05-01,48.7991,-122.54069,45.9,16.7,9.4,0.8,,5.4,1.4,6.7,    1,
USW00024217,"BELLINGHAM INTERNATIONAL AIRPORT, WA US",2023-05-02,48.7991,-122.54069,45.9,20.6,9.4,0.0,,6.3,2.7,11.2,    1,
USW00024217,"BELLINGHAM INTERNATIONAL AIRPORT, WA US",2023-05-03,48.7991,-122.54069,45.9,22.2,12.8,0.0,,7.2,3.3,11.6,,
USW00024217,"BELLINGHAM INTERNATIONAL AIRPORT, WA US",2023-05-04,48.7991,-122.54069,45.9,15.6,9.4,1.3,,10.3,4.9,15.7,    1,
USW00024217,"BELLINGHAM INTERNATIONAL AIRPORT, WA US",2023-05-05,48.7991,-122.54069,45.9,11.7,10.0,6.6,,7.6,3.4,10.7,    1,
USW00024217,"BELLINGHAM INTERNATIONAL AIRPORT, WA US",2023-05-06,48.7991,-122.54069,45.9,14.4,7.8,1.0,,5.8,2.4,8.1,    1,
USW00024217,"BELLINGHAM INTERNATIONAL AIRPORT, WA US",2023-05-07,48.7991,-122.54069,45.9,16.7,7.2,0.3,,5.4,2.0,8.5,    1,
USW00024217,"BELLINGHAM INTERNATIONAL AIRPORT, WA US",2023-05-08,48.7991,-122.54069,45.9,17.8,4.4,0.0,,4.0,1.5,7.6,    1,
USW00024217,"BELLINGHAM INTERNATIONAL AIRPORT, WA US",2023-05-09,48.7991,-122.54069,45.9,17.2,7.8,0.0,,8.1,2.9,12.1,,
USW00024217,"BELLINGHAM INTERNATIONAL AIRPORT, WA US",2023-05-10,48.7991,-122.54069,45.9,21.1,5.6,0.0,,4.5,1.7,7.6,    1,
USW00024217,"BELLINGHAM INTERNATIONAL AIRPORT, WA US",2023-05-11,48.7991,-122.54069,45.9,22.2,6.7,0.0,,4.5,1.6,7.6,,
USW00024217,"BELLINGHAM INTERNATIONAL AIRPORT, WA US",2023-05-12,48.7991,-122.54069,45.9,26.1,7.2,0.0,,4.5,0.9,6.3,    1,
USW00024217,"BELLINGHAM INTERNATIONAL AIRPORT, WA US",2023-05-13,48.7991,-122.54069,45.9,29.4,9.4,0.0,,5.4,1.3,8.5,,
USW00024217,"BELLINGHAM INTERNATIONAL AIRPORT, WA US",2023-05-14,48.7991,-122.54069,45.9,28.3,10.6,0.0,,4.5,1.0,7.2,,
USW00024217,"BELLINGHAM INTERNATIONAL AIRPORT, WA US",2023-05-15,48.7991,-122.54069,45.9,30.0,13.3,0.0,,10.3,2.1,16.5,,
USW00024217,"BELLINGHAM INTERNATIONAL AIRPORT, WA US",2023-05-16,48.7991,-122.54069,45.9,20.0,13.9,0.0,,6.7,3.8,11.6,,
USW00024217,"BELLINGHAM INTERNATIONAL AIRPORT, WA US",2023-05-17,48.7991,-122.54069,45.9,25.0,12.8,0.0,,4.5,1.7,7.6,,
USW00024217,"BELLINGHAM INTERNATIONAL AIRPORT, WA US",2023-05-18,48.7991,-122.54069,45.9,21.1,12.8,0.0,,7.6,3.6,14.3,,
USW00024217,"BELLINGHAM INTERNATIONAL AIRPORT, WA US",2023-05-19,48.7991,-122.54069,45.9,22.8,13.3,0.0,,7.2,3.4,11.2,,
USW00024217,"BELLINGHAM INTERNATIONAL AIRPORT, WA US",2023-05-20,48.7991,-122.54069,45.9,21.1,12.2,0.0,,6.7,4.4,11.6,,
USW00024217,"BELLINGHAM INTERNATIONAL AIRPORT, WA US",2023-05-21,48.7991,-122.54069,45.9,17.2,11.7,0.0,,9.8,5.8,15.7,,
USW00024217,"BELLINGHAM INTERNATIONAL AIRPORT, WA US",2023-05-22,48.7991,-122.54069,45.9,14.4,10.6,9.4,,5.8,2.9,8.9,    1,
USW00024217,"BELLINGHAM INTERNATIONAL AIRPORT, WA US",2023-05-23,48.7991,-122.54069,45.9,15.6,10.6,0.0,,5.4,1.8,8.1,,
USW00024217,"BELLINGHAM INTERNATIONAL AIRPORT, WA US",2023-05-24,48.7991,-122.54069,45.9,20.6,7.8,0.0,,3.6,0.9,4.9,    1,
USW00024217,"BELLINGHAM INTERNATIONAL AIRPORT, WA US",2023-05-25,48.7991,-122.54069,45.9,22.8,7.8,0.0,,5.4,1.0,7.2,    1,
USW00024217,"BELLINGHAM INTERNATIONAL AIRPORT, WA US",2023-05-26,48.7991,-122.54069,45.9,26.1,10.6,0.0,,5.8,2.3,9.4,    1,
USW00024217,"BELLINGHAM INTERNATIONAL AIRPORT, WA US",2023-05-27,48.7991,-122.54069,45.9,18.9,12.2,0.0,,7.2,5.1,13.0,,
USW00024217,"BELLINGHAM INTERNATIONAL AIRPORT, WA US",2023-05-28,48.7991,-122.54069,45.9,17.8,11.7,0.0,,7.2,4.3,11.6,,
USW00024217,"BELLINGHAM INTERNATIONAL AIRPORT, WA US",2023-05-29,48.7991,-122.54069,45.9,17.8,10.6,0.0,,7.6,5.5,12.5,    1,
USW00024217,"BELLINGHAM INTERNATIONAL AIRPORT, WA US",2023-05-30,48.7991,-122.54069,45.9,16.7,10.0,0.0,,8.9,5.4,12.5,,
USW00024217,"BELLINGHAM INTERNATIONAL AIRPORT, WA US",2023-05-31,48.7991,-122.54069,45.9,17.2,8.9,0.0,,6.7,3.2,8.9,,
