STATION,NAME,DATE,LATITUDE,LONGITUDE,ELEVATION,TMAX,TAVG,TMIN,SNOW,PRCP,WSF2,WSF5,AWND,WT01,WT03
USW00014742,"BURLINGTON INTERNATIONAL AIRPORT, VT US",2024-05-01,44.46825,-73.1499,101.1,17.8,10.3,6.7,0.0,0.0,4.0,5.8,2.1,    1,
USW00014742,"BURLINGTON INTERNATIONAL AIRPORT, VT US",2024-05-02,44.46825,-73.1499,101.1,21.1,15.4,11.1,0.0,2.3,8.1,11.2,3.9,,    1
USW00014742,"BURLINGTON INTERNATIONAL AIRPORT, VT US",2024-05-03,44.46825,-73.1499,101.1,22.2,14.6,10.6,0.0,0.0,5.4,6.7,1.7,,
USW00014742,"BURLINGTON INTERNATIONAL AIRPORT, VT US",2024-05-04,44.46825,-73.1499,101.1,22.2,17.9,13.9,0.0,0.0,7.6,11.2,4.6,,
USW00014742,"BURLINGTON INTERNATIONAL AIRPORT, VT US",2024-05-05,44.46825,-73.1499,101.1,13.9,12.7,10.0,0.0,12.7,8.9,14.3,5.6,    1,
USW00014742,"BURLINGTON INTERNATIONAL AIRPORT, VT US",2024-05-06,44.46825,-73.1499,101.1,23.9,15.3,11.7,0.0,0.8,8.1,11.6,3.1,    1,
USW00014742,"BURLINGTON INTERNATIONAL AIRPORT, VT US",2024-05-07,44.46825,-73.1499,101.1,22.2,16.6,7.8,0.0,0.0,6.3,9.8,2.1,,
USW00014742,"BURLINGTON INTERNATIONAL AIRPORT, VT US",2024-05-08,44.46825,-73.1499,101.1,20.0,12.9,9.4,0.0,2.0,9.4,14.8,3.3,    1,
USW00014742,"BURLINGTON INTERNATIONAL AIRPORT, VT US",2024-05-09,44.46825,-73.1499,101.1,16.7,11.8,8.9,0.0,0.0,8.1,11.2,4.0,,
USW00014742,"BURLINGTON INTERNATIONAL AIRPORT, VT US",2024-05-10,44.46825,-73.1499,101.1,16.7,12.3,7.8,0.0,1.0,7.2,8.9,1.7,,
USW00014742,"BURLINGTON INTERNATIONAL AIRPORT, VT US",2024-05-11,44.46825,-73.1499,101.1,19.4,12.8,8.3,0.0,1.5,6.7,9.8,2.7,,
USW00014742,"BURLINGTON INTERNATIONAL AIRPORT, VT US",2024-05-12,44.46825,-73.1499,101.1,15.0,12.3,9.4,0.0,0.0,6.7,9.8,3.4,,
USW00014742,"BURLINGTON INTERNATIONAL AIRPORT, VT US",2024-05-13,44.46825,-73.1499,101.1,21.1,14.3,9.4,0.0,0.8,8.1,14.3,4.4,,
USW00014742,"BURLINGTON INTERNATIONAL AIRPORT, VT US",2024-05-14,44.46825,-73.1499,101.1,25.0,18.1,13.9,0.0,8.9,9.4,13.4,3.6,    1,    1
USW00014742,"BURLINGTON INTERNATIONAL AIRPORT, VT US",2024-05-15,44.46825,-73.1499,101.1,21.7,17.7,14.4,0.0,0.0,7.2,9.8,2.6,    1,
USW00014742,"BURLINGTON INTERNATIONAL AIRPORT, VT US",2024-05-16,44.46825,-73.1499,101.1,23.3,18.5,15.0,0.0,0.0,4.5,7.6,1.9,,
USW00014742,"BURLINGTON INTERNATIONAL AIRPORT, VT US",2024-05-17,44.46825,-73.1499,101.1,27.2,19.7,12.2,0.0,0.0,8.1,13.0,2.4,,
USW00014742,"BURLINGTON INTERNATIONAL AIRPORT, VT US",2024-05-18,44.46825,-73.1499,101.1,24.4,19.9,14.4,0.0,0.3,6.3,8.5,2.5,,
USW00014742,"BURLINGTON INTERNATIONAL AIRPORT, VT US",2024-05-19,44.46825,-73.1499,101.1,27.2,19.6,12.2,0.0,0.0,6.3,8.9,2.5,,
USW00014742,"BURLINGTON INTERNATIONAL AIRPORT, VT US",2024-05-20,44.46825,-73.1499,101.1,29.4,21.9,15.6,0.0,0.0,6.3,9.8,3.5,,
USW00014742,"BURLINGTON INTERNATIONAL AIRPORT, VT US",2024-05-21,44.46825,-73.1499,101.1,29.4,23.4,16.7,0.0,9.1,7.6,14.3,3.2,,    1
USW00014742,"BURLINGTON INTERNATIONAL AIRPORT, VT US",2024-05-22,44.46825,-73.1499,101.1,32.2,24.0,18.9,0.0,0.0,7.2,11.2,4.7,,
USW00014742,"BURLINGTON INTERNATIONAL AIRPORT, VT US",2024-05-23,44.46825,-73.1499,101.1,27.8,24.9,16.1,0.0,0.3,7.2,10.7,3.8,,
USW00014742,"BURLINGTON INTERNATIONAL AIRPORT, VT US",2024-05-24,44.46825,-73.1499,101.1,25.0,20.1,10.6,0.0,0.0,11.6,15.7,4.9,,
USW00014742,"BURLINGTON INTERNATIONAL AIRPORT, VT US",2024-05-25,44.46825,-73.1499,101.1,23.9,15.4,7.8,0.0,0.0,3.6,5.8,1.3,,
USW00014742,"BURLINGTON INTERNATIONAL AIRPORT, VT US",2024-05-26,44.46825,-73.1499,101.1,26.7,20.4,15.6,0.0,0.0,4.5,8.1,2.1,,
USW00014742,"BURLINGTON INTERNATIONAL AIRPORT, VT US",2024-05-27,44.46825,-73.1499,101.1,26.7,21.6,17.8,0.0,20.8,13.9,19.2,6.8,    1,
USW00014742,"BURLINGTON INTERNATIONAL AIRPORT, VT US",2024-05-28,44.46825,-73.1499,101.1,23.9,19.7,16.1,0.0,7.6,8.9,13.0,3.8,    1,
USW00014742,"BURLINGTON INTERNATIONAL AIRPORT, VT US",2024-05-29,44.46825,-73.1499,101.1,20.0,16.4,9.4,0.0,0.0,7.2,11.6,2.9,,
USW00014742,"BURLINGTON INTERNATIONAL AIRPORT, VT US",2024-05-30,44.46825,-73.1499,101.1,21.1,14.3,7.2,0.0,0.0,9.4,13.9,3.2,,
USW00014742,"BURLINGTON INTERNATIONAL AIRPORT, VT US",2024-05-31,44.46825,-73.1499,101.1,25.0,16.1,7.2,0.0,0.0,9.8,13.9,2.7,,
