STATION,NAME,DATE,LATITUDE,LONGITUDE,ELEVATION,TMAX,TMIN,PRCP,WSF2,AWND,WSF5,WT01,WT03
USW00023152,"BURBANK GLENDALE PASADENA AIRPORT, CA US",2022-05-01,34.19966,-118.36543,222.7,23.9,13.3,0.0,6.7,2.8,8.9,,
USW00023152,"BURBANK GLENDALE PASADENA AIRPORT, CA US",2022-05-02,34.19966,-118.36543,222.7,23.9,15.0,0.0,6.7,3.1,8.5,,
USW00023152,"BURBANK GLENDALE PASADENA AIRPORT, CA US",2022-05-03,34.19966,-118.36543,222.7,22.8,15.0,0.0,6.3,2.9,7.6,,
USW00023152,"BURBANK GLENDALE PASADENA AIRPORT, CA US",2022-05-04,34.19966,-118.36543,222.7,30.0,13.3,0.0,6.7,2.4,8.1,,
USW00023152,"BURBANK GLENDALE PASADENA AIRPORT, CA US",2022-05-05,34.19966,-118.36543,222.7,28.3,15.0,0.0,5.8,3.1,7.6,,
USW00023152,"BURBANK GLENDALE PASADENA AIRPORT, CA US",2022-05-06,34.19966,-118.36543,222.7,27.8,15.0,0.0,6.7,2.6,8.1,,
USW00023152,"BURBANK GLENDALE PASADENA AIRPORT, CA US",2022-05-07,34.19966,-118.36543,222.7,25.6,15.6,0.0,6.7,3.8,8.1,,
USW00023152,"BURBANK GLENDALE PASADENA AIRPORT, CA US",2022-05-08,34.19966,-118.36543,222.7,20.6,14.4,0.0,7.2,3.0,8.9,,
USW00023152,"BURBANK GLENDALE PASADENA AIRPORT, CA US",2022-05-09,34.19966,-118.36543,222.7,21.1,12.2,0.0,7.2,2.5,9.8,,
USW00023152,"BURBANK GLENDALE PASADENA AIRPORT, CA US",2022-05-10,34.19966,-118.36543,222.7,21.1,11.1,0.0,7.6,2.7,11.2,,
USW00023152,"BURBANK GLENDALE PASADENA AIRPORT, CA US",2022-05-11,34.19966,-118.36543,222.7,23.3,11.1,0.0,10.3,4.6,14.3,,
USW00023152,"BURBANK GLENDALE PASADENA AIRPORT, CA US",2022-05-12,34.19966,-118.36543,222.7,28.3,13.9,0.0,7.2,2.7,9.8,,
USW00023152,"BURBANK GLENDALE PASADENA AIRPORT, CA US",2022-05-13,34.19966,-118.36543,222.7,33.9,16.1,0.0,6.3,2.1,7.2,,
USW00023152,"BURBANK GLENDALE PASADENA AIRPORT, CA US",2022-05-14,34.19966,-118.36543,222.7,35.0,17.8,0.0,6.3,1.7,7.2,,
USW00023152,"BURBANK GLENDALE PASADENA AIRPORT, CA US",2022-05-15,34.19966,-118.36543,222.7,31.1,17.8,0.0,6.7,2.6,10.3,,
USW00023152,"BURBANK GLENDALE PASADENA AIRPORT, CA US",2022-05-16,34.19966,-118.36543,222.7,25.6,15.6,0.0,6.7,3.2,8.5,,
USW00023152,"BURBANK GLENDALE PASADENA AIRPORT, CA US",2022-05-17,34.19966,-118.36543,222.7,23.9,13.9,0.0,6.3,2.6,9.4,,
USW00023152,"BURBANK GLENDALE PASADENA AIRPORT, CA US",2022-05-18,34.19966,-118.36543,222.7,26.7,15.0,0.0,5.8,2.7,8.1,,
USW00023152,"BURBANK GLENDALE PASADENA AIRPORT, CA US",2022-05-19,34.19966,-118.36543,222.7,23.3,15.6,0.0,7.2,3.2,9.4,,
USW00023152,"BURBANK GLENDALE PASADENA AIRPORT, CA US",2022-05-20,34.19966,-118.36543,222.7,20.0,14.4,0.3,6.7,3.0,9.4,    1,
USW00023152,"BURBANK GLENDALE PASADENA AIRPORT, CA US",2022-05-21,34.19966,-118.36543,222.7,22.2,15.6,0.0,5.8,3.0,6.7,,
USW00023152,"BURBANK GLENDALE PASADENA AIRPORT, CA US",2022-05-22,34.19966,-118.36543,222.7,23.3,13.3,0.0,6.3,2.2,7.6,,
USW00023152,"BURBANK GLENDALE PASADENA AIRPORT, CA US",2022-05-23,34.19966,-118.36543,222.7,23.9,13.9,0.0,6.3,3.0,9.8,,
USW00023152,"BURBANK GLENDALE PASADENA AIRPORT, CA US",2022-05-24,34.19966,-118.36543,222.7,27.8,15.6,0.0,5.8,2.9,9.4,,
USW00023152,"BURBANK GLENDALE PASADENA AIRPORT, CA US",2022-05-25,34.19966,-118.36543,222.7,27.8,15.6,0.0,6.3,2.8,7.6,,
USW00023152,"BURBANK GLENDALE PASADENA AIRPORT, CA US",2022-05-26,34.19966,-118.36543,222.7,26.7,15.6,0.0,6.7,3.0,8.5,,
USW00023152,"BURBANK GLENDALE PASADENA AIRPORT, CA US",2022-05-27,34.19966,-118.36543,222.7,24.4,15.6,0.0,5.8,2.6,7.6,,
USW00023152,"BURBANK GLENDALE PASADENA AIRPORT, CA US",2022-05-28,34.19966,-118.36543,222.7,21.7,15.6,0.0,5.8,2.7,7.6,,
USW00023152,"BURBANK GLENDALE PASADENA AIRPORT, CA US",2022-05-29,34.19966,-118.36543,222.7,24.4,14.4,0.0,6.7,3.3,8.5,,
USW00023152,"BURBANK GLENDALE PASADENA AIRPORT, CA US",2022-05-30,34.19966,-118.36543,222.7,24.4,15.0,0.0,7.2,3.2,10.7,,
USW00023152,"BURBANK GLENDALE PASADENA AIRPORT, CA US",2022-05-31,34.19966,-118.36543,222.7,26.7,15.0,0.0,5.8,3.0,8.1,,
