STATION,NAME,DATE,LATITUDE,LONGITUDE,ELEVATION,TMAX,TMIN,PRCP,WSF2,AWND,WSF5,WT01,WT03
USW00014813,"AKRON FULTON INTERNATIONAL AIRPORT, OH US",2021-06-01,41.03732,-81.46341,318.1,25.0,13.3,0.0,4.5,1.4,6.3,,
USW00014813,"AKRON FULTON INTERNATIONAL AIRPORT, OH US",2021-06-02,41.03732,-81.46341,318.1,21.7,15.0,0.3,4.0,1.3,6.3,,
USW00014813,"AKRON FULTON INTERNATIONAL AIRPORT, OH US",2021-06-03,41.03732,-81.46341,318.1,22.8,18.3,8.1,6.7,3.0,8.5,,
USW00014813,"AKRON FULTON INTERNATIONAL AIRPORT, OH US",2021-06-04,41.03732,-81.46341,318.1,28.9,16.7,0.0,7.6,3.9,11.2,,
USW00014813,"AKRON FULTON INTERNATIONAL AIRPORT, OH US",2021-06-05,41.03732,-81.46341,318.1,31.1,19.4,0.0,10.3,4.3,12.5,,
USW00014813,"AKRON FULTON INTERNATIONAL AIRPORT, OH US",2021-06-06,41.03732,-81.46341,318.1,31.7,17.2,0.0,7.2,3.0,9.4,,
USW00014813,"AKRON FULTON INTERNATIONAL AIRPORT, OH US",2021-06-07,41.03732,-81.46341,318.1,29.4,22.2,7.9,10.7,2.8,14.8,,
USW00014813,"AKRON FULTON INTERNATIONAL AIRPORT, OH US",2021-06-08,41.03732,-81.46341,318.1,30.0,21.1,0.0,5.8,2.7,7.6,,
USW00014813,"AKRON FULTON INTERNATIONAL AIRPORT, OH US",2021-06-09,41.03732,-81.46341,318.1,30.0,21.1,9.9,10.3,2.3,14.8,,
USW00014813,"AKRON FULTON INTERNATIONAL AIRPORT, OH US",2021-06-10,41.03732,-81.46341,318.1,31.1,20.0,14.2,9.4,2.1,12.1,,
USW00014813,"AKRON FULTON INTERNATIONAL AIRPORT, OH US",2021-06-11,41.03732,-81.46341,318.1,29.4,21.7,0.0,5.8,2.3,7.2,,
USW00014813,"AKRON FULTON INTERNATIONAL AIRPORT, OH US",2021-06-12,41.03732,-81.46341,318.1,31.1,19.4,0.0,5.8,1.2,6.7,,
USW00014813,"AKRON FULTON INTERNATIONAL AIRPORT, OH US",2021-06-13,41.03732,-81.46341,318.1,30.0,18.3,2.5,8.1,2.3,11.6,,
USW00014813,"AKRON FULTON INTERNATIONAL AIRPORT, OH US",2021-06-14,41.03732,-81.46341,318.1,26.7,16.7,0.0,8.1,3.4,11.6,,
USW00014813,"AKRON FULTON INTERNATIONAL AIRPORT, OH US",2021-06-15,41.03732,-81.46341,318.1,23.9,13.9,0.0,9.8,4.2,12.5,,
USW00014813,"AKRON FULTON INTERNATIONAL AIRPORT, OH US",2021-06-16,41.03732,-81.46341,318.1,22.8,11.1,0.0,8.9,2.6,10.3,,
USW00014813,"AKRON FULTON INTERNATIONAL AIRPORT, OH US",2021-06-17,41.03732,-81.46341,318.1,27.2,8.9,0.0,6.3,2.5,8.5,,
USW00014813,"AKRON FULTON INTERNATIONAL AIRPORT, OH US",2021-06-18,41.03732,-81.46341,318.1,27.2,18.9,1.0,9.4,4.5,13.0,,
USW00014813,"AKRON FULTON INTERNATIONAL AIRPORT, OH US",2021-06-19,41.03732,-81.46341,318.1,26.7,21.7,0.0,7.2,3.8,10.3,,
USW00014813,"AKRON FULTON INTERNATIONAL AIRPORT, OH US",2021-06-20,41.03732,-81.46341,318.1,31.7,21.1,1.5,14.3,4.5,17.4,,
USW00014813,"AKRON FULTON INTERNATIONAL AIRPORT, OH US",2021-06-21,41.03732,-81.46341,318.1,29.4,18.9,9.7,13.4,5.1,17.4,,
USW00014813,"AKRON FULTON INTERNATIONAL AIRPORT, OH US",2021-06-22,41.03732,-81.46341,318.1,19.4,11.1,0.0,8.1,3.9,11.2,,
USW00014813,"AKRON FULTON INTERNATIONAL AIRPORT, OH US",2021-06-23,41.03732,-81.46341,318.1,25.6,10.0,0.0,6.7,2.8,8.1,,
USW00014813,"AKRON FULTON INTERNATIONAL AIRPORT, OH US",2021-06-24,41.03732,-81.46341,318.1,30.0,15.0,0.0,9.4,3.8,12.1,,
USW00014813,"AKRON FULTON INTERNATIONAL AIRPORT, OH US",2021-06-25,41.03732,-81.46341,318.1,27.2,20.6,0.0,9.4,5.2,11.6,,
USW00014813,"AKRON FULTON INTERNATIONAL AIRPORT, OH US",2021-06-26,41.03732,-81.46341,318.1,30.6,23.3,0.0,10.3,6.0,13.9,,
USW00014813,"AKRON FULTON INTERNATIONAL AIRPORT, OH US",2021-06-27,41.03732,-81.46341,318.1,32.8,23.3,0.0,9.4,5.5,12.1,,
USW00014813,"AKRON FULTON INTERNATIONAL AIRPORT, OH US",2021-06-28,41.03732,-81.46341,318.1,33.9,23.9,3.8,11.2,3.0,14.8,,
USW00014813,"AKRON FULTON INTERNATIONAL AIRPORT, OH US",2021-06-29,41.03732,-81.46341,318.1,35.6,22.2,1.8,11.2,2.3,14.8,,    1
USW00014813,"AKRON FULTON INTERNATIONAL AIRPORT, OH US",2021-06-30,41.03732,-81.46341,318.1,30.6,22.8,3.3,9.8,2.6,13.0,,
