STATION,NAME,DATE,LATITUDE,LONGITUDE,ELEVATION,TMAX,TMIN,PRCP,WSF2,AWND,WSF5,WT01,WT03
USW00014813,"AKRON FULTON INTERNATIONAL AIRPORT, OH US",2021-07-01,41.03732,-81.46341,318.1,26.1,17.2,1.5,7.2,3.1,8.9,,
USW00014813,"AKRON FULTON INTERNATIONAL AIRPORT, OH US",2021-07-02,41.03732,-81.46341,318.1,23.9,15.6,0.0,9.4,4.2,12.1,,
USW00014813,"AKRON FULTON INTERNATIONAL AIRPORT, OH US",2021-07-03,41.03732,-81.46341,318.1,26.1,14.4,0.0,6.7,2.9,9.4,,
USW00014813,"AKRON FULTON INTERNATIONAL AIRPORT, OH US",2021-07-04,41.03732,-81.46341,318.1,31.1,18.3,0.0,7.2,2.2,9.4,,
USW00014813,"AKRON FULTON INTERNATIONAL AIRPORT, OH US",2021-07-05,41.03732,-81.46341,318.1,33.9,20.0,0.0,7.6,3.0,10.3,,
USW00014813,"AKRON FULTON INTERNATIONAL AIRPORT, OH US",2021-07-06,41.03732,-81.46341,318.1,33.9,23.3,0.0,8.9,3.8,11.6,,
USW00014813,"AKRON FULTON INTERNATIONAL AIRPORT, OH US",2021-07-07,41.03732,-81.46341,318.1,32.2,21.7,2.3,10.3,2.6,13.4,,
USW00014813,"AKRON FULTON INTERNATIONAL AIRPORT, OH US",2021-07-08,41.03732,-81.46341,318.1,27.2,20.6,8.6,11.6,3.2,17.0,,
USW00014813,"AKRON FULTON INTERNATIONAL AIRPORT, OH US",2021-07-09,41.03732,-81.46341,318.1,23.9,15.0,2.8,6.7,3.3,8.9,,
USW00014813,"AKRON FULTON INTERNATIONAL AIRPORT, OH US",2021-07-10,41.03732,-81.46341,318.1,26.1,12.2,0.0,3.6,1.3,4.9,,
USW00014813,"AKRON FULTON INTERNATIONAL AIRPORT, OH US",2021-07-11,41.03732,-81.46341,318.1,24.4,18.9,42.9,8.9,2.1,10.7,,
USW00014813,"AKRON FULTON INTERNATIONAL AIRPORT, OH US",2021-07-12,41.03732,-81.46341,318.1,30.0,22.8,5.8,8.1,2.3,10.7,,
USW00014813,"AKRON FULTON INTERNATIONAL AIRPORT, OH US",2021-07-13,41.03732,-81.46341,318.1,28.9,22.2,2.8,8.1,4.4,10.3,,
USW00014813,"AKRON FULTON INTERNATIONAL AIRPORT, OH US",2021-07-14,41.03732,-81.46341,318.1,30.6,22.8,0.0,6.7,3.4,8.1,,
USW00014813,"AKRON FULTON INTERNATIONAL AIRPORT, OH US",2021-07-15,41.03732,-81.46341,318.1,31.1,21.1,0.0,9.4,4.4,12.1,,
USW00014813,"AKRON FULTON INTERNATIONAL AIRPORT, OH US",2021-07-16,41.03732,-81.46341,318.1,30.0,22.2,3.0,9.4,2.4,12.1,,
USW00014813,"AKRON FULTON INTERNATIONAL AIRPORT, OH US",2021-07-17,41.03732,-81.46341,318.1,23.3,16.7,19.6,7.6,3.2,10.3,,
USW00014813,"AKRON FULTON INTERNATIONAL AIRPORT, OH US",2021-07-18,41.03732,-81.46341,318.1,28.9,15.0,0.0,7.2,2.4,9.4,,
USW00014813,"AKRON FULTON INTERNATIONAL AIRPORT, OH US",2021-07-19,41.03732,-81.46341,318.1,29.4,17.8,0.0,5.8,2.2,9.4,,
USW00014813,"AKRON FULTON INTERNATIONAL AIRPORT, OH US",2021-07-20,41.03732,-81.46341,318.1,30.6,18.9,0.0,6.3,1.9,8.1,,
USW00014813,"AKRON FULTON INTERNATIONAL AIRPORT, OH US",2021-07-21,41.03732,-81.46341,318.1,25.0,17.2,0.0,7.2,3.8,9.8,,
USW00014813,"AKRON FULTON INTERNATIONAL AIRPORT, OH US",2021-07-22,41.03732,-81.46341,318.1,26.7,13.3,0.0,5.8,1.4,6.7,,
USW00014813,"AKRON FULTON INTERNATIONAL AIRPORT, OH US",2021-07-23,41.03732,-81.46341,318.1,27.8,16.1,0.0,4.0,0.9,5.4,,
USW00014813,"AKRON FULTON INTERNATIONAL AIRPORT, OH US",2021-07-24,41.03732,-81.46341,318.1,29.4,19.4,5.6,7.2,3.4,8.9,,
USW00014813,"AKRON FULTON INTERNATIONAL AIRPORT, OH US",2021-07-25,41.03732,-81.46341,318.1,31.7,20.6,0.8,6.3,2.2,9.4,,
USW00014813,"AKRON FULTON INTERNATIONAL AIRPORT, OH US",2021-07-26,41.03732,-81.46341,318.1,31.7,18.9,0.0,7.2,1.9,9.8,,
USW00014813,"AKRON FULTON INTERNATIONAL AIRPORT, OH US",2021-07-27,41.03732,-81.46341,318.1,32.2,18.3,0.0,7.6,2.4,9.4,,
USW00014813,"AKRON FULTON INTERNATIONAL AIRPORT, OH US",2021-07-28,41.03732,-81.46341,318.1,31.7,19.4,0.0,6.7,2.1,9.8,,
USW00014813,"AKRON FULTON INTERNATIONAL AIRPORT, OH US",2021-07-29,41.03732,-81.46341,318.1,30.6,20.6,4.6,8.9,3.3,10.7,,
USW00014813,"AKRON FULTON INTERNATIONAL AIRPORT, OH US",2021-07-30,41.03732,-81.46341,318.1,26.1,17.2,0.0,7.6,3.8,10.3,,
USW00014813,"AKRON FULTON INTERNATIONAL AIRPORT, OH US",2021-07-31,41.03732,-81.46341,318.1,26.7,13.9,0.0,6.3,1.5,7.6,,
