STATION,NAME,DATE,LATITUDE,LONGITUDE,ELEVATION,TMAX,TMIN,PRCP,WSF2,AWND,WSF5,WT01,WT03
USW00014813,"AKRON FULTON INTERNATIONAL AIRPORT, OH US",2024-08-01,41.03732,-81.46341,318.1,32.2,21.1,3.0,11.6,3.0,16.1,,
USW00014813,"AKRON FULTON INTERNATIONAL AIRPORT, OH US",2024-08-02,41.03732,-81.46341,318.1,28.9,21.1,1.0,6.3,2.5,8.1,,
USW00014813,"AKRON FULTON INTERNATIONAL AIRPORT, OH US",2024-08-03,41.03732,-81.46341,318.1,27.2,19.4,2.8,5.8,1.1,7.6,,
USW00014813,"AKRON FULTON INTERNATIONAL AIRPORT, OH US",2024-08-04,41.03732,-81.46341,318.1,31.1,17.2,0.0,6.3,1.2,8.1,,
USW00014813,"AKRON FULTON INTERNATIONAL AIRPORT, OH US",2024-08-05,41.03732,-81.46341,318.1,31.1,20.6,0.0,7.6,3.0,10.3,,
USW00014813,"AKRON FULTON INTERNATIONAL AIRPORT, OH US",2024-08-06,41.03732,-81.46341,318.1,32.2,19.4,0.0,17.0,2.8,26.4,,
USW00014813,"AKRON FULTON INTERNATIONAL AIRPORT, OH US",2024-08-07,41.03732,-81.46341,318.1,25.0,18.3,0.0,6.3,3.3,8.1,,
USW00014813,"AKRON FULTON INTERNATIONAL AIRPORT, OH US",2024-08-08,41.03732,-81.46341,318.1,30.6,20.0,0.0,6.7,2.2,8.5,,
USW00014813,"AKRON FULTON INTERNATIONAL AIRPORT, OH US",2024-08-09,41.03732,-81.46341,318.1,27.8,18.9,0.0,8.1,3.6,11.6,,
USW00014813,"AKRON FULTON INTERNATIONAL AIRPORT, OH US",2024-08-10,41.03732,-81.46341,318.1,23.9,13.3,0.0,8.9,4.0,11.2,,
USW00014813,"AKRON FULTON INTERNATIONAL AIRPORT, OH US",2024-08-11,41.03732,-81.46341,318.1,24.4,12.8,0.0,7.6,3.4,10.3,,
USW00014813,"AKRON FULTON INTERNATIONAL AIRPORT, OH US",2024-08-12,41.03732,-81.46341,318.1,26.1,13.9,0.0,8.1,3.1,12.5,,
USW00014813,"AKRON FULTON INTERNATIONAL AIRPORT, OH US",2024-08-13,41.03732,-81.46341,318.1,27.2,13.3,0.0,5.4,1.2,7.6,,
USW00014813,"AKRON FULTON INTERNATIONAL AIRPORT, OH US",2024-08-14,41.03732,-81.46341,318.1,27.2,12.8,0.0,4.5,1.7,7.2,,
USW00014813,"AKRON FULTON INTERNATIONAL AIRPORT, OH US",2024-08-15,41.03732,-81.46341,318.1,28.9,13.9,0.0,4.5,1.2,6.7,,
USW00014813,"AKRON FULTON INTERNATIONAL AIRPORT, OH US",2024-08-16,41.03732,-81.46341,318.1,27.8,18.9,0.0,7.6,3.6,11.2,,
USW00014813,"AKRON FULTON INTERNATIONAL AIRPORT, OH US",2024-08-17,41.03732,-81.46341,318.1,30.0,20.0,0.0,13.0,4.7,20.1,,
USW00014813,"AKRON FULTON INTERNATIONAL AIRPORT, OH US",2024-08-18,41.03732,-81.46341,318.1,24.4,19.4,0.0,9.4,3.2,12.5,,
USW00014813,"AKRON FULTON INTERNATIONAL AIRPORT, OH US",2024-08-19,41.03732,-81.46341,318.1,20.6,15.6,0.0,8.9,5.1,12.5,,
USW00014813,"AKRON FULTON INTERNATIONAL AIRPORT, OH US",2024-08-20,41.03732,-81.46341,318.1,20.6,12.2,0.0,8.1,3.8,11.2,,
USW00014813,"AKRON FULTON INTERNATIONAL AIRPORT, OH US",2024-08-21,41.03732,-81.46341,318.1,21.7,9.4,0.0,8.1,2.2,13.0,,
USW00014813,"AKRON FULTON INTERNATIONAL AIRPORT, OH US",2024-08-22,41.03732,-81.46341,318.1,23.9,8.9,0.0,4.5,0.9,6.3,,
USW00014813,"AKRON FULTON INTERNATIONAL AIRPORT, OH US",2024-08-23,41.03732,-81.46341,318.1,26.1,10.0,0.0,4.0,0.9,6.3,,
USW00014813,"AKRON FULTON INTERNATIONAL AIRPORT, OH US",2024-08-24,41.03732,-81.46341,318.1,28.9,11.7,0.0,5.8,1.3,8.1,,
USW00014813,"AKRON FULTON INTERNATIONAL AIRPORT, OH US",2024-08-25,41.03732,-81.46341,318.1,30.6,15.0,0.0,3.6,0.8,4.5,,
USW00014813,"AKRON FULTON INTERNATIONAL AIRPORT, OH US",2024-08-26,41.03732,-81.46341,318.1,32.2,20.0,0.0,5.4,1.5,7.6,    1,
USW00014813,"AKRON FULTON INTERNATIONAL AIRPORT, OH US",2024-08-27,41.03732,-81.46341,318.1,32.8,20.6,0.0,12.5,2.9,18.3,,
USW00014813,"AKRON FULTON INTERNATIONAL AIRPORT, OH US",2024-08-28,41.03732,-81.46341,318.1,32.8,21.1,0.0,7.2,2.3,10.3,,
USW00014813,"AKRON FULTON INTERNATIONAL AIRPORT, OH US",2024-08-29,41.03732,-81.46341,318.1,30.0,20.0,0.0,4.5,2.0,6.7,,
USW00014813,"AKRON FULTON INTERNATIONAL AIRPORT, OH US",2024-08-30,41.03732,-81.46341,318.1,33.3,17.2,0.0,12.5,2.2,17.4,,
USW00014813,"AKRON FULTON INTERNATIONAL AIRPORT, OH US",2024-08-31,41.03732,-81.46341,318.1,27.8,18.3,0.0,9.8,1.6,16.5,,
