STATION,NAME,DATE,LATITUDE,LONGITUDE,ELEVATION,TMAX,TMIN,PRCP,SNOW,WSF2,WSF5,AWND,WT01,WT03
USW00093736,"CHARLOTTESVILLE ALBEMARLE AIRPORT, VA US",2024-08-01,38.1374,-78.45513,192.3,35.0,20.0,0.0,,6.7,9.8,1.3,,    1
USW00093736,"CHARLOTTESVILLE ALBEMARLE AIRPORT, VA US",2024-08-02,38.1374,-78.45513,192.3,36.1,21.7,0.0,,7.2,13.0,2.6,,    1
USW00093736,"CHARLOTTESVILLE ALBEMARLE AIRPORT, VA US",2024-08-03,38.1374,-78.45513,192.3,33.3,21.1,2.5,0.0,10.3,13.0,3.8,    1,    1
USW00093736,"CHARLOTTESVILLE ALBEMARLE AIRPORT, VA US",2024-08-04,38.1374,-78.45513,192.3,30.6,20.6,0.0,0.0,4.5,6.3,1.7,,    1
USW00093736,"CHARLOTTESVILLE ALBEMARLE AIRPORT, VA US",2024-08-05,38.1374,-78.45513,192.3,,21.1,0.0,,6.3,8.9,2.1,    1,
USW00093736,"CHARLOTTESVILLE ALBEMARLE AIRPORT, VA US",2024-08-06,38.1374,-78.45513,192.3,32.8,22.2,0.0,,7.2,9.8,3.4,    1,
USW00093736,"CHARLOTTESVILLE ALBEMARLE AIRPORT, VA US",2024-08-07,38.1374,-78.45513,192.3,32.2,21.7,0.0,,7.6,10.7,1.7,    1,
USW00093736,"CHARLOTTESVILLE ALBEMARLE AIRPORT, VA US",2024-08-08,38.1374,-78.45513,192.3,25.0,22.2,,,9.8,14.3,3.9,    1,
USW00093736,"CHARLOTTESVILLE ALBEMARLE AIRPORT, VA US",2024-08-09,38.1374,-78.45513,192.3,32.2,22.8,,,9.8,16.5,3.5,    1,
USW00093736,"CHARLOTTESVILLE ALBEMARLE AIRPORT, VA US",2024-08-10,38.1374,-78.45513,192.3,31.7,21.1,0.0,,5.4,7.6,1.0,    1,
USW00093736,"CHARLOTTESVILLE ALBEMARLE AIRPORT, VA US",2024-08-11,38.1374,-78.45513,192.3,28.3,18.3,0.0,,4.0,7.2,0.8,,
USW00093736,"CHARLOTTESVILLE ALBEMARLE AIRPORT, VA US",2024-08-12,38.1374,-78.45513,192.3,30.0,16.7,0.0,,4.0,5.8,0.8,,
USW00093736,"CHARLOTTESVILLE ALBEMARLE AIRPORT, VA US",2024-08-13,38.1374,-78.45513,192.3,28.3,17.2,0.0,,3.6,5.8,0.7,,
USW00093736,"CHARLOTTESVILLE ALBEMARLE AIRPORT, VA US",2024-08-14,38.1374,-78.45513,192.3,29.4,15.6,0.0,,5.4,7.6,1.2,,
USW00093736,"CHARLOTTESVILLE ALBEMARLE AIRPORT, VA US",2024-08-15,38.1374,-78.45513,192.3,30.0,14.4,0.0,,3.1,6.3,1.0,    1,
USW00093736,"CHARLOTTESVILLE ALBEMARLE AIRPORT, VA US",2024-08-16,38.1374,-78.45513,192.3,29.4,16.7,0.0,,6.7,9.4,2.6,,
USW00093736,"CHARLOTTESVILLE ALBEMARLE AIRPORT, VA US",2024-08-17,38.1374,-78.45513,192.3,30.6,20.6,3.8,,7.2,9.4,1.6,    1,    1
USW00093736,"CHARLOTTESVILLE ALBEMARLE AIRPORT, VA US",2024-08-18,38.1374,-78.45513,192.3,30.6,20.0,0.0,,5.8,8.9,1.9,    1,    1
USW00093736,"CHARLOTTESVILLE ALBEMARLE AIRPORT, VA US",2024-08-19,38.1374,-78.45513,192.3,28.3,18.3,5.3,,5.8,9.8,1.4,    1,    1
USW00093736,"CHARLOTTESVILLE ALBEMARLE AIRPORT, VA US",2024-08-20,38.1374,-78.45513,192.3,24.4,15.0,0.0,,6.7,10.7,2.6,,
USW00093736,"CHARLOTTESVILLE ALBEMARLE AIRPORT, VA US",2024-08-21,38.1374,-78.45513,192.3,24.4,10.6,0.0,,5.4,8.5,1.3,,
USW00093736,"CHARLOTTESVILLE ALBEMARLE AIRPORT, VA US",2024-08-22,38.1374,-78.45513,192.3,25.6,10.0,0.0,,4.0,6.3,0.8,,
USW00093736,"CHARLOTTESVILLE ALBEMARLE AIRPORT, VA US",2024-08-23,38.1374,-78.45513,192.3,27.2,11.1,0.0,,4.5,6.7,0.9,    1,
USW00093736,"CHARLOTTESVILLE ALBEMARLE AIRPORT, VA US",2024-08-24,38.1374,-78.45513,192.3,28.3,13.9,0.0,,4.5,6.7,1.5,,
USW00093736,"CHARLOTTESVILLE ALBEMARLE AIRPORT, VA US",2024-08-25,38.1374,-78.45513,192.3,30.6,15.6,0.0,,5.4,6.7,1.5,    1,
USW00093736,"CHARLOTTESVILLE ALBEMARLE AIRPORT, VA US",2024-08-26,38.1374,-78.45513,192.3,33.9,18.3,3.8,,10.7,16.1,1.0,,    1
USW00093736,"CHARLOTTESVILLE ALBEMARLE AIRPORT, VA US",2024-08-27,38.1374,-78.45513,192.3,32.8,19.4,0.0,,4.5,5.8,0.8,    1,
USW00093736,"CHARLOTTESVILLE ALBEMARLE AIRPORT, VA US",2024-08-28,38.1374,-78.45513,192.3,35.0,21.1,0.0,,4.0,6.3,1.3,    1,
USW00093736,"CHARLOTTESVILLE ALBEMARLE AIRPORT, VA US",2024-08-29,38.1374,-78.45513,192.3,34.4,21.1,26.2,,8.9,13.9,1.8,    1,    1
USW00093736,"CHARLOTTESVILLE ALBEMARLE AIRPORT, VA US",2024-08-30,38.1374,-78.45513,192.3,26.7,20.6,0.3,,5.4,6.7,1.7,    1,
USW00093736,"CHARLOTTESVILLE ALBEMARLE AIRPORT, VA US",2024-08-31,38.1374,-78.45513,192.3,26.7,20.0,25.4,,5.8,10.3,1.7,,
