STATION,NAME,DATE,LATITUDE,LONGITUDE,ELEVATION,TMAX,TMIN,PRCP,SNOW,WSF2,WSF5,AWND,WT01,WT03
USW00093736,"CHARLOTTESVILLE ALBEMARLE AIRPORT, VA US",2021-06-01,38.1374,-78.45513,192.3,27.8,11.1,0.0,,6.3,8.5,2.3,,
USW00093736,"CHARLOTTESVILLE ALBEMARLE AIRPORT, VA US",2021-06-02,38.1374,-78.45513,192.3,28.3,17.2,0.0,,8.9,11.6,2.9,    1,
USW00093736,"CHARLOTTESVILLE ALBEMARLE AIRPORT, VA US",2021-06-03,38.1374,-78.45513,192.3,30.6,20.0,2.3,,7.2,10.3,3.2,    1,    1
USW00093736,"CHARLOTTESVILLE ALBEMARLE AIRPORT, VA US",2021-06-04,38.1374,-78.45513,192.3,30.6,18.9,6.4,,7.2,10.7,1.7,    1,    1
USW00093736,"CHARLOTTESVILLE ALBEMARLE AIRPORT, VA US",2021-06-05,38.1374,-78.45513,192.3,32.8,16.7,0.0,,6.7,9.8,1.9,,
USW00093736,"CHARLOTTESVILLE ALBEMARLE AIRPORT, VA US",2021-06-06,38.1374,-78.45513,192.3,34.4,18.3,0.0,,5.8,7.6,2.1,,
USW00093736,"CHARLOTTESVILLE ALBEMARLE AIRPORT, VA US",2021-06-07,38.1374,-78.45513,192.3,31.7,22.2,0.0,,6.7,8.1,2.8,,
USW00093736,"CHARLOTTESVILLE ALBEMARLE AIRPORT, VA US",2021-06-08,38.1374,-78.45513,192.3,34.4,22.8,3.8,,7.6,11.6,1.8,,    1
USW00093736,"CHARLOTTESVILLE ALBEMARLE AIRPORT, VA US",2021-06-09,38.1374,-78.45513,192.3,31.1,22.2,3.3,,7.2,9.4,0.6,    1,    1
USW00093736,"CHARLOTTESVILLE ALBEMARLE AIRPORT, VA US",2021-06-10,38.1374,-78.45513,192.3,31.1,21.7,35.1,,5.8,6.7,1.8,    1,    1
USW00093736,"CHARLOTTESVILLE ALBEMARLE AIRPORT, VA US",2021-06-11,38.1374,-78.45513,192.3,25.6,20.0,12.2,,6.7,8.5,3.4,    1,
USW00093736,"CHARLOTTESVILLE ALBEMARLE AIRPORT, VA US",2021-06-12,38.1374,-78.45513,192.3,25.0,18.9,0.0,,5.4,6.7,2.5,,
USW00093736,"CHARLOTTESVILLE ALBEMARLE AIRPORT, VA US",2021-06-13,38.1374,-78.45513,192.3,28.3,19.4,4.1,,5.8,6.7,1.5,    1,    1
USW00093736,"CHARLOTTESVILLE ALBEMARLE AIRPORT, VA US",2021-06-14,38.1374,-78.45513,192.3,32.2,17.8,0.0,,8.9,13.9,1.8,    1,    1
USW00093736,"CHARLOTTESVILLE ALBEMARLE AIRPORT, VA US",2021-06-15,38.1374,-78.45513,192.3,27.8,17.8,2.0,,5.8,9.4,2.0,    1,
USW00093736,"CHARLOTTESVILLE ALBEMARLE AIRPORT, VA US",2021-06-16,38.1374,-78.45513,192.3,27.2,16.7,0.0,,5.4,7.6,2.2,,
USW00093736,"CHARLOTTESVILLE ALBEMARLE AIRPORT, VA US",2021-06-17,38.1374,-78.45513,192.3,27.2,12.8,0.0,,5.4,7.2,1.4,,
USW00093736,"CHARLOTTESVILLE ALBEMARLE AIRPORT, VA US",2021-06-18,38.1374,-78.45513,192.3,31.1,11.1,0.0,,7.2,9.4,2.3,,
USW00093736,"CHARLOTTESVILLE ALBEMARLE AIRPORT, VA US",2021-06-19,38.1374,-78.45513,192.3,32.8,21.7,0.0,,5.8,7.6,2.0,,
USW00093736,"CHARLOTTESVILLE ALBEMARLE AIRPORT, VA US",2021-06-20,38.1374,-78.45513,192.3,32.2,21.1,0.0,,6.7,8.5,3.0,,
USW00093736,"CHARLOTTESVILLE ALBEMARLE AIRPORT, VA US",2021-06-21,38.1374,-78.45513,192.3,35.0,21.1,0.0,,7.2,10.7,2.4,    1,
USW00093736,"CHARLOTTESVILLE ALBEMARLE AIRPORT, VA US",2021-06-22,38.1374,-78.45513,192.3,26.7,16.1,12.4,,5.8,8.5,1.2,    1,
USW00093736,"CHARLOTTESVILLE ALBEMARLE AIRPORT, VA US",2021-06-23,38.1374,-78.45513,192.3,25.0,13.3,0.0,,4.5,6.3,1.3,,
USW00093736,"CHARLOTTESVILLE ALBEMARLE AIRPORT, VA US",2021-06-24,38.1374,-78.45513,192.3,26.7,11.1,0.0,,4.5,6.3,1.5,,
USW00093736,"CHARLOTTESVILLE ALBEMARLE AIRPORT, VA US",2021-06-25,38.1374,-78.45513,192.3,28.3,12.8,0.0,,6.7,8.1,2.1,,
USW00093736,"CHARLOTTESVILLE ALBEMARLE AIRPORT, VA US",2021-06-26,38.1374,-78.45513,192.3,30.6,21.1,1.0,,7.6,9.8,3.4,    1,
USW00093736,"CHARLOTTESVILLE ALBEMARLE AIRPORT, VA US",2021-06-27,38.1374,-78.45513,192.3,32.8,21.7,0.0,,7.6,10.3,3.9,,
USW00093736,"CHARLOTTESVILLE ALBEMARLE AIRPORT, VA US",2021-06-28,38.1374,-78.45513,192.3,34.4,21.7,0.0,,6.3,8.1,2.9,,
USW00093736,"CHARLOTTESVILLE ALBEMARLE AIRPORT, VA US",2021-06-29,38.1374,-78.45513,192.3,35.0,21.7,0.0,,6.7,8.9,2.1,,
USW00093736,"CHARLOTTESVILLE ALBEMARLE AIRPORT, VA US",2021-06-30,38.1374,-78.45513,192.3,36.7,21.7,0.8,,5.8,8.9,2.0,,    1
