STATION,NAME,DATE,LATITUDE,LONGITUDE,ELEVATION,TMAX,TMIN,PRCP,SNOW,WSF2,WSF5,AWND,WT01,WT03
USW00093736,"CHARLOTTESVILLE ALBEMARLE AIRPORT, VA US",2021-07-01,38.1374,-78.45513,192.3,33.9,21.7,15.0,,9.4,15.7,1.8,    1,    1
USW00093736,"CHARLOTTESVILLE ALBEMARLE AIRPORT, VA US",2021-07-02,38.1374,-78.45513,192.3,28.9,18.3,16.5,,4.0,6.3,1.2,    1,    1
USW00093736,"CHARLOTTESVILLE ALBEMARLE AIRPORT, VA US",2021-07-03,38.1374,-78.45513,192.3,27.2,15.6,0.0,,6.7,9.4,1.7,,
USW00093736,"CHARLOTTESVILLE ALBEMARLE AIRPORT, VA US",2021-07-04,38.1374,-78.45513,192.3,30.0,15.6,4.1,,5.8,8.5,2.2,    1,
USW00093736,"CHARLOTTESVILLE ALBEMARLE AIRPORT, VA US",2021-07-05,38.1374,-78.45513,192.3,32.2,18.3,0.0,,3.1,4.9,0.9,    1,
USW00093736,"CHARLOTTESVILLE ALBEMARLE AIRPORT, VA US",2021-07-06,38.1374,-78.45513,192.3,35.0,20.0,0.0,,4.0,6.3,1.7,    1,
USW00093736,"CHARLOTTESVILLE ALBEMARLE AIRPORT, VA US",2021-07-07,38.1374,-78.45513,192.3,33.9,22.2,0.0,,7.2,9.4,1.8,,    1
USW00093736,"CHARLOTTESVILLE ALBEMARLE AIRPORT, VA US",2021-07-08,38.1374,-78.45513,192.3,28.3,21.1,8.9,,13.4,19.2,2.0,    1,    1
USW00093736,"CHARLOTTESVILLE ALBEMARLE AIRPORT, VA US",2021-07-09,38.1374,-78.45513,192.3,32.2,20.0,0.0,,5.8,7.6,1.8,,
USW00093736,"CHARLOTTESVILLE ALBEMARLE AIRPORT, VA US",2021-07-10,38.1374,-78.45513,192.3,31.1,20.0,0.0,,4.0,5.8,1.7,,
USW00093736,"CHARLOTTESVILLE ALBEMARLE AIRPORT, VA US",2021-07-11,38.1374,-78.45513,192.3,32.2,21.1,4.6,,10.3,13.4,2.3,,
USW00093736,"CHARLOTTESVILLE ALBEMARLE AIRPORT, VA US",2021-07-12,38.1374,-78.45513,192.3,34.4,23.3,0.0,,9.8,13.0,3.7,    1,
USW00093736,"CHARLOTTESVILLE ALBEMARLE AIRPORT, VA US",2021-07-13,38.1374,-78.45513,192.3,34.4,22.8,0.0,,9.4,12.1,3.9,,
USW00093736,"CHARLOTTESVILLE ALBEMARLE AIRPORT, VA US",2021-07-14,38.1374,-78.45513,192.3,34.4,21.7,4.6,,6.7,8.1,2.2,    1,    1
USW00093736,"CHARLOTTESVILLE ALBEMARLE AIRPORT, VA US",2021-07-15,38.1374,-78.45513,192.3,33.9,21.1,0.0,,6.3,8.1,0.8,    1,    1
USW00093736,"CHARLOTTESVILLE ALBEMARLE AIRPORT, VA US",2021-07-16,38.1374,-78.45513,192.3,35.6,20.0,0.0,,5.4,6.7,1.3,    1,
USW00093736,"CHARLOTTESVILLE ALBEMARLE AIRPORT, VA US",2021-07-17,38.1374,-78.45513,192.3,35.0,21.7,6.1,,9.4,14.3,2.4,,    1
USW00093736,"CHARLOTTESVILLE ALBEMARLE AIRPORT, VA US",2021-07-18,38.1374,-78.45513,192.3,31.1,20.6,0.0,,5.4,7.6,1.8,,
USW00093736,"CHARLOTTESVILLE ALBEMARLE AIRPORT, VA US",2021-07-19,38.1374,-78.45513,192.3,31.7,19.4,0.0,,4.0,5.4,1.3,,
USW00093736,"CHARLOTTESVILLE ALBEMARLE AIRPORT, VA US",2021-07-20,38.1374,-78.45513,192.3,33.3,17.8,0.0,,7.2,8.9,2.1,    1,
USW00093736,"CHARLOTTESVILLE ALBEMARLE AIRPORT, VA US",2021-07-21,38.1374,-78.45513,192.3,33.9,20.0,0.0,,6.7,9.4,1.7,    1,
USW00093736,"CHARLOTTESVILLE ALBEMARLE AIRPORT, VA US",2021-07-22,38.1374,-78.45513,192.3,30.0,18.3,0.0,,5.4,6.7,1.8,,
USW00093736,"CHARLOTTESVILLE ALBEMARLE AIRPORT, VA US",2021-07-23,38.1374,-78.45513,192.3,31.1,18.3,0.0,,4.5,5.8,1.5,,
USW00093736,"CHARLOTTESVILLE ALBEMARLE AIRPORT, VA US",2021-07-24,38.1374,-78.45513,192.3,32.2,19.4,0.0,,6.7,9.4,2.3,,
USW00093736,"CHARLOTTESVILLE ALBEMARLE AIRPORT, VA US",2021-07-25,38.1374,-78.45513,192.3,31.7,22.2,0.3,,5.8,10.7,3.4,    1,    1
USW00093736,"CHARLOTTESVILLE ALBEMARLE AIRPORT, VA US",2021-07-26,38.1374,-78.45513,192.3,33.3,21.1,0.5,,5.4,5.8,1.2,    1,
USW00093736,"CHARLOTTESVILLE ALBEMARLE AIRPORT, VA US",2021-07-27,38.1374,-78.45513,192.3,35.6,20.0,0.0,,4.0,6.7,1.2,    1,
USW00093736,"CHARLOTTESVILLE ALBEMARLE AIRPORT, VA US",2021-07-28,38.1374,-78.45513,192.3,35.6,21.1,3.6,,5.8,8.1,1.5,,    1
USW00093736,"CHARLOTTESVILLE ALBEMARLE AIRPORT, VA US",2021-07-29,38.1374,-78.45513,192.3,33.9,20.0,0.0,,7.2,8.9,1.7,    1,
USW00093736,"CHARLOTTESVILLE ALBEMARLE AIRPORT, VA US",2021-07-30,38.1374,-78.45513,192.3,35.0,22.2,0.0,,7.2,8.9,1.8,,
USW00093736,"CHARLOTTESVILLE ALBEMARLE AIRPORT, VA US",2021-07-31,38.1374,-78.45513,192.3,30.0,20.0,0.0,,5.8,8.1,1.9,,
