STATION,NAME,DATE,LATITUDE,LONGITUDE,ELEVATION,TMAX,TMIN,PRCP,WSF2,AWND,WSF5,WT01,WT03
USW00004853,"CLEVELAND BURKE LAKEFRONT AIRPORT, OH US",2021-08-01,41.52568,-81.66908,177.5,24.4,18.9,10.7,10.7,5.8,13.4,,
USW00004853,"CLEVELAND BURKE LAKEFRONT AIRPORT, OH US",2021-08-02,41.52568,-81.66908,177.5,24.4,19.4,0.0,9.4,3.5,11.2,,
USW00004853,"CLEVELAND BURKE LAKEFRONT AIRPORT, OH US",2021-08-03,41.52568,-81.66908,177.5,26.1,16.7,0.0,5.8,3.6,7.6,,
USW00004853,"CLEVELAND BURKE LAKEFRONT AIRPORT, OH US",2021-08-04,41.52568,-81.66908,177.5,26.7,17.2,0.0,5.8,2.7,8.5,,
USW00004853,"CLEVELAND BURKE LAKEFRONT AIRPORT, OH US",2021-08-05,41.52568,-81.66908,177.5,27.2,17.2,0.0,4.5,2.2,5.8,,
USW00004853,"CLEVELAND BURKE LAKEFRONT AIRPORT, OH US",2021-08-06,41.52568,-81.66908,177.5,32.2,20.6,0.0,9.8,5.1,17.9,,
USW00004853,"CLEVELAND BURKE LAKEFRONT AIRPORT, OH US",2021-08-07,41.52568,-81.66908,177.5,28.9,22.2,3.6,9.4,3.3,11.2,,    1
USW00004853,"CLEVELAND BURKE LAKEFRONT AIRPORT, OH US",2021-08-08,41.52568,-81.66908,177.5,31.1,20.6,3.6,7.6,3.9,9.4,,
USW00004853,"CLEVELAND BURKE LAKEFRONT AIRPORT, OH US",2021-08-09,41.52568,-81.66908,177.5,34.4,23.9,0.0,12.5,5.3,14.3,,
USW00004853,"CLEVELAND BURKE LAKEFRONT AIRPORT, OH US",2021-08-10,41.52568,-81.66908,177.5,31.7,22.8,8.6,9.8,5.7,13.9,    1,    1
USW00004853,"CLEVELAND BURKE LAKEFRONT AIRPORT, OH US",2021-08-11,41.52568,-81.66908,177.5,31.7,21.7,8.9,20.1,5.8,24.6,,
USW00004853,"CLEVELAND BURKE LAKEFRONT AIRPORT, OH US",2021-08-12,41.52568,-81.66908,177.5,32.8,22.2,21.6,9.4,4.5,13.0,,
USW00004853,"CLEVELAND BURKE LAKEFRONT AIRPORT, OH US",2021-08-13,41.52568,-81.66908,177.5,28.9,22.2,34.8,13.4,3.6,16.1,,
USW00004853,"CLEVELAND BURKE LAKEFRONT AIRPORT, OH US",2021-08-14,41.52568,-81.66908,177.5,25.6,20.0,0.0,8.9,4.5,10.7,,
USW00004853,"CLEVELAND BURKE LAKEFRONT AIRPORT, OH US",2021-08-15,41.52568,-81.66908,177.5,24.4,17.8,0.0,7.6,4.4,10.3,,
USW00004853,"CLEVELAND BURKE LAKEFRONT AIRPORT, OH US",2021-08-16,41.52568,-81.66908,177.5,25.0,20.6,0.5,4.5,2.1,6.3,,
USW00004853,"CLEVELAND BURKE LAKEFRONT AIRPORT, OH US",2021-08-17,41.52568,-81.66908,177.5,25.6,21.7,0.0,4.5,2.6,5.8,,
USW00004853,"CLEVELAND BURKE LAKEFRONT AIRPORT, OH US",2021-08-18,41.52568,-81.66908,177.5,26.7,23.3,0.0,6.7,3.5,8.1,,
USW00004853,"CLEVELAND BURKE LAKEFRONT AIRPORT, OH US",2021-08-19,41.52568,-81.66908,177.5,27.2,23.3,0.0,5.8,2.6,6.3,,
USW00004853,"CLEVELAND BURKE LAKEFRONT AIRPORT, OH US",2021-08-20,41.52568,-81.66908,177.5,28.3,20.6,0.0,3.6,1.7,6.3,,
USW00004853,"CLEVELAND BURKE LAKEFRONT AIRPORT, OH US",2021-08-21,41.52568,-81.66908,177.5,27.2,20.0,0.0,4.5,1.7,5.4,,
USW00004853,"CLEVELAND BURKE LAKEFRONT AIRPORT, OH US",2021-08-22,41.52568,-81.66908,177.5,28.9,22.2,0.0,4.5,2.2,5.8,,
USW00004853,"CLEVELAND BURKE LAKEFRONT AIRPORT, OH US",2021-08-23,41.52568,-81.66908,177.5,28.3,24.4,0.0,8.1,3.3,9.4,,
USW00004853,"CLEVELAND BURKE LAKEFRONT AIRPORT, OH US",2021-08-24,41.52568,-81.66908,177.5,30.6,22.2,0.0,9.8,2.6,13.0,,
USW00004853,"CLEVELAND BURKE LAKEFRONT AIRPORT, OH US",2021-08-25,41.52568,-81.66908,177.5,27.2,23.9,5.8,11.2,3.4,14.3,,
USW00004853,"CLEVELAND BURKE LAKEFRONT AIRPORT, OH US",2021-08-26,41.52568,-81.66908,177.5,28.9,22.8,0.0,5.8,1.9,7.2,,
USW00004853,"CLEVELAND BURKE LAKEFRONT AIRPORT, OH US",2021-08-27,41.52568,-81.66908,177.5,30.6,23.9,0.0,5.4,2.8,6.3,,
USW00004853,"CLEVELAND BURKE LAKEFRONT AIRPORT, OH US",2021-08-28,41.52568,-81.66908,177.5,30.6,24.4,0.0,5.4,2.4,6.3,,
USW00004853,"CLEVELAND BURKE LAKEFRONT AIRPORT, OH US",2021-08-29,41.52568,-81.66908,177.5,31.1,23.3,15.2,10.7,3.4,12.5,,
USW00004853,"CLEVELAND BURKE LAKEFRONT AIRPORT, OH US",2021-08-30,41.52568,-81.66908,177.5,27.8,22.8,8.4,9.4,4.3,12.1,,
USW00004853,"CLEVELAND BURKE LAKEFRONT AIRPORT, OH US",2021-08-31,41.52568,-81.66908,177.5,26.7,21.7,0.0,7.2,4.0,11.6,,
