STATION,NAME,DATE,LATITUDE,LONGITUDE,ELEVATION,TMAX,TMIN,PRCP,WSF2,AWND,WSF5,WT01,WT03
USW00004853,"CLEVELAND BURKE LAKEFRONT AIRPORT, OH US",2024-06-01,41.52568,-81.66908,177.5,28.3,13.9,0.0,7.2,4.3,10.7,,
USW00004853,"CLEVELAND BURKE LAKEFRONT AIRPORT, OH US",2024-06-02,41.52568,-81.66908,177.5,23.3,18.9,0.3,7.2,3.5,10.3,,
USW00004853,"CLEVELAND BURKE LAKEFRONT AIRPORT, OH US",2024-06-03,41.52568,-81.66908,177.5,21.7,18.9,0.0,6.3,3.1,8.1,,
USW00004853,"CLEVELAND BURKE LAKEFRONT AIRPORT, OH US",2024-06-04,41.52568,-81.66908,177.5,30.6,21.1,0.0,7.2,4.1,9.8,,
USW00004853,"CLEVELAND BURKE LAKEFRONT AIRPORT, OH US",2024-06-05,41.52568,-81.66908,177.5,31.7,21.7,0.0,11.2,4.4,15.2,,
USW00004853,"CLEVELAND BURKE LAKEFRONT AIRPORT, OH US",2024-06-06,41.52568,-81.66908,177.5,25.6,20.6,0.0,8.1,4.1,10.7,,
USW00004853,"CLEVELAND BURKE LAKEFRONT AIRPORT, OH US",2024-06-07,41.52568,-81.66908,177.5,22.8,18.9,0.0,13.9,7.0,17.9,,
USW00004853,"CLEVELAND BURKE LAKEFRONT AIRPORT, OH US",2024-06-08,41.52568,-81.66908,177.5,25.6,14.4,0.8,10.7,4.1,14.8,,
USW00004853,"CLEVELAND BURKE LAKEFRONT AIRPORT, OH US",2024-06-09,41.52568,-81.66908,177.5,25.0,15.6,3.0,13.0,6.7,17.4,,
USW00004853,"CLEVELAND BURKE LAKEFRONT AIRPORT, OH US",2024-06-10,41.52568,-81.66908,177.5,17.2,15.0,0.0,8.9,4.2,10.7,,
USW00004853,"CLEVELAND BURKE LAKEFRONT AIRPORT, OH US",2024-06-11,41.52568,-81.66908,177.5,20.6,12.8,0.0,6.3,3.1,8.1,,
USW00004853,"CLEVELAND BURKE LAKEFRONT AIRPORT, OH US",2024-06-12,41.52568,-81.66908,177.5,28.3,15.6,0.0,6.7,3.8,9.4,,
USW00004853,"CLEVELAND BURKE LAKEFRONT AIRPORT, OH US",2024-06-13,41.52568,-81.66908,177.5,33.9,22.2,0.0,9.8,5.8,13.4,,
USW00004853,"CLEVELAND BURKE LAKEFRONT AIRPORT, OH US",2024-06-14,41.52568,-81.66908,177.5,25.6,18.9,0.0,8.1,4.4,10.7,,
USW00004853,"CLEVELAND BURKE LAKEFRONT AIRPORT, OH US",2024-06-15,41.52568,-81.66908,177.5,23.9,16.7,0.0,7.6,3.0,9.4,,
USW00004853,"CLEVELAND BURKE LAKEFRONT AIRPORT, OH US",2024-06-16,41.52568,-81.66908,177.5,28.9,16.1,0.0,7.6,4.0,9.8,,
USW00004853,"CLEVELAND BURKE LAKEFRONT AIRPORT, OH US",2024-06-17,41.52568,-81.66908,177.5,34.4,23.9,1.5,8.9,4.5,11.6,,
USW00004853,"CLEVELAND BURKE LAKEFRONT AIRPORT, OH US",2024-06-18,41.52568,-81.66908,177.5,33.9,23.3,17.0,9.8,4.2,13.9,,
USW00004853,"CLEVELAND BURKE LAKEFRONT AIRPORT, OH US",2024-06-19,41.52568,-81.66908,177.5,33.9,26.1,0.0,6.3,3.8,8.5,,
USW00004853,"CLEVELAND BURKE LAKEFRONT AIRPORT, OH US",2024-06-20,41.52568,-81.66908,177.5,32.2,24.4,0.0,6.7,3.5,8.9,,
USW00004853,"CLEVELAND BURKE LAKEFRONT AIRPORT, OH US",2024-06-21,41.52568,-81.66908,177.5,30.0,23.9,0.0,4.0,1.7,4.9,,
USW00004853,"CLEVELAND BURKE LAKEFRONT AIRPORT, OH US",2024-06-22,41.52568,-81.66908,177.5,34.4,25.6,0.0,9.8,3.4,13.0,,
USW00004853,"CLEVELAND BURKE LAKEFRONT AIRPORT, OH US",2024-06-23,41.52568,-81.66908,177.5,30.6,22.2,2.3,15.7,6.8,20.6,,
USW00004853,"CLEVELAND BURKE LAKEFRONT AIRPORT, OH US",2024-06-24,41.52568,-81.66908,177.5,26.1,21.7,0.0,7.2,3.2,9.4,,
USW00004853,"CLEVELAND BURKE LAKEFRONT AIRPORT, OH US",2024-06-25,41.52568,-81.66908,177.5,30.0,21.1,1.5,12.5,6.4,17.4,,
USW00004853,"CLEVELAND BURKE LAKEFRONT AIRPORT, OH US",2024-06-26,41.52568,-81.66908,177.5,29.4,20.0,3.6,14.3,3.5,19.7,,
USW00004853,"CLEVELAND BURKE LAKEFRONT AIRPORT, OH US",2024-06-27,41.52568,-81.66908,177.5,22.8,18.9,0.0,8.9,4.2,10.3,,
USW00004853,"CLEVELAND BURKE LAKEFRONT AIRPORT, OH US",2024-06-28,41.52568,-81.66908,177.5,28.9,17.2,0.0,7.2,3.5,9.4,,
USW00004853,"CLEVELAND BURKE LAKEFRONT AIRPORT, OH US",2024-06-29,41.52568,-81.66908,177.5,31.1,24.4,16.5,11.6,6.1,17.4,,
USW00004853,"CLEVELAND BURKE LAKEFRONT AIRPORT, OH US",2024-06-30,41.52568,-81.66908,177.5,27.2,17.2,0.0,10.3,6.6,13.0,,
