STATION,NAME,DATE,LATITUDE,LONGITUDE,ELEVATION,TMAX,TMIN,PRCP,WSF2,AWND,WSF5,WT01,WT03
USW00004853,"CLEVELAND BURKE LAKEFRONT AIRPORT, OH US",2023-05-01,41.52568,-81.66908,177.5,10.0,3.3,10.7,13.9,7.8,16.5,,
USW00004853,"CLEVELAND BURKE LAKEFRONT AIRPORT, OH US",2023-05-02,41.52568,-81.66908,177.5,7.2,3.3,20.1,15.7,10.2,20.6,,
USW00004853,"CLEVELAND BURKE LAKEFRONT AIRPORT, OH US",2023-05-03,41.52568,-81.66908,177.5,10.6,5.0,3.8,12.5,8.2,15.2,,
USW00004853,"CLEVELAND BURKE LAKEFRONT AIRPORT, OH US",2023-05-04,41.52568,-81.66908,177.5,13.3,8.9,0.0,6.7,3.3,8.1,,
USW00004853,"CLEVELAND BURKE LAKEFRONT AIRPORT, OH US",2023-05-05,41.52568,-81.66908,177.5,17.2,7.8,0.0,8.9,4.6,10.3,,
USW00004853,"CLEVELAND BURKE LAKEFRONT AIRPORT, OH US",2023-05-06,41.52568,-81.66908,177.5,18.3,9.4,0.0,8.9,3.0,10.7,,
USW00004853,"CLEVELAND BURKE LAKEFRONT AIRPORT, OH US",2023-05-07,41.52568,-81.66908,177.5,23.9,12.8,0.0,8.1,2.9,10.3,,
USW00004853,"CLEVELAND BURKE LAKEFRONT AIRPORT, OH US",2023-05-08,41.52568,-81.66908,177.5,15.0,10.6,,7.6,3.0,9.8,,
USW00004853,"CLEVELAND BURKE LAKEFRONT AIRPORT, OH US",2023-05-09,41.52568,-81.66908,177.5,15.6,10.6,0.0,8.9,3.8,10.7,,
USW00004853,"CLEVELAND BURKE LAKEFRONT AIRPORT, OH US",2023-05-10,41.52568,-81.66908,177.5,16.7,7.8,0.0,4.0,1.7,5.8,,
USW00004853,"CLEVELAND BURKE LAKEFRONT AIRPORT, OH US",2023-05-11,41.52568,-81.66908,177.5,22.8,11.7,0.0,5.4,2.8,6.7,,
USW00004853,"CLEVELAND BURKE LAKEFRONT AIRPORT, OH US",2023-05-12,41.52568,-81.66908,177.5,26.1,16.1,0.0,6.3,3.6,7.6,,
USW00004853,"CLEVELAND BURKE LAKEFRONT AIRPORT, OH US",2023-05-13,41.52568,-81.66908,177.5,21.7,13.9,1.3,5.8,1.7,7.2,    1,
USW00004853,"CLEVELAND BURKE LAKEFRONT AIRPORT, OH US",2023-05-14,41.52568,-81.66908,177.5,15.6,11.1,0.0,11.6,5.5,13.9,,
USW00004853,"CLEVELAND BURKE LAKEFRONT AIRPORT, OH US",2023-05-15,41.52568,-81.66908,177.5,16.7,10.0,0.0,5.8,2.6,11.2,,
USW00004853,"CLEVELAND BURKE LAKEFRONT AIRPORT, OH US",2023-05-16,41.52568,-81.66908,177.5,19.4,10.6,0.0,7.2,3.5,9.4,,
USW00004853,"CLEVELAND BURKE LAKEFRONT AIRPORT, OH US",2023-05-17,41.52568,-81.66908,177.5,13.3,7.8,0.0,9.4,5.6,11.2,,
USW00004853,"CLEVELAND BURKE LAKEFRONT AIRPORT, OH US",2023-05-18,41.52568,-81.66908,177.5,13.3,6.1,0.0,7.6,3.4,9.8,,
USW00004853,"CLEVELAND BURKE LAKEFRONT AIRPORT, OH US",2023-05-19,41.52568,-81.66908,177.5,26.7,12.8,16.3,8.9,4.7,12.1,,
USW00004853,"CLEVELAND BURKE LAKEFRONT AIRPORT, OH US",2023-05-20,41.52568,-81.66908,177.5,17.2,12.2,17.0,8.9,3.7,9.8,    1,
USW00004853,"CLEVELAND BURKE LAKEFRONT AIRPORT, OH US",2023-05-21,41.52568,-81.66908,177.5,20.0,11.7,0.0,6.3,3.0,7.6,,
USW00004853,"CLEVELAND BURKE LAKEFRONT AIRPORT, OH US",2023-05-22,41.52568,-81.66908,177.5,18.9,13.3,0.0,8.1,3.5,9.8,,
USW00004853,"CLEVELAND BURKE LAKEFRONT AIRPORT, OH US",2023-05-23,41.52568,-81.66908,177.5,22.8,13.3,0.0,6.3,3.0,7.6,,
USW00004853,"CLEVELAND BURKE LAKEFRONT AIRPORT, OH US",2023-05-24,41.52568,-81.66908,177.5,22.2,12.8,0.0,8.9,4.2,10.7,,
USW00004853,"CLEVELAND BURKE LAKEFRONT AIRPORT, OH US",2023-05-25,41.52568,-81.66908,177.5,13.3,9.4,0.0,13.0,6.4,15.2,,
USW00004853,"CLEVELAND BURKE LAKEFRONT AIRPORT, OH US",2023-05-26,41.52568,-81.66908,177.5,16.1,8.3,0.0,8.9,4.3,10.3,,
USW00004853,"CLEVELAND BURKE LAKEFRONT AIRPORT, OH US",2023-05-27,41.52568,-81.66908,177.5,17.8,11.1,0.0,6.3,2.6,7.6,,
USW00004853,"CLEVELAND BURKE LAKEFRONT AIRPORT, OH US",2023-05-28,41.52568,-81.66908,177.5,20.6,13.3,0.0,5.8,2.4,7.2,,
USW00004853,"CLEVELAND BURKE LAKEFRONT AIRPORT, OH US",2023-05-29,41.52568,-81.66908,177.5,21.7,13.9,0.0,8.1,2.9,10.3,,
USW00004853,"CLEVELAND BURKE LAKEFRONT AIRPORT, OH US",2023-05-30,41.52568,-81.66908,177.5,29.4,15.6,0.0,7.6,4.3,9.8,,
USW00004853,"CLEVELAND BURKE LAKEFRONT AIRPORT, OH US",2023-05-31,41.52568,-81.66908,177.5,28.3,18.3,0.0,7.6,3.8,10.3,,
