STATION,NAME,DATE,LATITUDE,LONGITUDE,ELEVATION,TMAX,TMIN,PRCP,WSF2,WSF5,AWND,WT01,WT03
USW00004804,"COLUMBUS OHIO STATE UNIVERSITY AIRPORT, OH US",2021-08-01,40.078406,-83.078332,275.0,26.1,14.4,7.4,9.4,11.6,3.4,    1,    1
USW00004804,"COLUMBUS OHIO STATE UNIVERSITY AIRPORT, OH US",2021-08-02,40.078406,-83.078332,275.0,26.7,13.9,0.0,5.8,6.7,2.6,,
USW00004804,"COLUMBUS OHIO STATE UNIVERSITY AIRPORT, OH US",2021-08-03,40.078406,-83.078332,275.0,27.8,13.9,0.0,6.3,8.5,2.1,,
USW00004804,"COLUMBUS OHIO STATE UNIVERSITY AIRPORT, OH US",2021-08-04,40.078406,-83.078332,275.0,28.9,15.0,0.0,6.3,7.2,2.8,,
USW00004804,"COLUMBUS OHIO STATE UNIVERSITY AIRPORT, OH US",2021-08-05,40.078406,-83.078332,275.0,30.0,16.1,0.0,4.0,5.4,0.9,,
USW00004804,"COLUMBUS OHIO STATE UNIVERSITY AIRPORT, OH US",2021-08-06,40.078406,-83.078332,275.0,30.0,20.0,0.0,7.6,10.3,3.4,,
USW00004804,"COLUMBUS OHIO STATE UNIVERSITY AIRPORT, OH US",2021-08-07,40.078406,-83.078332,275.0,30.0,19.4,15.2,10.3,14.8,2.2,    1,    1
USW00004804,"COLUMBUS OHIO STATE UNIVERSITY AIRPORT, OH US",2021-08-08,40.078406,-83.078332,275.0,31.7,18.9,0.0,5.8,7.2,2.5,    1,
USW00004804,"COLUMBUS OHIO STATE UNIVERSITY AIRPORT, OH US",2021-08-09,40.078406,-83.078332,275.0,30.6,22.2,2.8,11.2,13.9,4.1,    1,
USW00004804,"COLUMBUS OHIO STATE UNIVERSITY AIRPORT, OH US",2021-08-10,40.078406,-83.078332,275.0,30.6,21.7,0.0,8.9,12.1,4.9,,    1
USW00004804,"COLUMBUS OHIO STATE UNIVERSITY AIRPORT, OH US",2021-08-11,40.078406,-83.078332,275.0,32.8,22.2,26.7,16.5,25.9,4.1,    1,    1
USW00004804,"COLUMBUS OHIO STATE UNIVERSITY AIRPORT, OH US",2021-08-12,40.078406,-83.078332,275.0,32.8,22.2,7.9,15.7,21.5,4.5,    1,    1
USW00004804,"COLUMBUS OHIO STATE UNIVERSITY AIRPORT, OH US",2021-08-13,40.078406,-83.078332,275.0,32.2,21.1,9.1,11.6,16.1,3.1,    1,    1
USW00004804,"COLUMBUS OHIO STATE UNIVERSITY AIRPORT, OH US",2021-08-14,40.078406,-83.078332,275.0,28.3,18.9,0.0,6.7,9.4,3.7,,
USW00004804,"COLUMBUS OHIO STATE UNIVERSITY AIRPORT, OH US",2021-08-15,40.078406,-83.078332,275.0,25.0,17.8,0.0,6.7,8.5,3.4,,
USW00004804,"COLUMBUS OHIO STATE UNIVERSITY AIRPORT, OH US",2021-08-16,40.078406,-83.078332,275.0,26.1,19.4,12.7,2.7,3.1,1.3,    1,
USW00004804,"COLUMBUS OHIO STATE UNIVERSITY AIRPORT, OH US",2021-08-17,40.078406,-83.078332,275.0,26.7,20.6,1.5,4.0,4.9,1.8,    1,
USW00004804,"COLUMBUS OHIO STATE UNIVERSITY AIRPORT, OH US",2021-08-18,40.078406,-83.078332,275.0,30.6,22.2,0.3,6.3,7.2,2.6,    1,
USW00004804,"COLUMBUS OHIO STATE UNIVERSITY AIRPORT, OH US",2021-08-19,40.078406,-83.078332,275.0,30.0,20.6,0.3,3.6,4.0,0.8,    1,
USW00004804,"COLUMBUS OHIO STATE UNIVERSITY AIRPORT, OH US",2021-08-20,40.078406,-83.078332,275.0,31.1,18.9,0.0,4.0,5.8,0.9,    1,
USW00004804,"COLUMBUS OHIO STATE UNIVERSITY AIRPORT, OH US",2021-08-21,40.078406,-83.078332,275.0,31.1,18.9,0.0,4.0,5.4,0.9,    1,
USW00004804,"COLUMBUS OHIO STATE UNIVERSITY AIRPORT, OH US",2021-08-22,40.078406,-83.078332,275.0,32.2,19.4,0.0,4.5,6.3,1.5,    1,
USW00004804,"COLUMBUS OHIO STATE UNIVERSITY AIRPORT, OH US",2021-08-23,40.078406,-83.078332,275.0,32.2,21.7,0.0,6.7,8.9,2.2,    1,
USW00004804,"COLUMBUS OHIO STATE UNIVERSITY AIRPORT, OH US",2021-08-24,40.078406,-83.078332,275.0,33.9,20.0,0.0,5.4,6.7,1.1,    1,
USW00004804,"COLUMBUS OHIO STATE UNIVERSITY AIRPORT, OH US",2021-08-25,40.078406,-83.078332,275.0,31.1,22.2,17.8,10.3,13.0,2.4,    1,    1
USW00004804,"COLUMBUS OHIO STATE UNIVERSITY AIRPORT, OH US",2021-08-26,40.078406,-83.078332,275.0,32.2,21.7,0.0,6.3,8.1,1.8,    1,    1
USW00004804,"COLUMBUS OHIO STATE UNIVERSITY AIRPORT, OH US",2021-08-27,40.078406,-83.078332,275.0,33.9,20.6,0.0,9.8,13.0,1.4,,    1
USW00004804,"COLUMBUS OHIO STATE UNIVERSITY AIRPORT, OH US",2021-08-28,40.078406,-83.078332,275.0,32.8,21.7,0.0,5.8,7.6,2.0,,
USW00004804,"COLUMBUS OHIO STATE UNIVERSITY AIRPORT, OH US",2021-08-29,40.078406,-83.078332,275.0,32.8,22.8,0.0,7.6,9.4,3.1,,    1
USW00004804,"COLUMBUS OHIO STATE UNIVERSITY AIRPORT, OH US",2021-08-30,40.078406,-83.078332,275.0,28.9,21.7,4.3,7.2,8.9,3.1,    1,    1
USW00004804,"COLUMBUS OHIO STATE UNIVERSITY AIRPORT, OH US",2021-08-31,40.078406,-83.078332,275.0,25.0,21.7,5.8,5.4,6.3,2.1,    1,
