STATION,NAME,DATE,LATITUDE,LONGITUDE,ELEVATION,TMAX,TMIN,PRCP,WSF2,WSF5,AWND,WT01,WT03
USW00004804,"COLUMBUS OHIO STATE UNIVERSITY AIRPORT, OH US",2024-06-01,40.078406,-83.078332,275.0,27.8,8.9,0.3,8.9,11.6,3.5,,
USW00004804,"COLUMBUS OHIO STATE UNIVERSITY AIRPORT, OH US",2024-06-02,40.078406,-83.078332,275.0,22.8,17.8,1.5,6.7,10.3,3.1,    1,
USW00004804,"COLUMBUS OHIO STATE UNIVERSITY AIRPORT, OH US",2024-06-03,40.078406,-83.078332,275.0,30.0,16.1,0.0,5.8,8.5,1.2,    1,
USW00004804,"COLUMBUS OHIO STATE UNIVERSITY AIRPORT, OH US",2024-06-04,40.078406,-83.078332,275.0,31.7,17.2,0.0,7.6,10.7,2.6,    1,
USW00004804,"COLUMBUS OHIO STATE UNIVERSITY AIRPORT, OH US",2024-06-05,40.078406,-83.078332,275.0,28.9,21.1,24.4,8.9,12.5,4.0,    1,    1
USW00004804,"COLUMBUS OHIO STATE UNIVERSITY AIRPORT, OH US",2024-06-06,40.078406,-83.078332,275.0,27.8,18.9,0.0,9.8,13.0,4.3,    1,
USW00004804,"COLUMBUS OHIO STATE UNIVERSITY AIRPORT, OH US",2024-06-07,40.078406,-83.078332,275.0,26.1,15.6,0.0,10.3,15.2,5.3,,
USW00004804,"COLUMBUS OHIO STATE UNIVERSITY AIRPORT, OH US",2024-06-08,40.078406,-83.078332,275.0,27.2,12.2,0.0,8.1,11.6,3.3,,
USW00004804,"COLUMBUS OHIO STATE UNIVERSITY AIRPORT, OH US",2024-06-09,40.078406,-83.078332,275.0,26.7,15.6,0.0,9.8,14.3,4.6,,
USW00004804,"COLUMBUS OHIO STATE UNIVERSITY AIRPORT, OH US",2024-06-10,40.078406,-83.078332,275.0,18.9,10.6,0.0,6.7,9.8,3.1,,
USW00004804,"COLUMBUS OHIO STATE UNIVERSITY AIRPORT, OH US",2024-06-11,40.078406,-83.078332,275.0,25.0,8.9,0.0,4.5,6.3,1.0,    1,
USW00004804,"COLUMBUS OHIO STATE UNIVERSITY AIRPORT, OH US",2024-06-12,40.078406,-83.078332,275.0,29.4,13.3,0.0,5.8,7.2,2.4,,
USW00004804,"COLUMBUS OHIO STATE UNIVERSITY AIRPORT, OH US",2024-06-13,40.078406,-83.078332,275.0,31.7,14.4,0.0,8.1,10.7,3.1,,
USW00004804,"COLUMBUS OHIO STATE UNIVERSITY AIRPORT, OH US",2024-06-14,40.078406,-83.078332,275.0,31.1,18.3,0.0,8.1,10.7,2.8,,    1
USW00004804,"COLUMBUS OHIO STATE UNIVERSITY AIRPORT, OH US",2024-06-15,40.078406,-83.078332,275.0,28.9,13.9,0.0,6.3,8.9,2.8,,
USW00004804,"COLUMBUS OHIO STATE UNIVERSITY AIRPORT, OH US",2024-06-16,40.078406,-83.078332,275.0,32.8,13.9,0.0,6.3,8.9,2.8,,
USW00004804,"COLUMBUS OHIO STATE UNIVERSITY AIRPORT, OH US",2024-06-17,40.078406,-83.078332,275.0,36.1,22.2,0.0,7.2,10.3,3.3,,
USW00004804,"COLUMBUS OHIO STATE UNIVERSITY AIRPORT, OH US",2024-06-18,40.078406,-83.078332,275.0,35.0,23.3,0.0,6.3,8.5,2.4,,
USW00004804,"COLUMBUS OHIO STATE UNIVERSITY AIRPORT, OH US",2024-06-19,40.078406,-83.078332,275.0,33.3,23.9,0.0,5.8,7.6,2.4,    1,
USW00004804,"COLUMBUS OHIO STATE UNIVERSITY AIRPORT, OH US",2024-06-20,40.078406,-83.078332,275.0,35.0,21.1,0.0,5.8,8.5,2.2,    1,
USW00004804,"COLUMBUS OHIO STATE UNIVERSITY AIRPORT, OH US",2024-06-21,40.078406,-83.078332,275.0,36.7,22.8,0.0,5.8,8.1,2.2,,
USW00004804,"COLUMBUS OHIO STATE UNIVERSITY AIRPORT, OH US",2024-06-22,40.078406,-83.078332,275.0,35.6,23.3,0.0,7.6,11.2,3.6,,
USW00004804,"COLUMBUS OHIO STATE UNIVERSITY AIRPORT, OH US",2024-06-23,40.078406,-83.078332,275.0,31.7,22.2,10.2,12.5,17.4,5.3,    1,
USW00004804,"COLUMBUS OHIO STATE UNIVERSITY AIRPORT, OH US",2024-06-24,40.078406,-83.078332,275.0,30.0,18.3,0.0,6.7,9.4,2.6,,
USW00004804,"COLUMBUS OHIO STATE UNIVERSITY AIRPORT, OH US",2024-06-25,40.078406,-83.078332,275.0,28.9,18.3,5.1,9.4,15.7,3.5,    1,    1
USW00004804,"COLUMBUS OHIO STATE UNIVERSITY AIRPORT, OH US",2024-06-26,40.078406,-83.078332,275.0,27.2,16.7,11.4,9.8,13.0,3.1,    1,
USW00004804,"COLUMBUS OHIO STATE UNIVERSITY AIRPORT, OH US",2024-06-27,40.078406,-83.078332,275.0,28.3,15.6,0.0,5.4,8.1,2.6,    1,
USW00004804,"COLUMBUS OHIO STATE UNIVERSITY AIRPORT, OH US",2024-06-28,40.078406,-83.078332,275.0,32.8,15.6,0.0,6.7,10.3,3.3,,
USW00004804,"COLUMBUS OHIO STATE UNIVERSITY AIRPORT, OH US",2024-06-29,40.078406,-83.078332,275.0,30.6,25.0,0.5,8.9,12.1,4.7,,    1
USW00004804,"COLUMBUS OHIO STATE UNIVERSITY AIRPORT, OH US",2024-06-30,40.078406,-83.078332,275.0,28.3,15.6,0.0,8.9,12.1,4.4,,
