STATION,NAME,DATE,LATITUDE,LONGITUDE,ELEVATION,TMAX,TMIN,PRCP,WSF2,WSF5,AWND,WT01,WT03
USW00004804,"COLUMBUS OHIO STATE UNIVERSITY AIRPORT, OH US",2023-05-01,40.078406,-83.078332,275.0,7.8,3.9,6.6,11.2,15.2,6.9,    1,
USW00004804,"COLUMBUS OHIO STATE UNIVERSITY AIRPORT, OH US",2023-05-02,40.078406,-83.078332,275.0,8.3,3.9,3.3,13.0,15.7,6.4,    1,
USW00004804,"COLUMBUS OHIO STATE UNIVERSITY AIRPORT, OH US",2023-05-03,40.078406,-83.078332,275.0,13.9,4.4,0.0,13.0,16.5,6.0,,
USW00004804,"COLUMBUS OHIO STATE UNIVERSITY AIRPORT, OH US",2023-05-04,40.078406,-83.078332,275.0,17.8,4.4,0.0,5.4,7.6,1.6,,
USW00004804,"COLUMBUS OHIO STATE UNIVERSITY AIRPORT, OH US",2023-05-05,40.078406,-83.078332,275.0,22.2,4.4,0.0,6.7,9.4,2.3,,
USW00004804,"COLUMBUS OHIO STATE UNIVERSITY AIRPORT, OH US",2023-05-06,40.078406,-83.078332,275.0,25.6,6.7,0.0,5.8,7.6,2.9,,
USW00004804,"COLUMBUS OHIO STATE UNIVERSITY AIRPORT, OH US",2023-05-07,40.078406,-83.078332,275.0,26.7,15.6,2.8,7.2,9.8,3.2,    1,
USW00004804,"COLUMBUS OHIO STATE UNIVERSITY AIRPORT, OH US",2023-05-08,40.078406,-83.078332,275.0,24.4,15.6,7.9,7.2,8.5,2.6,    1,
USW00004804,"COLUMBUS OHIO STATE UNIVERSITY AIRPORT, OH US",2023-05-09,40.078406,-83.078332,275.0,22.2,10.0,2.0,8.1,10.3,4.4,    1,
USW00004804,"COLUMBUS OHIO STATE UNIVERSITY AIRPORT, OH US",2023-05-10,40.078406,-83.078332,275.0,25.0,7.2,0.0,6.3,8.1,2.0,,
USW00004804,"COLUMBUS OHIO STATE UNIVERSITY AIRPORT, OH US",2023-05-11,40.078406,-83.078332,275.0,28.3,9.4,0.0,5.8,6.7,1.3,,
USW00004804,"COLUMBUS OHIO STATE UNIVERSITY AIRPORT, OH US",2023-05-12,40.078406,-83.078332,275.0,25.6,15.0,24.9,7.2,9.4,1.7,    1,    1
USW00004804,"COLUMBUS OHIO STATE UNIVERSITY AIRPORT, OH US",2023-05-13,40.078406,-83.078332,275.0,23.9,17.8,1.8,6.7,8.5,2.8,    1,
USW00004804,"COLUMBUS OHIO STATE UNIVERSITY AIRPORT, OH US",2023-05-14,40.078406,-83.078332,275.0,25.0,15.0,0.0,8.9,11.6,4.1,,
USW00004804,"COLUMBUS OHIO STATE UNIVERSITY AIRPORT, OH US",2023-05-15,40.078406,-83.078332,275.0,25.0,12.8,0.0,6.3,7.6,2.0,,
USW00004804,"COLUMBUS OHIO STATE UNIVERSITY AIRPORT, OH US",2023-05-16,40.078406,-83.078332,275.0,21.7,11.1,0.0,5.8,7.2,1.8,,
USW00004804,"COLUMBUS OHIO STATE UNIVERSITY AIRPORT, OH US",2023-05-17,40.078406,-83.078332,275.0,20.0,7.2,0.0,7.6,10.7,4.5,,
USW00004804,"COLUMBUS OHIO STATE UNIVERSITY AIRPORT, OH US",2023-05-18,40.078406,-83.078332,275.0,23.9,3.3,0.0,4.5,5.8,1.3,,
USW00004804,"COLUMBUS OHIO STATE UNIVERSITY AIRPORT, OH US",2023-05-19,40.078406,-83.078332,275.0,28.3,12.8,0.0,8.9,13.0,4.5,,
USW00004804,"COLUMBUS OHIO STATE UNIVERSITY AIRPORT, OH US",2023-05-20,40.078406,-83.078332,275.0,20.6,11.1,5.1,8.9,11.2,4.1,    1,
USW00004804,"COLUMBUS OHIO STATE UNIVERSITY AIRPORT, OH US",2023-05-21,40.078406,-83.078332,275.0,25.6,7.8,0.0,5.4,6.7,1.2,    1,
USW00004804,"COLUMBUS OHIO STATE UNIVERSITY AIRPORT, OH US",2023-05-22,40.078406,-83.078332,275.0,26.7,9.4,0.0,5.4,6.7,1.1,,
USW00004804,"COLUMBUS OHIO STATE UNIVERSITY AIRPORT, OH US",2023-05-23,40.078406,-83.078332,275.0,27.8,13.3,0.0,7.2,8.9,2.7,,
USW00004804,"COLUMBUS OHIO STATE UNIVERSITY AIRPORT, OH US",2023-05-24,40.078406,-83.078332,275.0,28.3,11.1,0.0,9.8,12.1,3.5,,
USW00004804,"COLUMBUS OHIO STATE UNIVERSITY AIRPORT, OH US",2023-05-25,40.078406,-83.078332,275.0,21.1,7.8,0.0,8.1,10.7,4.7,,
USW00004804,"COLUMBUS OHIO STATE UNIVERSITY AIRPORT, OH US",2023-05-26,40.078406,-83.078332,275.0,25.0,5.6,0.0,7.2,9.8,3.8,,
USW00004804,"COLUMBUS OHIO STATE UNIVERSITY AIRPORT, OH US",2023-05-27,40.078406,-83.078332,275.0,25.6,10.6,0.0,7.6,9.8,3.0,,
USW00004804,"COLUMBUS OHIO STATE UNIVERSITY AIRPORT, OH US",2023-05-28,40.078406,-83.078332,275.0,25.6,13.9,0.0,6.3,8.5,2.9,,
USW00004804,"COLUMBUS OHIO STATE UNIVERSITY AIRPORT, OH US",2023-05-29,40.078406,-83.078332,275.0,30.6,16.1,0.0,7.6,10.3,2.8,,
USW00004804,"COLUMBUS OHIO STATE UNIVERSITY AIRPORT, OH US",2023-05-30,40.078406,-83.078332,275.0,30.6,16.1,0.0,6.3,9.4,2.5,,
USW00004804,"COLUMBUS OHIO STATE UNIVERSITY AIRPORT, OH US",2023-05-31,40.078406,-83.078332,275.0,30.0,17.2,0.0,5.8,7.6,2.3,,
