STATION,NAME,DATE,LATITUDE,LONGITUDE,ELEVATION,TMAX,TMIN,PRCP,WSF2,WSF5,AWND,WT01,WT03
USW00093812,"CINCINNATI MUNICIPAL AIRPORT LUNKEN FIELD, OH US",2024-05-01,39.106,-84.41609,144.8,27.8,10.0,0.0,7.6,11.2,1.6,    1,
USW00093812,"CINCINNATI MUNICIPAL AIRPORT LUNKEN FIELD, OH US",2024-05-02,39.106,-84.41609,144.8,30.6,12.8,0.0,5.8,8.5,1.3,    1,
USW00093812,"CINCINNATI MUNICIPAL AIRPORT LUNKEN FIELD, OH US",2024-05-03,39.106,-84.41609,144.8,23.3,17.2,9.1,5.8,7.2,1.3,    1,
USW00093812,"CINCINNATI MUNICIPAL AIRPORT LUNKEN FIELD, OH US",2024-05-04,39.106,-84.41609,144.8,25.6,17.8,8.4,5.8,7.6,1.4,    1,    1
USW00093812,"CINCINNATI MUNICIPAL AIRPORT LUNKEN FIELD, OH US",2024-05-05,39.106,-84.41609,144.8,26.7,15.0,0.0,6.3,8.5,1.7,    1,
USW00093812,"CINCINNATI MUNICIPAL AIRPORT LUNKEN FIELD, OH US",2024-05-06,39.106,-84.41609,144.8,24.4,16.1,6.6,7.2,9.4,1.3,    1,
USW00093812,"CINCINNATI MUNICIPAL AIRPORT LUNKEN FIELD, OH US",2024-05-07,39.106,-84.41609,144.8,25.6,17.8,89.7,9.4,13.4,2.4,    1,    1
USW00093812,"CINCINNATI MUNICIPAL AIRPORT LUNKEN FIELD, OH US",2024-05-08,39.106,-84.41609,144.8,28.3,15.6,11.2,7.2,10.7,1.8,    1,    1
USW00093812,"CINCINNATI MUNICIPAL AIRPORT LUNKEN FIELD, OH US",2024-05-09,39.106,-84.41609,144.8,24.4,14.4,8.9,10.7,14.8,3.4,    1,    1
USW00093812,"CINCINNATI MUNICIPAL AIRPORT LUNKEN FIELD, OH US",2024-05-10,39.106,-84.41609,144.8,21.7,10.6,0.0,8.9,13.4,3.1,    1,
USW00093812,"CINCINNATI MUNICIPAL AIRPORT LUNKEN FIELD, OH US",2024-05-11,39.106,-84.41609,144.8,22.8,9.4,0.0,10.7,16.5,3.3,    1,
USW00093812,"CINCINNATI MUNICIPAL AIRPORT LUNKEN FIELD, OH US",2024-05-12,39.106,-84.41609,144.8,25.0,7.2,0.0,4.5,7.2,1.1,    1,
USW00093812,"CINCINNATI MUNICIPAL AIRPORT LUNKEN FIELD, OH US",2024-05-13,39.106,-84.41609,144.8,26.7,10.6,0.5,8.1,10.7,2.8,    1,
USW00093812,"CINCINNATI MUNICIPAL AIRPORT LUNKEN FIELD, OH US",2024-05-14,39.106,-84.41609,144.8,20.0,16.1,6.9,5.8,8.1,1.3,    1,
USW00093812,"CINCINNATI MUNICIPAL AIRPORT LUNKEN FIELD, OH US",2024-05-15,39.106,-84.41609,144.8,24.4,15.6,9.1,8.1,13.0,2.6,    1,
USW00093812,"CINCINNATI MUNICIPAL AIRPORT LUNKEN FIELD, OH US",2024-05-16,39.106,-84.41609,144.8,27.8,11.1,0.0,6.3,8.1,1.1,    1,
USW00093812,"CINCINNATI MUNICIPAL AIRPORT LUNKEN FIELD, OH US",2024-05-17,39.106,-84.41609,144.8,23.3,16.1,4.6,5.4,6.7,1.5,    1,
USW00093812,"CINCINNATI MUNICIPAL AIRPORT LUNKEN FIELD, OH US",2024-05-18,39.106,-84.41609,144.8,28.3,14.4,0.0,3.6,4.9,1.0,    1,
USW00093812,"CINCINNATI MUNICIPAL AIRPORT LUNKEN FIELD, OH US",2024-05-19,39.106,-84.41609,144.8,31.1,13.9,0.0,3.6,7.2,0.1,    1,
USW00093812,"CINCINNATI MUNICIPAL AIRPORT LUNKEN FIELD, OH US",2024-05-20,39.106,-84.41609,144.8,31.1,15.6,0.0,5.8,7.6,0.7,    1,
USW00093812,"CINCINNATI MUNICIPAL AIRPORT LUNKEN FIELD, OH US",2024-05-21,39.106,-84.41609,144.8,31.1,16.1,0.0,8.9,12.1,2.5,    1,
USW00093812,"CINCINNATI MUNICIPAL AIRPORT LUNKEN FIELD, OH US",2024-05-22,39.106,-84.41609,144.8,29.4,19.4,20.1,9.4,12.5,4.8,    1,    1
USW00093812,"CINCINNATI MUNICIPAL AIRPORT LUNKEN FIELD, OH US",2024-05-23,39.106,-84.41609,144.8,25.6,16.7,0.3,8.1,12.5,2.0,    1,
USW00093812,"CINCINNATI MUNICIPAL AIRPORT LUNKEN FIELD, OH US",2024-05-24,39.106,-84.41609,144.8,27.8,16.1,0.0,6.3,8.5,1.3,    1,
USW00093812,"CINCINNATI MUNICIPAL AIRPORT LUNKEN FIELD, OH US",2024-05-25,39.106,-84.41609,144.8,29.4,18.3,0.0,5.8,7.6,2.1,    1,
USW00093812,"CINCINNATI MUNICIPAL AIRPORT LUNKEN FIELD, OH US",2024-05-26,39.106,-84.41609,144.8,27.2,17.2,4.6,13.0,17.0,3.1,    1,    1
USW00093812,"CINCINNATI MUNICIPAL AIRPORT LUNKEN FIELD, OH US",2024-05-27,39.106,-84.41609,144.8,26.7,16.7,5.3,11.2,15.7,5.1,    1,    1
USW00093812,"CINCINNATI MUNICIPAL AIRPORT LUNKEN FIELD, OH US",2024-05-28,39.106,-84.41609,144.8,26.1,15.6,0.0,9.8,13.9,3.4,,
USW00093812,"CINCINNATI MUNICIPAL AIRPORT LUNKEN FIELD, OH US",2024-05-29,39.106,-84.41609,144.8,22.8,11.7,2.8,7.6,13.4,2.7,    1,
USW00093812,"CINCINNATI MUNICIPAL AIRPORT LUNKEN FIELD, OH US",2024-05-30,39.106,-84.41609,144.8,24.4,11.1,0.0,4.5,7.2,0.5,    1,
USW00093812,"CINCINNATI MUNICIPAL AIRPORT LUNKEN FIELD, OH US",2024-05-31,39.106,-84.41609,144.8,25.6,8.9,0.0,6.3,8.9,1.3,,
