STATION,NAME,DATE,LATITUDE,LONGITUDE,ELEVATION,TMAX,TMIN,PRCP,WSF2,WSF5,AWND,WT01,WT03
USW00093812,"CINCINNATI MUNICIPAL AIRPORT LUNKEN FIELD, OH US",2023-07-01,39.106,-84.41609,144.8,29.4,21.1,4.6,9.4,13.9,3.1,    1,    1
USW00093812,"CINCINNATI MUNICIPAL AIRPORT LUNKEN FIELD, OH US",2023-07-02,39.106,-84.41609,144.8,30.0,20.6,8.1,12.5,16.1,3.1,    1,    1
USW00093812,"CINCINNATI MUNICIPAL AIRPORT LUNKEN FIELD, OH US",2023-07-03,39.106,-84.41609,144.8,30.0,19.4,0.8,8.9,10.7,3.4,    1,
USW00093812,"CINCINNATI MUNICIPAL AIRPORT LUNKEN FIELD, OH US",2023-07-04,39.106,-84.41609,144.8,32.8,18.9,2.8,6.7,8.5,1.2,    1,    1
USW00093812,"CINCINNATI MUNICIPAL AIRPORT LUNKEN FIELD, OH US",2023-07-05,39.106,-84.41609,144.8,33.3,18.9,0.0,5.8,7.6,0.8,    1,    1
USW00093812,"CINCINNATI MUNICIPAL AIRPORT LUNKEN FIELD, OH US",2023-07-06,39.106,-84.41609,144.8,32.2,20.0,1.5,7.6,9.4,3.0,    1,
USW00093812,"CINCINNATI MUNICIPAL AIRPORT LUNKEN FIELD, OH US",2023-07-07,39.106,-84.41609,144.8,32.2,18.3,0.0,5.8,8.9,1.2,    1,
USW00093812,"CINCINNATI MUNICIPAL AIRPORT LUNKEN FIELD, OH US",2023-07-08,39.106,-84.41609,144.8,26.1,18.9,9.1,12.5,15.7,0.9,    1,    1
USW00093812,"CINCINNATI MUNICIPAL AIRPORT LUNKEN FIELD, OH US",2023-07-09,39.106,-84.41609,144.8,27.2,15.6,0.5,7.2,8.9,2.4,    1,
USW00093812,"CINCINNATI MUNICIPAL AIRPORT LUNKEN FIELD, OH US",2023-07-10,39.106,-84.41609,144.8,31.1,15.0,0.0,5.4,6.3,1.0,    1,
USW00093812,"CINCINNATI MUNICIPAL AIRPORT LUNKEN FIELD, OH US",2023-07-11,39.106,-84.41609,144.8,31.1,15.6,0.0,7.6,10.7,2.0,    1,
USW00093812,"CINCINNATI MUNICIPAL AIRPORT LUNKEN FIELD, OH US",2023-07-12,39.106,-84.41609,144.8,32.8,16.7,0.0,7.6,10.3,2.3,    1,
USW00093812,"CINCINNATI MUNICIPAL AIRPORT LUNKEN FIELD, OH US",2023-07-13,39.106,-84.41609,144.8,33.3,21.7,0.0,7.2,8.9,3.0,,    1
USW00093812,"CINCINNATI MUNICIPAL AIRPORT LUNKEN FIELD, OH US",2023-07-14,39.106,-84.41609,144.8,33.9,20.0,0.0,5.8,7.2,1.3,    1,
USW00093812,"CINCINNATI MUNICIPAL AIRPORT LUNKEN FIELD, OH US",2023-07-15,39.106,-84.41609,144.8,27.2,18.9,37.1,8.1,11.2,1.2,    1,    1
USW00093812,"CINCINNATI MUNICIPAL AIRPORT LUNKEN FIELD, OH US",2023-07-16,39.106,-84.41609,144.8,29.4,18.3,5.8,8.9,14.3,2.4,    1,    1
USW00093812,"CINCINNATI MUNICIPAL AIRPORT LUNKEN FIELD, OH US",2023-07-17,39.106,-84.41609,144.8,30.0,18.3,6.4,13.4,16.5,3.1,    1,    1
USW00093812,"CINCINNATI MUNICIPAL AIRPORT LUNKEN FIELD, OH US",2023-07-18,39.106,-84.41609,144.8,30.6,16.1,4.3,7.6,8.5,1.9,    1,    1
USW00093812,"CINCINNATI MUNICIPAL AIRPORT LUNKEN FIELD, OH US",2023-07-19,39.106,-84.41609,144.8,27.8,19.4,0.0,7.2,8.5,2.2,    1,
USW00093812,"CINCINNATI MUNICIPAL AIRPORT LUNKEN FIELD, OH US",2023-07-20,39.106,-84.41609,144.8,31.7,20.0,6.1,7.6,11.6,2.6,    1,    1
USW00093812,"CINCINNATI MUNICIPAL AIRPORT LUNKEN FIELD, OH US",2023-07-21,39.106,-84.41609,144.8,28.9,17.8,0.0,7.2,8.9,1.8,    1,
USW00093812,"CINCINNATI MUNICIPAL AIRPORT LUNKEN FIELD, OH US",2023-07-22,39.106,-84.41609,144.8,29.4,16.1,0.0,3.6,5.8,0.8,    1,
USW00093812,"CINCINNATI MUNICIPAL AIRPORT LUNKEN FIELD, OH US",2023-07-23,39.106,-84.41609,144.8,30.6,16.1,0.0,6.7,9.4,1.7,    1,
USW00093812,"CINCINNATI MUNICIPAL AIRPORT LUNKEN FIELD, OH US",2023-07-24,39.106,-84.41609,144.8,31.1,17.8,14.0,9.8,13.4,1.7,    1,    1
USW00093812,"CINCINNATI MUNICIPAL AIRPORT LUNKEN FIELD, OH US",2023-07-25,39.106,-84.41609,144.8,31.1,17.2,0.0,4.0,6.7,0.8,    1,
USW00093812,"CINCINNATI MUNICIPAL AIRPORT LUNKEN FIELD, OH US",2023-07-26,39.106,-84.41609,144.8,33.9,18.9,0.0,9.4,14.3,4.4,    1,    1
USW00093812,"CINCINNATI MUNICIPAL AIRPORT LUNKEN FIELD, OH US",2023-07-27,39.106,-84.41609,144.8,33.9,21.7,15.5,11.6,16.5,3.4,    1,    1
USW00093812,"CINCINNATI MUNICIPAL AIRPORT LUNKEN FIELD, OH US",2023-07-28,39.106,-84.41609,144.8,33.9,22.8,4.8,10.3,15.7,2.3,    1,    1
USW00093812,"CINCINNATI MUNICIPAL AIRPORT LUNKEN FIELD, OH US",2023-07-29,39.106,-84.41609,144.8,32.2,21.7,5.8,11.6,16.1,3.1,    1,    1
USW00093812,"CINCINNATI MUNICIPAL AIRPORT LUNKEN FIELD, OH US",2023-07-30,39.106,-84.41609,144.8,31.7,19.4,0.0,5.8,7.6,1.4,    1,
USW00093812,"CINCINNATI MUNICIPAL AIRPORT LUNKEN FIELD, OH US",2023-07-31,39.106,-84.41609,144.8,28.9,16.1,0.0,6.3,8.1,2.0,    1,
