STATION,NAME,DATE,LATITUDE,LONGITUDE,ELEVATION,TMAX,TMIN,PRCP,WSF2,WSF5,AWND,WT01,WT03
USW00093812,"CINCINNATI MUNICIPAL AIRPORT LUNKEN FIELD, OH US",2023-06-01,39.106,-84.41609,144.8,31.1,13.9,0.0,5.8,8.1,1.0,,
USW00093812,"CINCINNATI MUNICIPAL AIRPORT LUNKEN FIELD, OH US",2023-06-02,39.106,-84.41609,144.8,33.3,10.6,0.0,6.3,8.9,1.5,,
USW00093812,"CINCINNATI MUNICIPAL AIRPORT LUNKEN FIELD, OH US",2023-06-03,39.106,-84.41609,144.8,33.9,13.3,0.0,6.3,8.5,1.1,    1,    1
USW00093812,"CINCINNATI MUNICIPAL AIRPORT LUNKEN FIELD, OH US",2023-06-04,39.106,-84.41609,144.8,29.4,16.1,0.0,6.3,7.6,2.6,,
USW00093812,"CINCINNATI MUNICIPAL AIRPORT LUNKEN FIELD, OH US",2023-06-05,39.106,-84.41609,144.8,28.3,10.6,0.0,5.4,8.9,1.6,    1,
USW00093812,"CINCINNATI MUNICIPAL AIRPORT LUNKEN FIELD, OH US",2023-06-06,39.106,-84.41609,144.8,30.0,8.9,0.5,11.2,13.9,2.5,    1,
USW00093812,"CINCINNATI MUNICIPAL AIRPORT LUNKEN FIELD, OH US",2023-06-07,39.106,-84.41609,144.8,25.6,11.1,0.8,6.7,8.5,2.2,    1,
USW00093812,"CINCINNATI MUNICIPAL AIRPORT LUNKEN FIELD, OH US",2023-06-08,39.106,-84.41609,144.8,25.0,7.8,0.0,7.2,9.4,1.7,    1,
USW00093812,"CINCINNATI MUNICIPAL AIRPORT LUNKEN FIELD, OH US",2023-06-09,39.106,-84.41609,144.8,27.2,8.3,0.0,5.8,8.9,1.1,    1,
USW00093812,"CINCINNATI MUNICIPAL AIRPORT LUNKEN FIELD, OH US",2023-06-10,39.106,-84.41609,144.8,29.4,10.6,0.0,6.7,8.9,1.5,    1,
USW00093812,"CINCINNATI MUNICIPAL AIRPORT LUNKEN FIELD, OH US",2023-06-11,39.106,-84.41609,144.8,26.7,12.8,30.2,17.0,21.9,2.3,    1,    1
USW00093812,"CINCINNATI MUNICIPAL AIRPORT LUNKEN FIELD, OH US",2023-06-12,39.106,-84.41609,144.8,21.7,10.6,0.5,9.4,12.1,3.6,    1,
USW00093812,"CINCINNATI MUNICIPAL AIRPORT LUNKEN FIELD, OH US",2023-06-13,39.106,-84.41609,144.8,25.0,8.9,1.8,11.6,16.1,4.3,    1,
USW00093812,"CINCINNATI MUNICIPAL AIRPORT LUNKEN FIELD, OH US",2023-06-14,39.106,-84.41609,144.8,26.7,15.0,0.8,7.2,9.4,2.6,    1,
USW00093812,"CINCINNATI MUNICIPAL AIRPORT LUNKEN FIELD, OH US",2023-06-15,39.106,-84.41609,144.8,29.4,13.3,0.0,5.8,8.1,1.9,    1,
USW00093812,"CINCINNATI MUNICIPAL AIRPORT LUNKEN FIELD, OH US",2023-06-16,39.106,-84.41609,144.8,23.3,13.9,0.8,8.9,10.3,3.0,    1,
USW00093812,"CINCINNATI MUNICIPAL AIRPORT LUNKEN FIELD, OH US",2023-06-17,39.106,-84.41609,144.8,27.2,10.0,0.0,4.5,5.8,0.7,    1,
USW00093812,"CINCINNATI MUNICIPAL AIRPORT LUNKEN FIELD, OH US",2023-06-18,39.106,-84.41609,144.8,28.3,10.0,0.0,6.7,8.5,1.4,    1,
USW00093812,"CINCINNATI MUNICIPAL AIRPORT LUNKEN FIELD, OH US",2023-06-19,39.106,-84.41609,144.8,22.8,16.1,7.1,6.3,7.2,2.1,    1,
USW00093812,"CINCINNATI MUNICIPAL AIRPORT LUNKEN FIELD, OH US",2023-06-20,39.106,-84.41609,144.8,25.6,19.4,0.0,8.1,10.7,4.1,    1,
USW00093812,"CINCINNATI MUNICIPAL AIRPORT LUNKEN FIELD, OH US",2023-06-21,39.106,-84.41609,144.8,28.9,18.9,0.3,9.4,12.1,4.2,    1,
USW00093812,"CINCINNATI MUNICIPAL AIRPORT LUNKEN FIELD, OH US",2023-06-22,39.106,-84.41609,144.8,21.7,16.7,0.0,7.2,9.4,2.9,,
USW00093812,"CINCINNATI MUNICIPAL AIRPORT LUNKEN FIELD, OH US",2023-06-23,39.106,-84.41609,144.8,25.0,18.9,0.0,4.5,6.7,1.4,    1,
USW00093812,"CINCINNATI MUNICIPAL AIRPORT LUNKEN FIELD, OH US",2023-06-24,39.106,-84.41609,144.8,31.1,19.4,0.0,6.7,15.7,2.3,,
USW00093812,"CINCINNATI MUNICIPAL AIRPORT LUNKEN FIELD, OH US",2023-06-25,39.106,-84.41609,144.8,31.1,17.2,1.0,11.6,16.5,2.6,    1,    1
USW00093812,"CINCINNATI MUNICIPAL AIRPORT LUNKEN FIELD, OH US",2023-06-26,39.106,-84.41609,144.8,28.9,17.8,0.3,9.8,12.5,4.9,,    1
USW00093812,"CINCINNATI MUNICIPAL AIRPORT LUNKEN FIELD, OH US",2023-06-27,39.106,-84.41609,144.8,25.6,18.3,0.0,7.6,10.3,3.7,    1,
USW00093812,"CINCINNATI MUNICIPAL AIRPORT LUNKEN FIELD, OH US",2023-06-28,39.106,-84.41609,144.8,28.9,13.3,0.0,4.0,5.8,0.8,    1,
USW00093812,"CINCINNATI MUNICIPAL AIRPORT LUNKEN FIELD, OH US",2023-06-29,39.106,-84.41609,144.8,31.1,15.0,1.3,12.5,17.4,2.6,    1,    1
USW00093812,"CINCINNATI MUNICIPAL AIRPORT LUNKEN FIELD, OH US",2023-06-30,39.106,-84.41609,144.8,31.7,19.4,5.3,8.9,10.7,2.4,    1,    1
