STATION,NAME,DATE,LATITUDE,LONGITUDE,ELEVATION,TMAX,TAVG,TMIN,PRCP,SNOW,WSF2,WSF5,AWND,WT01,WT03
USW00012834,"DAYTONA BEACH INTERNATIONAL AIRPORT, FL US",2022-06-01,29.17351,-81.07185,7.9,30.0,26.5,22.2,0.0,,8.9,11.2,4.3,,
USW00012834,"DAYTONA BEACH INTERNATIONAL AIRPORT, FL US",2022-06-02,29.17351,-81.07185,7.9,30.6,25.8,20.6,0.0,,6.3,8.5,1.9,,
USW00012834,"DAYTONA BEACH INTERNATIONAL AIRPORT, FL US",2022-06-03,29.17351,-81.07185,7.9,31.7,25.9,20.6,0.0,,5.8,8.5,2.4,,
USW00012834,"DAYTONA BEACH INTERNATIONAL AIRPORT, FL US",2022-06-04,29.17351,-81.07185,7.9,27.8,24.8,22.8,0.3,,10.7,13.0,3.0,    1,
USW00012834,"DAYTONA BEACH INTERNATIONAL AIRPORT, FL US",2022-06-05,29.17351,-81.07185,7.9,31.1,26.1,21.7,0.0,,7.6,10.7,3.7,,
USW00012834,"DAYTONA BEACH INTERNATIONAL AIRPORT, FL US",2022-06-06,29.17351,-81.07185,7.9,31.1,26.7,23.3,1.3,,7.2,8.5,1.9,    1,    1
USW00012834,"DAYTONA BEACH INTERNATIONAL AIRPORT, FL US",2022-06-07,29.17351,-81.07185,7.9,32.2,27.1,22.2,0.0,,6.7,8.5,2.0,    1,
USW00012834,"DAYTONA BEACH INTERNATIONAL AIRPORT, FL US",2022-06-08,29.17351,-81.07185,7.9,33.3,27.4,22.2,0.0,,7.2,8.9,2.2,    1,    1
USW00012834,"DAYTONA BEACH INTERNATIONAL AIRPORT, FL US",2022-06-09,29.17351,-81.07185,7.9,35.6,28.2,22.8,0.0,,8.9,11.6,3.8,,    1
USW00012834,"DAYTONA BEACH INTERNATIONAL AIRPORT, FL US",2022-06-10,29.17351,-81.07185,7.9,33.3,26.7,23.9,8.1,,11.2,13.9,2.9,    1,    1
USW00012834,"DAYTONA BEACH INTERNATIONAL AIRPORT, FL US",2022-06-11,29.17351,-81.07185,7.9,32.8,26.3,23.3,3.3,,8.9,10.3,3.1,    1,    1
USW00012834,"DAYTONA BEACH INTERNATIONAL AIRPORT, FL US",2022-06-12,29.17351,-81.07185,7.9,35.0,26.8,22.8,1.8,,9.8,11.6,3.0,,    1
USW00012834,"DAYTONA BEACH INTERNATIONAL AIRPORT, FL US",2022-06-13,29.17351,-81.07185,7.9,33.9,28.4,23.3,0.0,,6.7,9.4,2.4,,
USW00012834,"DAYTONA BEACH INTERNATIONAL AIRPORT, FL US",2022-06-14,29.17351,-81.07185,7.9,34.4,29.2,24.4,0.0,,5.8,7.6,2.6,,
USW00012834,"DAYTONA BEACH INTERNATIONAL AIRPORT, FL US",2022-06-15,29.17351,-81.07185,7.9,35.0,28.6,23.3,0.0,,6.3,7.6,2.0,,
USW00012834,"DAYTONA BEACH INTERNATIONAL AIRPORT, FL US",2022-06-16,29.17351,-81.07185,7.9,33.9,28.9,23.9,0.0,,7.6,10.3,3.0,,
USW00012834,"DAYTONA BEACH INTERNATIONAL AIRPORT, FL US",2022-06-17,29.17351,-81.07185,7.9,33.3,28.6,23.3,0.0,,7.6,9.4,2.4,    1,
USW00012834,"DAYTONA BEACH INTERNATIONAL AIRPORT, FL US",2022-06-18,29.17351,-81.07185,7.9,34.4,27.7,22.2,0.0,,8.1,8.9,3.2,,    1
USW00012834,"DAYTONA BEACH INTERNATIONAL AIRPORT, FL US",2022-06-19,29.17351,-81.07185,7.9,33.3,27.8,23.3,0.0,,7.6,9.8,3.5,,    1
USW00012834,"DAYTONA BEACH INTERNATIONAL AIRPORT, FL US",2022-06-20,29.17351,-81.07185,7.9,32.2,28.7,23.9,0.0,,9.8,12.5,4.0,,
USW00012834,"DAYTONA BEACH INTERNATIONAL AIRPORT, FL US",2022-06-21,29.17351,-81.07185,7.9,31.1,26.7,20.6,0.0,,7.2,9.8,2.2,,
USW00012834,"DAYTONA BEACH INTERNATIONAL AIRPORT, FL US",2022-06-22,29.17351,-81.07185,7.9,32.8,26.9,21.7,0.0,,6.3,8.1,2.1,,
USW00012834,"DAYTONA BEACH INTERNATIONAL AIRPORT, FL US",2022-06-23,29.17351,-81.07185,7.9,38.3,28.1,21.1,5.1,,9.8,13.4,3.5,    1,    1
USW00012834,"DAYTONA BEACH INTERNATIONAL AIRPORT, FL US",2022-06-24,29.17351,-81.07185,7.9,36.1,27.2,23.3,8.1,,10.3,13.9,3.5,    1,    1
USW00012834,"DAYTONA BEACH INTERNATIONAL AIRPORT, FL US",2022-06-25,29.17351,-81.07185,7.9,31.7,27.3,22.8,0.0,,8.1,11.2,4.6,,
USW00012834,"DAYTONA BEACH INTERNATIONAL AIRPORT, FL US",2022-06-26,29.17351,-81.07185,7.9,31.7,28.4,25.6,0.0,,9.4,11.6,5.3,,
USW00012834,"DAYTONA BEACH INTERNATIONAL AIRPORT, FL US",2022-06-27,29.17351,-81.07185,7.9,31.7,27.0,23.3,16.5,,6.7,8.9,1.9,    1,    1
USW00012834,"DAYTONA BEACH INTERNATIONAL AIRPORT, FL US",2022-06-28,29.17351,-81.07185,7.9,32.8,28.1,23.9,0.0,,6.7,9.4,1.9,,    1
USW00012834,"DAYTONA BEACH INTERNATIONAL AIRPORT, FL US",2022-06-29,29.17351,-81.07185,7.9,32.2,28.2,23.3,0.0,,7.2,9.4,2.4,,
USW00012834,"DAYTONA BEACH INTERNATIONAL AIRPORT, FL US",2022-06-30,29.17351,-81.07185,7.9,31.1,26.8,23.9,9.9,,6.7,8.5,1.7,    1,    1
