STATION,NAME,DATE,LATITUDE,LONGITUDE,ELEVATION,TMAX,TMIN,PRCP,WSF2,WSF5,AWND,WT03,WT01
USW00053859,"DAYTON WRIGHT BROTHERS AIRPORT, OH US",2022-08-01,39.5918,-84.2263,290.4,28.3,18.9,3.8,9.8,13.0,4.0,,    1
USW00053859,"DAYTON WRIGHT BROTHERS AIRPORT, OH US",2022-08-02,39.5918,-84.2263,290.4,30.0,22.2,0.0,6.3,8.5,2.6,,    1
USW00053859,"DAYTON WRIGHT BROTHERS AIRPORT, OH US",2022-08-03,39.5918,-84.2263,290.4,33.3,18.9,0.0,9.8,13.0,3.2,    1,
USW00053859,"DAYTON WRIGHT BROTHERS AIRPORT, OH US",2022-08-04,39.5918,-84.2263,290.4,28.3,20.6,27.7,10.7,14.8,1.9,    1,    1
USW00053859,"DAYTON WRIGHT BROTHERS AIRPORT, OH US",2022-08-05,39.5918,-84.2263,290.4,28.9,20.6,2.3,6.3,8.1,2.7,    1,    1
USW00053859,"DAYTON WRIGHT BROTHERS AIRPORT, OH US",2022-08-06,39.5918,-84.2263,290.4,29.4,21.7,1.3,5.8,7.6,2.7,    1,    1
USW00053859,"DAYTON WRIGHT BROTHERS AIRPORT, OH US",2022-08-07,39.5918,-84.2263,290.4,32.2,21.1,0.0,6.3,8.1,3.2,,
USW00053859,"DAYTON WRIGHT BROTHERS AIRPORT, OH US",2022-08-08,39.5918,-84.2263,290.4,31.7,21.7,0.0,9.4,12.5,4.0,,
USW00053859,"DAYTON WRIGHT BROTHERS AIRPORT, OH US",2022-08-09,39.5918,-84.2263,290.4,28.3,22.2,2.8,6.7,9.8,2.3,    1,    1
USW00053859,"DAYTON WRIGHT BROTHERS AIRPORT, OH US",2022-08-10,39.5918,-84.2263,290.4,27.8,20.6,0.0,5.4,6.7,2.4,,
USW00053859,"DAYTON WRIGHT BROTHERS AIRPORT, OH US",2022-08-11,39.5918,-84.2263,290.4,28.3,16.1,0.0,6.3,8.1,2.0,,    1
USW00053859,"DAYTON WRIGHT BROTHERS AIRPORT, OH US",2022-08-12,39.5918,-84.2263,290.4,25.6,13.9,0.0,6.3,9.4,2.8,,
USW00053859,"DAYTON WRIGHT BROTHERS AIRPORT, OH US",2022-08-13,39.5918,-84.2263,290.4,26.7,12.2,0.0,4.5,7.6,2.2,,
USW00053859,"DAYTON WRIGHT BROTHERS AIRPORT, OH US",2022-08-14,39.5918,-84.2263,290.4,23.9,18.3,5.6,5.4,8.1,3.1,,    1
USW00053859,"DAYTON WRIGHT BROTHERS AIRPORT, OH US",2022-08-15,39.5918,-84.2263,290.4,27.2,17.2,0.0,6.3,8.1,3.6,,
USW00053859,"DAYTON WRIGHT BROTHERS AIRPORT, OH US",2022-08-16,39.5918,-84.2263,290.4,27.2,16.1,0.0,7.2,9.8,3.7,,
USW00053859,"DAYTON WRIGHT BROTHERS AIRPORT, OH US",2022-08-17,39.5918,-84.2263,290.4,27.8,15.6,1.3,5.4,7.2,2.8,,
USW00053859,"DAYTON WRIGHT BROTHERS AIRPORT, OH US",2022-08-18,39.5918,-84.2263,290.4,27.8,14.4,0.0,3.6,4.0,1.2,,    1
USW00053859,"DAYTON WRIGHT BROTHERS AIRPORT, OH US",2022-08-19,39.5918,-84.2263,290.4,29.4,16.1,0.0,6.3,7.6,1.6,,
USW00053859,"DAYTON WRIGHT BROTHERS AIRPORT, OH US",2022-08-20,39.5918,-84.2263,290.4,28.9,19.4,3.0,8.1,9.8,3.0,    1,
USW00053859,"DAYTON WRIGHT BROTHERS AIRPORT, OH US",2022-08-21,39.5918,-84.2263,290.4,27.8,18.3,13.2,8.1,11.2,2.4,    1,    1
USW00053859,"DAYTON WRIGHT BROTHERS AIRPORT, OH US",2022-08-22,39.5918,-84.2263,290.4,26.1,18.3,0.0,5.4,6.7,2.2,,    1
USW00053859,"DAYTON WRIGHT BROTHERS AIRPORT, OH US",2022-08-23,39.5918,-84.2263,290.4,26.7,16.1,0.0,5.8,7.6,1.9,,    1
USW00053859,"DAYTON WRIGHT BROTHERS AIRPORT, OH US",2022-08-24,39.5918,-84.2263,290.4,28.3,13.9,0.0,3.6,8.1,0.9,,
USW00053859,"DAYTON WRIGHT BROTHERS AIRPORT, OH US",2022-08-25,39.5918,-84.2263,290.4,,,0.0,,,,,
USW00053859,"DAYTON WRIGHT BROTHERS AIRPORT, OH US",2022-08-26,39.5918,-84.2263,290.4,,,,,,,    1,
USW00053859,"DAYTON WRIGHT BROTHERS AIRPORT, OH US",2022-08-27,39.5918,-84.2263,290.4,28.3,15.6,0.0,4.5,6.7,2.1,,    1
USW00053859,"DAYTON WRIGHT BROTHERS AIRPORT, OH US",2022-08-28,39.5918,-84.2263,290.4,32.2,18.9,0.0,7.2,8.9,3.5,,
USW00053859,"DAYTON WRIGHT BROTHERS AIRPORT, OH US",2022-08-29,39.5918,-84.2263,290.4,32.8,21.1,1.5,8.9,12.1,4.2,    1,    1
USW00053859,"DAYTON WRIGHT BROTHERS AIRPORT, OH US",2022-08-30,39.5918,-84.2263,290.4,28.3,20.0,1.8,7.6,9.8,3.1,,    1
USW00053859,"DAYTON WRIGHT BROTHERS AIRPORT, OH US",2022-08-31,39.5918,-84.2263,290.4,27.8,13.9,0.0,6.3,10.3,2.1,,
