STATION,NAME,DATE,LATITUDE,LONGITUDE,ELEVATION,TMAX,TMIN,PRCP,SNOW,WSF2,WSF5,AWND,WT01,WT03
USW00094239,"WENATCHEE PANGBORN MEMORIAL AIRPORT, WA US",2021-06-01,47.39746,-120.20124,377.5,34.4,17.2,0.0,,6.7,8.5,3.3,,
USW00094239,"WENATCHEE PANGBORN MEMORIAL AIRPORT, WA US",2021-06-02,47.39746,-120.20124,377.5,36.7,18.3,0.0,,9.8,11.6,4.6,,
USW00094239,"WENATCHEE PANGBORN MEMORIAL AIRPORT, WA US",2021-06-03,47.39746,-120.20124,377.5,33.9,19.4,0.0,,11.2,14.3,6.9,,
USW00094239,"WENATCHEE PANGBORN MEMORIAL AIRPORT, WA US",2021-06-04,47.39746,-120.20124,377.5,28.3,16.7,0.0,,10.7,13.4,7.4,,
USW00094239,"WENATCHEE PANGBORN MEMORIAL AIRPORT, WA US",2021-06-05,47.39746,-120.20124,377.5,21.1,9.4,0.0,,14.3,17.9,6.6,,
USW00094239,"WENATCHEE PANGBORN MEMORIAL AIRPORT, WA US",2021-06-06,47.39746,-120.20124,377.5,15.6,8.3,0.0,,8.9,10.3,3.7,,
USW00094239,"WENATCHEE PANGBORN MEMORIAL AIRPORT, WA US",2021-06-07,47.39746,-120.20124,377.5,18.3,6.7,0.0,,9.4,11.6,3.0,,
USW00094239,"WENATCHEE PANGBORN MEMORIAL AIRPORT, WA US",2021-06-08,47.39746,-120.20124,377.5,21.7,9.4,0.0,,11.2,13.0,4.5,,
USW00094239,"WENATCHEE PANGBORN MEMORIAL AIRPORT, WA US",2021-06-09,47.39746,-120.20124,377.5,22.8,8.9,0.0,,10.7,14.3,4.2,,
USW00094239,"WENATCHEE PANGBORN MEMORIAL AIRPORT, WA US",2021-06-10,47.39746,-120.20124,377.5,21.7,10.0,0.0,,11.2,13.9,6.6,,
USW00094239,"WENATCHEE PANGBORN MEMORIAL AIRPORT, WA US",2021-06-11,47.39746,-120.20124,377.5,21.1,11.7,0.0,,8.1,9.4,4.1,,
USW00094239,"WENATCHEE PANGBORN MEMORIAL AIRPORT, WA US",2021-06-12,47.39746,-120.20124,377.5,25.0,10.0,0.0,,8.1,10.7,3.6,,
USW00094239,"WENATCHEE PANGBORN MEMORIAL AIRPORT, WA US",2021-06-13,47.39746,-120.20124,377.5,27.2,16.1,0.8,,13.9,17.0,5.7,,    1
USW00094239,"WENATCHEE PANGBORN MEMORIAL AIRPORT, WA US",2021-06-14,47.39746,-120.20124,377.5,25.0,14.4,1.3,,13.0,15.2,5.9,,
USW00094239,"WENATCHEE PANGBORN MEMORIAL AIRPORT, WA US",2021-06-15,47.39746,-120.20124,377.5,22.8,11.7,0.0,,11.6,13.9,5.1,,
USW00094239,"WENATCHEE PANGBORN MEMORIAL AIRPORT, WA US",2021-06-16,47.39746,-120.20124,377.5,24.4,9.4,0.0,,5.8,7.2,2.7,,
USW00094239,"WENATCHEE PANGBORN MEMORIAL AIRPORT, WA US",2021-06-17,47.39746,-120.20124,377.5,30.0,12.2,0.0,,6.3,7.6,3.5,,
USW00094239,"WENATCHEE PANGBORN MEMORIAL AIRPORT, WA US",2021-06-18,47.39746,-120.20124,377.5,32.8,15.0,0.0,,9.8,12.1,4.7,,
USW00094239,"WENATCHEE PANGBORN MEMORIAL AIRPORT, WA US",2021-06-19,47.39746,-120.20124,377.5,30.6,17.2,0.0,,16.5,18.8,9.7,,
USW00094239,"WENATCHEE PANGBORN MEMORIAL AIRPORT, WA US",2021-06-20,47.39746,-120.20124,377.5,30.6,13.9,0.0,,8.1,9.4,3.5,,
USW00094239,"WENATCHEE PANGBORN MEMORIAL AIRPORT, WA US",2021-06-21,47.39746,-120.20124,377.5,33.9,16.1,0.0,,6.3,7.2,2.6,,
USW00094239,"WENATCHEE PANGBORN MEMORIAL AIRPORT, WA US",2021-06-22,47.39746,-120.20124,377.5,35.6,21.1,0.0,,9.4,11.2,5.4,,
USW00094239,"WENATCHEE PANGBORN MEMORIAL AIRPORT, WA US",2021-06-23,47.39746,-120.20124,377.5,34.4,21.1,0.0,,11.2,13.4,6.0,,
USW00094239,"WENATCHEE PANGBORN MEMORIAL AIRPORT, WA US",2021-06-24,47.39746,-120.20124,377.5,34.4,20.6,0.0,,9.8,11.6,5.2,,
USW00094239,"WENATCHEE PANGBORN MEMORIAL AIRPORT, WA US",2021-06-25,47.39746,-120.20124,377.5,36.1,20.6,0.0,,7.2,9.4,3.9,,
USW00094239,"WENATCHEE PANGBORN MEMORIAL AIRPORT, WA US",2021-06-26,47.39746,-120.20124,377.5,38.9,23.9,0.0,,9.4,10.3,3.0,,
USW00094239,"WENATCHEE PANGBORN MEMORIAL AIRPORT, WA US",2021-06-27,47.39746,-120.20124,377.5,41.7,23.3,0.0,,8.1,9.8,3.4,,
USW00094239,"WENATCHEE PANGBORN MEMORIAL AIRPORT, WA US",2021-06-28,47.39746,-120.20124,377.5,42.2,23.3,0.0,,6.3,8.1,2.3,,
USW00094239,"WENATCHEE PANGBORN MEMORIAL AIRPORT, WA US",2021-06-29,47.39746,-120.20124,377.5,45.6,24.4,0.0,,7.2,14.3,3.2,,
USW00094239,"WENATCHEE PANGBORN MEMORIAL AIRPORT, WA US",2021-06-30,47.39746,-120.20124,377.5,42.2,26.1,0.0,,11.2,13.0,5.1,,
