STATION,NAME,DATE,LATITUDE,LONGITUDE,ELEVATION,TMAX,TMIN,PRCP,SNOW,WSF2,WSF5,AWND,WT01,WT03
USW00094239,"WENATCHEE PANGBORN MEMORIAL AIRPORT, WA US",2024-08-01,47.39746,-120.20124,377.5,36.1,19.4,0.0,,5.8,7.2,2.9,,
USW00094239,"WENATCHEE PANGBORN MEMORIAL AIRPORT, WA US",2024-08-02,47.39746,-120.20124,377.5,38.9,22.8,0.0,,9.8,13.0,3.4,,
USW00094239,"WENATCHEE PANGBORN MEMORIAL AIRPORT, WA US",2024-08-03,47.39746,-120.20124,377.5,35.6,25.0,0.0,,9.4,11.6,4.9,,
USW00094239,"WENATCHEE PANGBORN MEMORIAL AIRPORT, WA US",2024-08-04,47.39746,-120.20124,377.5,35.0,23.3,0.0,,8.1,10.7,3.4,,
USW00094239,"WENATCHEE PANGBORN MEMORIAL AIRPORT, WA US",2024-08-05,47.39746,-120.20124,377.5,35.0,20.0,0.0,,9.4,11.6,3.3,,    1
USW00094239,"WENATCHEE PANGBORN MEMORIAL AIRPORT, WA US",2024-08-06,47.39746,-120.20124,377.5,35.0,21.7,0.0,,11.2,13.4,5.5,,
USW00094239,"WENATCHEE PANGBORN MEMORIAL AIRPORT, WA US",2024-08-07,47.39746,-120.20124,377.5,33.9,19.4,0.0,,7.6,9.8,3.2,,
USW00094239,"WENATCHEE PANGBORN MEMORIAL AIRPORT, WA US",2024-08-08,47.39746,-120.20124,377.5,33.9,18.3,0.0,,6.3,8.9,2.3,,
USW00094239,"WENATCHEE PANGBORN MEMORIAL AIRPORT, WA US",2024-08-09,47.39746,-120.20124,377.5,33.3,18.9,0.0,,13.9,17.9,3.8,,
USW00094239,"WENATCHEE PANGBORN MEMORIAL AIRPORT, WA US",2024-08-10,47.39746,-120.20124,377.5,33.9,16.1,0.0,,9.8,12.1,3.5,,
USW00094239,"WENATCHEE PANGBORN MEMORIAL AIRPORT, WA US",2024-08-11,47.39746,-120.20124,377.5,32.2,19.4,0.0,,7.6,10.3,3.4,,
USW00094239,"WENATCHEE PANGBORN MEMORIAL AIRPORT, WA US",2024-08-12,47.39746,-120.20124,377.5,31.7,19.4,0.0,,13.0,16.5,6.6,,
USW00094239,"WENATCHEE PANGBORN MEMORIAL AIRPORT, WA US",2024-08-13,47.39746,-120.20124,377.5,28.3,17.2,0.0,,11.2,13.9,5.5,,
USW00094239,"WENATCHEE PANGBORN MEMORIAL AIRPORT, WA US",2024-08-14,47.39746,-120.20124,377.5,28.9,17.2,0.0,,7.2,9.4,4.1,,
USW00094239,"WENATCHEE PANGBORN MEMORIAL AIRPORT, WA US",2024-08-15,47.39746,-120.20124,377.5,30.0,17.8,0.0,,9.8,12.5,4.6,,
USW00094239,"WENATCHEE PANGBORN MEMORIAL AIRPORT, WA US",2024-08-16,47.39746,-120.20124,377.5,27.8,18.9,0.0,,6.7,10.3,3.9,,
USW00094239,"WENATCHEE PANGBORN MEMORIAL AIRPORT, WA US",2024-08-17,47.39746,-120.20124,377.5,32.2,15.6,0.5,,10.3,15.7,4.1,,    1
USW00094239,"WENATCHEE PANGBORN MEMORIAL AIRPORT, WA US",2024-08-18,47.39746,-120.20124,377.5,29.4,18.9,0.0,,9.8,13.9,5.1,,
USW00094239,"WENATCHEE PANGBORN MEMORIAL AIRPORT, WA US",2024-08-19,47.39746,-120.20124,377.5,29.4,15.6,0.0,,9.8,11.2,5.0,,
USW00094239,"WENATCHEE PANGBORN MEMORIAL AIRPORT, WA US",2024-08-20,47.39746,-120.20124,377.5,26.7,16.1,0.0,,8.1,11.2,5.2,,
USW00094239,"WENATCHEE PANGBORN MEMORIAL AIRPORT, WA US",2024-08-21,47.39746,-120.20124,377.5,25.6,13.9,0.0,,6.3,8.5,3.0,,
USW00094239,"WENATCHEE PANGBORN MEMORIAL AIRPORT, WA US",2024-08-22,47.39746,-120.20124,377.5,26.1,15.6,0.0,,8.1,10.3,4.6,,
USW00094239,"WENATCHEE PANGBORN MEMORIAL AIRPORT, WA US",2024-08-23,47.39746,-120.20124,377.5,22.2,12.2,9.4,,11.2,13.9,6.0,    1,    1
USW00094239,"WENATCHEE PANGBORN MEMORIAL AIRPORT, WA US",2024-08-24,47.39746,-120.20124,377.5,15.6,11.1,0.0,,7.2,9.4,3.1,,
USW00094239,"WENATCHEE PANGBORN MEMORIAL AIRPORT, WA US",2024-08-25,47.39746,-120.20124,377.5,24.4,11.1,0.0,,5.8,7.2,1.9,,
USW00094239,"WENATCHEE PANGBORN MEMORIAL AIRPORT, WA US",2024-08-26,47.39746,-120.20124,377.5,26.7,12.2,0.0,,6.7,9.8,3.8,,
USW00094239,"WENATCHEE PANGBORN MEMORIAL AIRPORT, WA US",2024-08-27,47.39746,-120.20124,377.5,20.6,12.2,0.0,,18.3,21.9,8.1,,
USW00094239,"WENATCHEE PANGBORN MEMORIAL AIRPORT, WA US",2024-08-28,47.39746,-120.20124,377.5,24.4,10.0,0.0,,7.6,9.8,3.7,,
USW00094239,"WENATCHEE PANGBORN MEMORIAL AIRPORT, WA US",2024-08-29,47.39746,-120.20124,377.5,27.8,11.1,0.0,,7.2,9.4,3.2,,
USW00094239,"WENATCHEE PANGBORN MEMORIAL AIRPORT, WA US",2024-08-30,47.39746,-120.20124,377.5,30.6,13.3,0.0,,6.7,8.1,3.5,,
USW00094239,"WENATCHEE PANGBORN MEMORIAL AIRPORT, WA US",2024-08-31,47.39746,-120.20124,377.5,33.9,14.4,0.0,,5.8,7.2,2.5,,
