STATION,NAME,DATE,LATITUDE,LONGITUDE,ELEVATION,TMAX,TAVG,TMIN,SNOW,PRCP,WSF2,WSF5,AWND,WT01,WT03
USW00014734,"NEWARK LIBERTY INTERNATIONAL AIRPORT, NJ US",2023-06-01,40.68275,-74.16927,1.9,31.1,22.1,15.0,0.0,0.0,5.4,6.3,1.6,,
USW00014734,"NEWARK LIBERTY INTERNATIONAL AIRPORT, NJ US",2023-06-02,40.68275,-74.16927,1.9,32.8,25.4,17.8,0.0,0.0,6.7,8.5,2.3,,    1
USW00014734,"NEWARK LIBERTY INTERNATIONAL AIRPORT, NJ US",2023-06-03,40.68275,-74.16927,1.9,23.3,21.5,13.3,0.0,0.0,7.6,10.3,4.2,,
USW00014734,"NEWARK LIBERTY INTERNATIONAL AIRPORT, NJ US",2023-06-04,40.68275,-74.16927,1.9,21.7,16.3,9.4,0.0,0.0,8.9,11.6,3.9,,
USW00014734,"NEWARK LIBERTY INTERNATIONAL AIRPORT, NJ US",2023-06-05,40.68275,-74.16927,1.9,26.7,19.5,13.3,0.0,0.0,8.9,13.0,4.8,,
USW00014734,"NEWARK LIBERTY INTERNATIONAL AIRPORT, NJ US",2023-06-06,40.68275,-74.16927,1.9,28.9,22.2,16.7,0.0,0.0,11.6,14.3,5.0,,    1
USW00014734,"NEWARK LIBERTY INTERNATIONAL AIRPORT, NJ US",2023-06-07,40.68275,-74.16927,1.9,23.3,19.3,15.0,0.0,0.0,9.8,13.4,4.7,,
USW00014734,"NEWARK LIBERTY INTERNATIONAL AIRPORT, NJ US",2023-06-08,40.68275,-74.16927,1.9,25.0,18.4,10.0,0.0,0.0,7.2,10.7,2.9,,
USW00014734,"NEWARK LIBERTY INTERNATIONAL AIRPORT, NJ US",2023-06-09,40.68275,-74.16927,1.9,25.0,19.7,15.0,0.0,0.0,8.9,10.7,3.2,,
USW00014734,"NEWARK LIBERTY INTERNATIONAL AIRPORT, NJ US",2023-06-10,40.68275,-74.16927,1.9,28.3,20.8,14.4,0.0,0.0,8.1,12.1,4.0,,
USW00014734,"NEWARK LIBERTY INTERNATIONAL AIRPORT, NJ US",2023-06-11,40.68275,-74.16927,1.9,29.4,23.2,18.3,0.0,0.0,7.2,9.8,2.6,,
USW00014734,"NEWARK LIBERTY INTERNATIONAL AIRPORT, NJ US",2023-06-12,40.68275,-74.16927,1.9,25.6,23.0,20.0,0.0,13.5,9.4,12.5,3.9,    1,
USW00014734,"NEWARK LIBERTY INTERNATIONAL AIRPORT, NJ US",2023-06-13,40.68275,-74.16927,1.9,28.3,22.5,18.3,0.0,0.0,9.4,11.6,5.1,,
USW00014734,"NEWARK LIBERTY INTERNATIONAL AIRPORT, NJ US",2023-06-14,40.68275,-74.16927,1.9,26.1,21.6,16.7,0.0,7.1,11.2,14.3,4.7,,    1
USW00014734,"NEWARK LIBERTY INTERNATIONAL AIRPORT, NJ US",2023-06-15,40.68275,-74.16927,1.9,27.8,21.5,15.6,0.0,0.0,8.9,11.2,4.6,,
USW00014734,"NEWARK LIBERTY INTERNATIONAL AIRPORT, NJ US",2023-06-16,40.68275,-74.16927,1.9,27.8,21.9,16.7,0.0,5.6,6.7,9.4,2.8,    1,    1
USW00014734,"NEWARK LIBERTY INTERNATIONAL AIRPORT, NJ US",2023-06-17,40.68275,-74.16927,1.9,27.8,21.4,17.2,0.0,0.0,15.7,18.8,5.9,,    1
USW00014734,"NEWARK LIBERTY INTERNATIONAL AIRPORT, NJ US",2023-06-18,40.68275,-74.16927,1.9,29.4,22.6,17.8,0.0,0.0,8.1,11.2,4.6,,
USW00014734,"NEWARK LIBERTY INTERNATIONAL AIRPORT, NJ US",2023-06-19,40.68275,-74.16927,1.9,26.7,23.2,18.3,0.0,0.0,6.3,8.5,3.7,,
USW00014734,"NEWARK LIBERTY INTERNATIONAL AIRPORT, NJ US",2023-06-20,40.68275,-74.16927,1.9,25.6,21.5,18.3,0.0,0.0,6.3,8.9,3.4,,
USW00014734,"NEWARK LIBERTY INTERNATIONAL AIRPORT, NJ US",2023-06-21,40.68275,-74.16927,1.9,23.9,20.3,17.2,0.0,0.0,7.6,10.3,5.0,,
USW00014734,"NEWARK LIBERTY INTERNATIONAL AIRPORT, NJ US",2023-06-22,40.68275,-74.16927,1.9,23.3,19.0,15.0,0.0,1.0,8.1,11.6,4.6,    1,
USW00014734,"NEWARK LIBERTY INTERNATIONAL AIRPORT, NJ US",2023-06-23,40.68275,-74.16927,1.9,21.7,19.9,18.9,0.0,1.8,5.4,7.2,2.8,    1,
USW00014734,"NEWARK LIBERTY INTERNATIONAL AIRPORT, NJ US",2023-06-24,40.68275,-74.16927,1.9,27.8,22.9,20.6,0.0,2.0,5.4,6.7,2.0,    1,
USW00014734,"NEWARK LIBERTY INTERNATIONAL AIRPORT, NJ US",2023-06-25,40.68275,-74.16927,1.9,30.6,25.3,21.7,0.0,0.3,6.7,9.4,1.6,,    1
USW00014734,"NEWARK LIBERTY INTERNATIONAL AIRPORT, NJ US",2023-06-26,40.68275,-74.16927,1.9,26.7,23.6,20.6,0.0,22.9,11.2,14.8,3.3,    1,    1
USW00014734,"NEWARK LIBERTY INTERNATIONAL AIRPORT, NJ US",2023-06-27,40.68275,-74.16927,1.9,27.8,22.9,19.4,0.0,13.5,6.3,8.1,2.2,    1,    1
USW00014734,"NEWARK LIBERTY INTERNATIONAL AIRPORT, NJ US",2023-06-28,40.68275,-74.16927,1.9,29.4,23.5,19.4,0.0,0.0,9.4,11.6,3.7,,
USW00014734,"NEWARK LIBERTY INTERNATIONAL AIRPORT, NJ US",2023-06-29,40.68275,-74.16927,1.9,29.4,24.7,19.4,0.0,0.0,7.2,11.6,3.3,,
USW00014734,"NEWARK LIBERTY INTERNATIONAL AIRPORT, NJ US",2023-06-30,40.68275,-74.16927,1.9,30.0,25.7,19.4,0.0,0.0,6.3,8.5,2.7,,
