STATION,NAME,DATE,LATITUDE,LONGITUDE,ELEVATION,TMAX,TAVG,TMIN,SNOW,PRCP,WSF2,WSF5,AWND,WT01,WT03
USW00014734,"NEWARK LIBERTY INTERNATIONAL AIRPORT, NJ US",2024-05-01,40.68275,-74.16927,1.9,26.1,17.1,12.8,0.0,0.3,7.6,10.3,2.8,    1,
USW00014734,"NEWARK LIBERTY INTERNATIONAL AIRPORT, NJ US",2024-05-02,40.68275,-74.16927,1.9,32.2,17.8,12.2,0.0,0.0,10.3,14.3,4.5,    1,
USW00014734,"NEWARK LIBERTY INTERNATIONAL AIRPORT, NJ US",2024-05-03,40.68275,-74.16927,1.9,18.9,16.8,10.6,0.0,0.0,6.7,10.7,3.3,,
USW00014734,"NEWARK LIBERTY INTERNATIONAL AIRPORT, NJ US",2024-05-04,40.68275,-74.16927,1.9,16.7,12.7,10.0,0.0,0.0,6.7,9.4,3.2,,
USW00014734,"NEWARK LIBERTY INTERNATIONAL AIRPORT, NJ US",2024-05-05,40.68275,-74.16927,1.9,12.2,11.2,10.0,0.0,7.9,6.3,9.8,3.5,    1,
USW00014734,"NEWARK LIBERTY INTERNATIONAL AIRPORT, NJ US",2024-05-06,40.68275,-74.16927,1.9,24.4,15.8,11.7,0.0,0.0,5.8,8.1,2.6,    1,
USW00014734,"NEWARK LIBERTY INTERNATIONAL AIRPORT, NJ US",2024-05-07,40.68275,-74.16927,1.9,28.3,21.5,15.6,0.0,0.0,7.2,10.3,3.5,,
USW00014734,"NEWARK LIBERTY INTERNATIONAL AIRPORT, NJ US",2024-05-08,40.68275,-74.16927,1.9,31.7,24.2,19.4,0.0,1.3,12.5,17.4,5.7,    1,    1
USW00014734,"NEWARK LIBERTY INTERNATIONAL AIRPORT, NJ US",2024-05-09,40.68275,-74.16927,1.9,22.8,21.3,13.3,0.0,0.0,8.1,12.5,3.8,,
USW00014734,"NEWARK LIBERTY INTERNATIONAL AIRPORT, NJ US",2024-05-10,40.68275,-74.16927,1.9,13.9,12.9,10.0,0.0,8.4,8.1,11.6,3.6,    1,
USW00014734,"NEWARK LIBERTY INTERNATIONAL AIRPORT, NJ US",2024-05-11,40.68275,-74.16927,1.9,17.8,12.3,7.8,0.0,0.0,7.2,9.8,3.7,    1,
USW00014734,"NEWARK LIBERTY INTERNATIONAL AIRPORT, NJ US",2024-05-12,40.68275,-74.16927,1.9,13.3,11.1,8.9,0.0,9.7,5.4,6.7,2.6,    1,
USW00014734,"NEWARK LIBERTY INTERNATIONAL AIRPORT, NJ US",2024-05-13,40.68275,-74.16927,1.9,20.0,12.9,7.8,0.0,0.0,7.2,10.3,2.8,,
USW00014734,"NEWARK LIBERTY INTERNATIONAL AIRPORT, NJ US",2024-05-14,40.68275,-74.16927,1.9,23.3,17.7,12.2,0.0,1.0,6.3,8.5,2.4,,
USW00014734,"NEWARK LIBERTY INTERNATIONAL AIRPORT, NJ US",2024-05-15,40.68275,-74.16927,1.9,18.9,17.1,15.6,0.0,8.6,9.8,14.3,4.3,    1,
USW00014734,"NEWARK LIBERTY INTERNATIONAL AIRPORT, NJ US",2024-05-16,40.68275,-74.16927,1.9,20.0,17.0,15.6,0.0,1.0,11.2,16.1,7.7,    1,
USW00014734,"NEWARK LIBERTY INTERNATIONAL AIRPORT, NJ US",2024-05-17,40.68275,-74.16927,1.9,23.9,19.0,15.0,0.0,0.0,8.1,11.6,3.7,    1,
USW00014734,"NEWARK LIBERTY INTERNATIONAL AIRPORT, NJ US",2024-05-18,40.68275,-74.16927,1.9,22.2,18.7,15.0,0.0,1.0,4.5,6.7,2.0,,
USW00014734,"NEWARK LIBERTY INTERNATIONAL AIRPORT, NJ US",2024-05-19,40.68275,-74.16927,1.9,25.6,19.1,13.3,0.0,0.0,7.2,10.3,3.5,,
USW00014734,"NEWARK LIBERTY INTERNATIONAL AIRPORT, NJ US",2024-05-20,40.68275,-74.16927,1.9,23.9,17.7,13.3,0.0,0.0,5.4,8.5,2.6,,
USW00014734,"NEWARK LIBERTY INTERNATIONAL AIRPORT, NJ US",2024-05-21,40.68275,-74.16927,1.9,30.6,21.2,14.4,0.0,0.0,6.7,10.7,3.4,,
USW00014734,"NEWARK LIBERTY INTERNATIONAL AIRPORT, NJ US",2024-05-22,40.68275,-74.16927,1.9,30.6,25.1,17.8,0.0,0.0,7.6,10.7,4.1,,
USW00014734,"NEWARK LIBERTY INTERNATIONAL AIRPORT, NJ US",2024-05-23,40.68275,-74.16927,1.9,27.8,24.4,20.6,0.0,16.0,10.7,13.4,3.7,    1,    1
USW00014734,"NEWARK LIBERTY INTERNATIONAL AIRPORT, NJ US",2024-05-24,40.68275,-74.16927,1.9,31.1,25.4,18.3,0.0,0.0,8.9,11.6,3.4,,
USW00014734,"NEWARK LIBERTY INTERNATIONAL AIRPORT, NJ US",2024-05-25,40.68275,-74.16927,1.9,27.2,23.9,17.2,0.0,0.0,5.8,8.9,2.7,,
USW00014734,"NEWARK LIBERTY INTERNATIONAL AIRPORT, NJ US",2024-05-26,40.68275,-74.16927,1.9,28.9,22.4,18.9,0.0,0.0,7.6,11.2,2.9,    1,
USW00014734,"NEWARK LIBERTY INTERNATIONAL AIRPORT, NJ US",2024-05-27,40.68275,-74.16927,1.9,25.6,21.2,18.9,0.0,8.4,7.6,11.6,3.1,    1,
USW00014734,"NEWARK LIBERTY INTERNATIONAL AIRPORT, NJ US",2024-05-28,40.68275,-74.16927,1.9,28.9,23.4,18.3,0.0,0.0,13.0,17.0,5.9,,
USW00014734,"NEWARK LIBERTY INTERNATIONAL AIRPORT, NJ US",2024-05-29,40.68275,-74.16927,1.9,26.7,21.4,16.7,0.0,5.6,15.7,21.5,3.0,    1,    1
USW00014734,"NEWARK LIBERTY INTERNATIONAL AIRPORT, NJ US",2024-05-30,40.68275,-74.16927,1.9,23.9,18.8,15.0,0.0,1.8,8.1,13.4,4.8,    1,
USW00014734,"NEWARK LIBERTY INTERNATIONAL AIRPORT, NJ US",2024-05-31,40.68275,-74.16927,1.9,26.1,20.7,15.6,0.0,0.0,9.4,16.1,5.1,,
