STATION,NAME,DATE,LATITUDE,LONGITUDE,ELEVATION,TMAX,TAVG,TMIN,SNOW,PRCP,WSF2,WSF5,AWND,WT01,WT03
USW00014734,"NEWARK LIBERTY INTERNATIONAL AIRPORT, NJ US",2023-07-01,40.68275,-74.16927,1.9,28.3,24.6,20.6,0.0,0.0,7.6,10.3,3.4,,
USW00014734,"NEWARK LIBERTY INTERNATIONAL AIRPORT, NJ US",2023-07-02,40.68275,-74.16927,1.9,32.8,25.9,22.2,0.0,7.6,13.0,16.5,3.4,    1,    1
USW00014734,"NEWARK LIBERTY INTERNATIONAL AIRPORT, NJ US",2023-07-03,40.68275,-74.16927,1.9,33.9,27.9,23.3,0.0,1.3,7.6,11.2,3.2,,    1
USW00014734,"NEWARK LIBERTY INTERNATIONAL AIRPORT, NJ US",2023-07-04,40.68275,-74.16927,1.9,28.3,26.7,23.3,0.0,30.2,11.6,14.3,1.7,    1,    1
USW00014734,"NEWARK LIBERTY INTERNATIONAL AIRPORT, NJ US",2023-07-05,40.68275,-74.16927,1.9,34.4,28.1,22.8,0.0,0.0,6.3,7.2,2.7,    1,
USW00014734,"NEWARK LIBERTY INTERNATIONAL AIRPORT, NJ US",2023-07-06,40.68275,-74.16927,1.9,33.3,29.1,25.0,0.0,0.0,6.7,8.9,2.9,,
USW00014734,"NEWARK LIBERTY INTERNATIONAL AIRPORT, NJ US",2023-07-07,40.68275,-74.16927,1.9,31.1,27.1,24.4,0.0,0.0,6.3,8.5,2.2,,
USW00014734,"NEWARK LIBERTY INTERNATIONAL AIRPORT, NJ US",2023-07-08,40.68275,-74.16927,1.9,31.1,27.3,24.4,0.0,0.0,6.3,8.1,2.4,,    1
USW00014734,"NEWARK LIBERTY INTERNATIONAL AIRPORT, NJ US",2023-07-09,40.68275,-74.16927,1.9,28.3,26.6,23.9,0.0,6.4,8.1,11.2,3.3,    1,    1
USW00014734,"NEWARK LIBERTY INTERNATIONAL AIRPORT, NJ US",2023-07-10,40.68275,-74.16927,1.9,31.1,26.1,22.2,0.0,0.0,9.4,12.1,4.5,,
USW00014734,"NEWARK LIBERTY INTERNATIONAL AIRPORT, NJ US",2023-07-11,40.68275,-74.16927,1.9,33.3,27.1,20.0,0.0,0.0,7.2,9.4,3.4,,
USW00014734,"NEWARK LIBERTY INTERNATIONAL AIRPORT, NJ US",2023-07-12,40.68275,-74.16927,1.9,35.0,29.1,21.7,0.0,0.0,8.1,11.6,3.2,,
USW00014734,"NEWARK LIBERTY INTERNATIONAL AIRPORT, NJ US",2023-07-13,40.68275,-74.16927,1.9,33.9,29.5,23.9,0.0,0.0,10.3,13.4,4.4,,    1
USW00014734,"NEWARK LIBERTY INTERNATIONAL AIRPORT, NJ US",2023-07-14,40.68275,-74.16927,1.9,30.6,27.8,22.2,0.0,7.9,10.3,13.0,3.5,    1,    1
USW00014734,"NEWARK LIBERTY INTERNATIONAL AIRPORT, NJ US",2023-07-15,40.68275,-74.16927,1.9,32.8,26.4,21.7,0.0,3.6,7.2,9.8,2.6,    1,    1
USW00014734,"NEWARK LIBERTY INTERNATIONAL AIRPORT, NJ US",2023-07-16,40.68275,-74.16927,1.9,26.7,26.1,24.4,0.0,37.8,6.7,8.1,2.7,    1,
USW00014734,"NEWARK LIBERTY INTERNATIONAL AIRPORT, NJ US",2023-07-17,40.68275,-74.16927,1.9,33.9,27.8,23.9,0.0,0.0,8.9,12.5,3.0,    1,
USW00014734,"NEWARK LIBERTY INTERNATIONAL AIRPORT, NJ US",2023-07-18,40.68275,-74.16927,1.9,30.0,26.7,22.8,0.0,29.5,10.7,13.0,2.7,,    1
USW00014734,"NEWARK LIBERTY INTERNATIONAL AIRPORT, NJ US",2023-07-19,40.68275,-74.16927,1.9,28.9,25.2,21.7,0.0,0.0,6.3,7.2,1.7,    1,
USW00014734,"NEWARK LIBERTY INTERNATIONAL AIRPORT, NJ US",2023-07-20,40.68275,-74.16927,1.9,31.1,26.4,22.2,0.0,0.0,6.3,8.1,2.7,    1,
USW00014734,"NEWARK LIBERTY INTERNATIONAL AIRPORT, NJ US",2023-07-21,40.68275,-74.16927,1.9,31.1,26.6,22.2,0.0,7.1,8.1,9.8,3.8,    1,    1
USW00014734,"NEWARK LIBERTY INTERNATIONAL AIRPORT, NJ US",2023-07-22,40.68275,-74.16927,1.9,30.6,26.2,21.7,0.0,0.0,8.1,10.7,4.3,,
USW00014734,"NEWARK LIBERTY INTERNATIONAL AIRPORT, NJ US",2023-07-23,40.68275,-74.16927,1.9,33.9,26.9,20.0,0.0,0.0,6.7,8.9,3.0,,
USW00014734,"NEWARK LIBERTY INTERNATIONAL AIRPORT, NJ US",2023-07-24,40.68275,-74.16927,1.9,31.1,26.8,21.7,0.0,0.0,6.7,9.4,3.3,,
USW00014734,"NEWARK LIBERTY INTERNATIONAL AIRPORT, NJ US",2023-07-25,40.68275,-74.16927,1.9,31.1,25.8,20.6,0.0,22.6,16.1,20.6,2.9,    1,    1
USW00014734,"NEWARK LIBERTY INTERNATIONAL AIRPORT, NJ US",2023-07-26,40.68275,-74.16927,1.9,33.3,25.6,18.9,0.0,0.0,7.2,10.3,3.1,,
USW00014734,"NEWARK LIBERTY INTERNATIONAL AIRPORT, NJ US",2023-07-27,40.68275,-74.16927,1.9,35.6,29.1,23.9,0.0,0.3,12.5,15.2,6.4,,    1
USW00014734,"NEWARK LIBERTY INTERNATIONAL AIRPORT, NJ US",2023-07-28,40.68275,-74.16927,1.9,35.0,30.3,25.0,0.0,2.3,10.3,14.3,3.0,,    1
USW00014734,"NEWARK LIBERTY INTERNATIONAL AIRPORT, NJ US",2023-07-29,40.68275,-74.16927,1.9,33.9,29.4,22.8,0.0,2.5,11.6,14.8,5.5,,
USW00014734,"NEWARK LIBERTY INTERNATIONAL AIRPORT, NJ US",2023-07-30,40.68275,-74.16927,1.9,28.3,24.4,19.4,0.0,0.0,9.4,12.1,4.9,,
USW00014734,"NEWARK LIBERTY INTERNATIONAL AIRPORT, NJ US",2023-07-31,40.68275,-74.16927,1.9,30.6,24.8,17.8,0.0,0.0,8.9,10.7,2.8,,
