STATION,NAME,DATE,LATITUDE,LONGITUDE,ELEVATION,TMAX,TAVG,TMIN,SNOW,PRCP,WSF2,WSF5,AWND,WT01,WT03
USW00014935,"GRAND ISLAND CENTRAL NE REGIONAL AIRPORT, NE US",2021-07-01,40.96146,-98.31304,561.7,29.4,24.2,17.8,0.0,0.0,6.3,8.9,2.6,    1,
USW00014935,"GRAND ISLAND CENTRAL NE REGIONAL AIRPORT, NE US",2021-07-02,40.96146,-98.31304,561.7,30.0,23.2,15.6,0.0,0.0,5.8,8.1,2.2,    1,
USW00014935,"GRAND ISLAND CENTRAL NE REGIONAL AIRPORT, NE US",2021-07-03,40.96146,-98.31304,561.7,32.2,25.8,20.0,0.0,0.0,8.1,13.0,5.2,,
USW00014935,"GRAND ISLAND CENTRAL NE REGIONAL AIRPORT, NE US",2021-07-04,40.96146,-98.31304,561.7,33.9,26.6,21.1,0.0,0.0,8.1,11.6,5.3,,
USW00014935,"GRAND ISLAND CENTRAL NE REGIONAL AIRPORT, NE US",2021-07-05,40.96146,-98.31304,561.7,33.9,27.6,20.6,0.0,0.0,7.6,10.7,4.1,    1,
USW00014935,"GRAND ISLAND CENTRAL NE REGIONAL AIRPORT, NE US",2021-07-06,40.96146,-98.31304,561.7,33.3,25.8,20.6,0.0,2.0,9.8,13.0,4.3,    1,    1
USW00014935,"GRAND ISLAND CENTRAL NE REGIONAL AIRPORT, NE US",2021-07-07,40.96146,-98.31304,561.7,27.2,22.1,17.8,0.0,0.0,7.6,10.3,3.8,    1,
USW00014935,"GRAND ISLAND CENTRAL NE REGIONAL AIRPORT, NE US",2021-07-08,40.96146,-98.31304,561.7,32.8,22.8,16.1,0.0,0.0,10.3,14.8,5.7,    1,
USW00014935,"GRAND ISLAND CENTRAL NE REGIONAL AIRPORT, NE US",2021-07-09,40.96146,-98.31304,561.7,36.1,28.2,17.8,0.0,33.5,28.6,37.6,5.5,    1,    1
USW00014935,"GRAND ISLAND CENTRAL NE REGIONAL AIRPORT, NE US",2021-07-10,40.96146,-98.31304,561.7,27.8,23.4,17.2,0.0,19.3,20.1,30.0,6.3,    1,    1
USW00014935,"GRAND ISLAND CENTRAL NE REGIONAL AIRPORT, NE US",2021-07-11,40.96146,-98.31304,561.7,27.2,20.9,15.6,0.0,0.0,8.9,12.1,4.1,    1,
USW00014935,"GRAND ISLAND CENTRAL NE REGIONAL AIRPORT, NE US",2021-07-12,40.96146,-98.31304,561.7,28.9,21.6,13.9,0.0,0.0,4.5,6.7,2.2,    1,
USW00014935,"GRAND ISLAND CENTRAL NE REGIONAL AIRPORT, NE US",2021-07-13,40.96146,-98.31304,561.7,30.6,23.3,16.7,0.0,0.0,6.7,8.1,2.6,,
USW00014935,"GRAND ISLAND CENTRAL NE REGIONAL AIRPORT, NE US",2021-07-14,40.96146,-98.31304,561.7,29.4,25.4,21.1,0.0,13.0,14.3,21.0,5.7,    1,    1
USW00014935,"GRAND ISLAND CENTRAL NE REGIONAL AIRPORT, NE US",2021-07-15,40.96146,-98.31304,561.7,25.6,22.5,20.6,0.0,0.0,6.3,8.9,3.4,    1,
USW00014935,"GRAND ISLAND CENTRAL NE REGIONAL AIRPORT, NE US",2021-07-16,40.96146,-98.31304,561.7,28.3,23.1,18.9,0.0,0.0,5.4,6.7,2.6,    1,
USW00014935,"GRAND ISLAND CENTRAL NE REGIONAL AIRPORT, NE US",2021-07-17,40.96146,-98.31304,561.7,30.0,24.2,20.0,0.0,0.8,8.9,11.6,3.8,    1,
USW00014935,"GRAND ISLAND CENTRAL NE REGIONAL AIRPORT, NE US",2021-07-18,40.96146,-98.31304,561.7,28.3,23.2,19.4,0.0,0.0,7.2,10.3,3.6,    1,
USW00014935,"GRAND ISLAND CENTRAL NE REGIONAL AIRPORT, NE US",2021-07-19,40.96146,-98.31304,561.7,28.3,22.8,16.1,0.0,0.0,5.4,7.6,1.6,    1,
USW00014935,"GRAND ISLAND CENTRAL NE REGIONAL AIRPORT, NE US",2021-07-20,40.96146,-98.31304,561.7,28.9,22.3,15.0,0.0,0.0,6.3,8.1,2.1,    1,
USW00014935,"GRAND ISLAND CENTRAL NE REGIONAL AIRPORT, NE US",2021-07-21,40.96146,-98.31304,561.7,30.0,24.1,18.9,0.0,0.0,9.4,12.5,5.3,,
USW00014935,"GRAND ISLAND CENTRAL NE REGIONAL AIRPORT, NE US",2021-07-22,40.96146,-98.31304,561.7,32.8,25.3,19.4,0.0,0.0,9.4,12.5,5.9,,
USW00014935,"GRAND ISLAND CENTRAL NE REGIONAL AIRPORT, NE US",2021-07-23,40.96146,-98.31304,561.7,34.4,27.2,20.6,0.0,0.0,8.9,12.1,5.2,,
USW00014935,"GRAND ISLAND CENTRAL NE REGIONAL AIRPORT, NE US",2021-07-24,40.96146,-98.31304,561.7,31.7,26.5,20.6,0.0,0.0,5.8,7.6,2.9,    1,
USW00014935,"GRAND ISLAND CENTRAL NE REGIONAL AIRPORT, NE US",2021-07-25,40.96146,-98.31304,561.7,28.9,24.1,18.3,0.0,0.0,6.7,9.4,2.5,    1,
USW00014935,"GRAND ISLAND CENTRAL NE REGIONAL AIRPORT, NE US",2021-07-26,40.96146,-98.31304,561.7,32.2,24.6,17.2,0.0,0.0,8.1,10.7,4.1,    1,
USW00014935,"GRAND ISLAND CENTRAL NE REGIONAL AIRPORT, NE US",2021-07-27,40.96146,-98.31304,561.7,35.6,27.9,21.7,0.0,0.0,6.7,9.4,3.7,    1,
USW00014935,"GRAND ISLAND CENTRAL NE REGIONAL AIRPORT, NE US",2021-07-28,40.96146,-98.31304,561.7,36.7,29.6,22.8,0.0,0.0,8.1,11.6,5.1,,
USW00014935,"GRAND ISLAND CENTRAL NE REGIONAL AIRPORT, NE US",2021-07-29,40.96146,-98.31304,561.7,33.9,29.5,22.8,0.0,0.0,8.9,11.6,3.8,    1,
USW00014935,"GRAND ISLAND CENTRAL NE REGIONAL AIRPORT, NE US",2021-07-30,40.96146,-98.31304,561.7,32.8,26.4,22.2,0.0,0.0,10.3,14.3,3.7,    1,
USW00014935,"GRAND ISLAND CENTRAL NE REGIONAL AIRPORT, NE US",2021-07-31,40.96146,-98.31304,561.7,27.2,23.7,18.3,0.0,3.8,10.3,14.3,3.4,    1,    1
