STATION,NAME,DATE,LATITUDE,LONGITUDE,ELEVATION,TMAX,TAVG,TMIN,SNOW,PRCP,WSF2,WSF5,AWND,WT01,WT03
USW00014935,"GRAND ISLAND CENTRAL NE REGIONAL AIRPORT, NE US",2024-08-01,40.96146,-98.31304,561.7,34.4,24.9,17.8,0.0,0.0,6.3,8.1,2.9,,
USW00014935,"GRAND ISLAND CENTRAL NE REGIONAL AIRPORT, NE US",2024-08-02,40.96146,-98.31304,561.7,34.4,25.9,17.2,0.0,0.0,4.5,7.2,2.2,,
USW00014935,"GRAND ISLAND CENTRAL NE REGIONAL AIRPORT, NE US",2024-08-03,40.96146,-98.31304,561.7,35.0,27.2,20.6,0.0,0.0,9.4,13.4,3.9,,
USW00014935,"GRAND ISLAND CENTRAL NE REGIONAL AIRPORT, NE US",2024-08-04,40.96146,-98.31304,561.7,36.7,28.7,21.7,0.0,0.0,6.3,8.9,3.8,,
USW00014935,"GRAND ISLAND CENTRAL NE REGIONAL AIRPORT, NE US",2024-08-05,40.96146,-98.31304,561.7,37.8,29.2,19.4,0.0,0.0,10.7,15.7,6.0,,
USW00014935,"GRAND ISLAND CENTRAL NE REGIONAL AIRPORT, NE US",2024-08-06,40.96146,-98.31304,561.7,23.9,21.8,16.1,0.0,0.0,8.1,12.1,3.6,,
USW00014935,"GRAND ISLAND CENTRAL NE REGIONAL AIRPORT, NE US",2024-08-07,40.96146,-98.31304,561.7,29.4,20.4,14.4,0.0,6.4,9.8,13.4,2.8,    1,    1
USW00014935,"GRAND ISLAND CENTRAL NE REGIONAL AIRPORT, NE US",2024-08-08,40.96146,-98.31304,561.7,23.3,21.2,14.4,0.0,3.3,9.4,13.0,4.2,,
USW00014935,"GRAND ISLAND CENTRAL NE REGIONAL AIRPORT, NE US",2024-08-09,40.96146,-98.31304,561.7,23.9,17.7,12.2,0.0,0.0,6.7,9.4,2.3,,
USW00014935,"GRAND ISLAND CENTRAL NE REGIONAL AIRPORT, NE US",2024-08-10,40.96146,-98.31304,561.7,21.1,18.6,15.6,0.0,0.0,6.3,8.9,2.8,,
USW00014935,"GRAND ISLAND CENTRAL NE REGIONAL AIRPORT, NE US",2024-08-11,40.96146,-98.31304,561.7,20.6,17.8,15.0,0.0,1.0,7.2,9.4,2.9,    1,
USW00014935,"GRAND ISLAND CENTRAL NE REGIONAL AIRPORT, NE US",2024-08-12,40.96146,-98.31304,561.7,25.6,19.4,16.7,0.0,0.0,5.4,6.7,2.1,    1,
USW00014935,"GRAND ISLAND CENTRAL NE REGIONAL AIRPORT, NE US",2024-08-13,40.96146,-98.31304,561.7,27.2,20.7,17.2,0.0,3.3,7.6,13.0,4.7,    1,    1
USW00014935,"GRAND ISLAND CENTRAL NE REGIONAL AIRPORT, NE US",2024-08-14,40.96146,-98.31304,561.7,26.7,22.6,20.0,0.0,10.7,10.3,14.3,3.4,    1,    1
USW00014935,"GRAND ISLAND CENTRAL NE REGIONAL AIRPORT, NE US",2024-08-15,40.96146,-98.31304,561.7,31.1,24.4,18.3,0.0,0.0,6.3,8.1,2.6,    1,
USW00014935,"GRAND ISLAND CENTRAL NE REGIONAL AIRPORT, NE US",2024-08-16,40.96146,-98.31304,561.7,33.3,24.6,16.1,0.0,0.0,6.7,8.5,3.0,,
USW00014935,"GRAND ISLAND CENTRAL NE REGIONAL AIRPORT, NE US",2024-08-17,40.96146,-98.31304,561.7,27.8,23.2,17.2,0.0,0.8,6.7,8.5,2.9,    1,    1
USW00014935,"GRAND ISLAND CENTRAL NE REGIONAL AIRPORT, NE US",2024-08-18,40.96146,-98.31304,561.7,21.7,20.8,17.2,0.0,6.6,14.3,24.1,3.4,    1,    1
USW00014935,"GRAND ISLAND CENTRAL NE REGIONAL AIRPORT, NE US",2024-08-19,40.96146,-98.31304,561.7,28.3,21.5,16.7,0.0,0.0,6.7,8.9,3.1,    1,
USW00014935,"GRAND ISLAND CENTRAL NE REGIONAL AIRPORT, NE US",2024-08-20,40.96146,-98.31304,561.7,27.2,22.1,18.3,0.0,0.0,9.4,13.0,5.0,,
USW00014935,"GRAND ISLAND CENTRAL NE REGIONAL AIRPORT, NE US",2024-08-21,40.96146,-98.31304,561.7,27.8,21.9,17.8,0.0,0.0,9.4,13.4,5.0,    1,
USW00014935,"GRAND ISLAND CENTRAL NE REGIONAL AIRPORT, NE US",2024-08-22,40.96146,-98.31304,561.7,27.8,22.1,17.8,0.0,1.3,10.3,15.2,5.1,,    1
USW00014935,"GRAND ISLAND CENTRAL NE REGIONAL AIRPORT, NE US",2024-08-23,40.96146,-98.31304,561.7,31.1,23.3,18.9,0.0,0.0,7.2,10.3,4.6,,
USW00014935,"GRAND ISLAND CENTRAL NE REGIONAL AIRPORT, NE US",2024-08-24,40.96146,-98.31304,561.7,31.7,27.2,17.8,0.0,0.0,5.8,7.6,2.6,    1,
USW00014935,"GRAND ISLAND CENTRAL NE REGIONAL AIRPORT, NE US",2024-08-25,40.96146,-98.31304,561.7,39.4,28.0,18.3,0.0,0.0,8.9,13.0,3.1,    1,
USW00014935,"GRAND ISLAND CENTRAL NE REGIONAL AIRPORT, NE US",2024-08-26,40.96146,-98.31304,561.7,36.7,31.5,21.1,0.0,1.3,17.0,22.8,5.0,,    1
USW00014935,"GRAND ISLAND CENTRAL NE REGIONAL AIRPORT, NE US",2024-08-27,40.96146,-98.31304,561.7,31.7,25.2,19.4,0.0,2.3,8.9,12.1,2.7,,    1
USW00014935,"GRAND ISLAND CENTRAL NE REGIONAL AIRPORT, NE US",2024-08-28,40.96146,-98.31304,561.7,33.9,25.4,17.8,0.0,0.0,7.6,11.6,4.0,    1,
USW00014935,"GRAND ISLAND CENTRAL NE REGIONAL AIRPORT, NE US",2024-08-29,40.96146,-98.31304,561.7,34.4,25.9,18.3,0.0,16.0,13.9,23.3,4.5,    1,    1
USW00014935,"GRAND ISLAND CENTRAL NE REGIONAL AIRPORT, NE US",2024-08-30,40.96146,-98.31304,561.7,27.8,21.1,14.4,0.0,0.0,5.8,8.1,2.6,,
USW00014935,"GRAND ISLAND CENTRAL NE REGIONAL AIRPORT, NE US",2024-08-31,40.96146,-98.31304,561.7,31.7,21.1,12.2,0.0,0.0,5.4,7.2,2.8,,
