STATION,NAME,DATE,LATITUDE,LONGITUDE,ELEVATION,TMAX,TAVG,TMIN,SNOW,PRCP,WSF2,WSF5,AWND,WT01,WT03
USW00014935,"GRAND ISLAND CENTRAL NE REGIONAL AIRPORT, NE US",2021-06-01,40.96146,-98.31304,561.7,25.0,17.9,11.1,0.0,0.0,5.8,8.1,1.9,    1,
USW00014935,"GRAND ISLAND CENTRAL NE REGIONAL AIRPORT, NE US",2021-06-02,40.96146,-98.31304,561.7,26.7,19.2,11.1,0.0,0.0,5.4,7.6,2.2,,
USW00014935,"GRAND ISLAND CENTRAL NE REGIONAL AIRPORT, NE US",2021-06-03,40.96146,-98.31304,561.7,30.6,21.9,13.9,0.0,0.0,7.6,10.3,4.7,,
USW00014935,"GRAND ISLAND CENTRAL NE REGIONAL AIRPORT, NE US",2021-06-04,40.96146,-98.31304,561.7,33.9,25.2,15.6,0.0,0.0,9.4,13.0,5.3,,
USW00014935,"GRAND ISLAND CENTRAL NE REGIONAL AIRPORT, NE US",2021-06-05,40.96146,-98.31304,561.7,33.3,26.7,20.0,0.0,0.0,10.3,17.4,6.6,,
USW00014935,"GRAND ISLAND CENTRAL NE REGIONAL AIRPORT, NE US",2021-06-06,40.96146,-98.31304,561.7,31.7,25.4,19.4,0.0,0.0,10.3,14.8,6.5,,
USW00014935,"GRAND ISLAND CENTRAL NE REGIONAL AIRPORT, NE US",2021-06-07,40.96146,-98.31304,561.7,33.3,26.4,19.4,0.0,0.0,8.1,13.0,4.7,,
USW00014935,"GRAND ISLAND CENTRAL NE REGIONAL AIRPORT, NE US",2021-06-08,40.96146,-98.31304,561.7,32.8,26.5,18.9,0.0,0.0,7.6,10.7,3.8,,
USW00014935,"GRAND ISLAND CENTRAL NE REGIONAL AIRPORT, NE US",2021-06-09,40.96146,-98.31304,561.7,34.4,26.6,16.7,0.0,0.0,7.6,10.7,3.6,,
USW00014935,"GRAND ISLAND CENTRAL NE REGIONAL AIRPORT, NE US",2021-06-10,40.96146,-98.31304,561.7,36.7,29.2,21.7,0.0,0.0,8.9,12.5,5.1,,
USW00014935,"GRAND ISLAND CENTRAL NE REGIONAL AIRPORT, NE US",2021-06-11,40.96146,-98.31304,561.7,29.4,27.0,16.1,0.0,0.0,14.3,21.0,5.6,,    1
USW00014935,"GRAND ISLAND CENTRAL NE REGIONAL AIRPORT, NE US",2021-06-12,40.96146,-98.31304,561.7,31.1,22.1,12.2,0.0,0.0,6.7,9.8,3.0,,
USW00014935,"GRAND ISLAND CENTRAL NE REGIONAL AIRPORT, NE US",2021-06-13,40.96146,-98.31304,561.7,34.4,24.7,15.6,0.0,0.0,7.2,10.7,3.2,,
USW00014935,"GRAND ISLAND CENTRAL NE REGIONAL AIRPORT, NE US",2021-06-14,40.96146,-98.31304,561.7,37.2,27.4,17.8,0.0,0.0,7.6,13.0,3.2,,
USW00014935,"GRAND ISLAND CENTRAL NE REGIONAL AIRPORT, NE US",2021-06-15,40.96146,-98.31304,561.7,36.7,28.7,21.1,0.0,0.0,7.2,9.8,3.8,,
USW00014935,"GRAND ISLAND CENTRAL NE REGIONAL AIRPORT, NE US",2021-06-16,40.96146,-98.31304,561.7,40.6,30.7,21.7,0.0,0.0,10.7,14.8,5.5,,
USW00014935,"GRAND ISLAND CENTRAL NE REGIONAL AIRPORT, NE US",2021-06-17,40.96146,-98.31304,561.7,41.1,32.3,22.8,0.0,0.0,11.6,16.5,5.0,,
USW00014935,"GRAND ISLAND CENTRAL NE REGIONAL AIRPORT, NE US",2021-06-18,40.96146,-98.31304,561.7,32.2,28.8,19.4,0.0,0.0,11.6,14.8,4.9,,
USW00014935,"GRAND ISLAND CENTRAL NE REGIONAL AIRPORT, NE US",2021-06-19,40.96146,-98.31304,561.7,31.1,24.3,16.1,0.0,0.0,9.4,13.0,4.5,,
USW00014935,"GRAND ISLAND CENTRAL NE REGIONAL AIRPORT, NE US",2021-06-20,40.96146,-98.31304,561.7,33.3,25.6,17.8,0.0,1.5,14.3,20.1,5.7,,
USW00014935,"GRAND ISLAND CENTRAL NE REGIONAL AIRPORT, NE US",2021-06-21,40.96146,-98.31304,561.7,26.7,21.2,15.0,0.0,0.0,8.9,13.0,3.4,,
USW00014935,"GRAND ISLAND CENTRAL NE REGIONAL AIRPORT, NE US",2021-06-22,40.96146,-98.31304,561.7,33.3,23.4,13.9,0.0,0.0,11.6,16.5,6.7,,
USW00014935,"GRAND ISLAND CENTRAL NE REGIONAL AIRPORT, NE US",2021-06-23,40.96146,-98.31304,561.7,35.6,27.4,19.4,0.0,0.0,10.7,15.7,6.1,,
USW00014935,"GRAND ISLAND CENTRAL NE REGIONAL AIRPORT, NE US",2021-06-24,40.96146,-98.31304,561.7,27.8,25.6,18.9,0.0,15.2,17.0,23.3,5.3,    1,    1
USW00014935,"GRAND ISLAND CENTRAL NE REGIONAL AIRPORT, NE US",2021-06-25,40.96146,-98.31304,561.7,30.0,22.6,18.3,0.0,0.0,12.5,17.9,2.9,    1,    1
USW00014935,"GRAND ISLAND CENTRAL NE REGIONAL AIRPORT, NE US",2021-06-26,40.96146,-98.31304,561.7,26.7,21.1,17.2,0.0,0.0,7.6,10.7,4.4,    1,
USW00014935,"GRAND ISLAND CENTRAL NE REGIONAL AIRPORT, NE US",2021-06-27,40.96146,-98.31304,561.7,30.0,21.5,14.4,0.0,0.0,8.9,10.3,2.0,    1,
USW00014935,"GRAND ISLAND CENTRAL NE REGIONAL AIRPORT, NE US",2021-06-28,40.96146,-98.31304,561.7,28.9,22.3,16.7,0.0,30.2,13.4,21.5,2.6,    1,    1
USW00014935,"GRAND ISLAND CENTRAL NE REGIONAL AIRPORT, NE US",2021-06-29,40.96146,-98.31304,561.7,28.9,21.6,15.0,0.0,0.0,4.0,5.8,2.2,,
USW00014935,"GRAND ISLAND CENTRAL NE REGIONAL AIRPORT, NE US",2021-06-30,40.96146,-98.31304,561.7,28.9,23.8,17.8,0.0,0.0,4.5,6.3,1.7,    1,
