STATION,NAME,DATE,LATITUDE,LONGITUDE,ELEVATION,TMAX,TMIN,PRCP,WSF2,AWND,WSF5,WT01,WT03
USW00094931,"HIBBING CHISHOLM HIBBING AIRPORT, MN US",2021-06-01,47.38039,-92.83246,408.2,24.4,2.2,0.0,4.5,1.0,7.6,    1,
USW00094931,"HIBBING CHISHOLM HIBBING AIRPORT, MN US",2021-06-02,47.38039,-92.83246,408.2,26.1,6.7,0.0,5.8,1.3,10.3,,
USW00094931,"HIBBING CHISHOLM HIBBING AIRPORT, MN US",2021-06-03,47.38039,-92.83246,408.2,28.3,8.9,0.5,5.8,1.1,9.4,    1,
USW00094931,"HIBBING CHISHOLM HIBBING AIRPORT, MN US",2021-06-04,47.38039,-92.83246,408.2,35.0,9.4,0.0,11.6,2.6,17.0,    1,
USW00094931,"HIBBING CHISHOLM HIBBING AIRPORT, MN US",2021-06-05,47.38039,-92.83246,408.2,34.4,15.0,0.0,5.4,1.6,8.1,,
USW00094931,"HIBBING CHISHOLM HIBBING AIRPORT, MN US",2021-06-06,47.38039,-92.83246,408.2,30.6,12.8,0.0,9.8,3.6,16.5,,
USW00094931,"HIBBING CHISHOLM HIBBING AIRPORT, MN US",2021-06-07,47.38039,-92.83246,408.2,30.0,12.8,0.0,5.8,1.7,8.1,,
USW00094931,"HIBBING CHISHOLM HIBBING AIRPORT, MN US",2021-06-08,47.38039,-92.83246,408.2,31.1,15.6,5.8,7.6,2.4,16.5,    1,    1
USW00094931,"HIBBING CHISHOLM HIBBING AIRPORT, MN US",2021-06-09,47.38039,-92.83246,408.2,30.0,11.7,0.0,8.9,3.7,12.1,,
USW00094931,"HIBBING CHISHOLM HIBBING AIRPORT, MN US",2021-06-10,47.38039,-92.83246,408.2,31.7,12.2,0.0,6.3,2.0,8.9,    1,
USW00094931,"HIBBING CHISHOLM HIBBING AIRPORT, MN US",2021-06-11,47.38039,-92.83246,408.2,20.6,12.8,0.8,9.4,4.3,13.0,    1,    1
USW00094931,"HIBBING CHISHOLM HIBBING AIRPORT, MN US",2021-06-12,47.38039,-92.83246,408.2,25.6,7.2,0.0,10.7,3.4,15.2,    1,
USW00094931,"HIBBING CHISHOLM HIBBING AIRPORT, MN US",2021-06-13,47.38039,-92.83246,408.2,23.3,6.1,0.8,7.6,1.9,10.3,    1,
USW00094931,"HIBBING CHISHOLM HIBBING AIRPORT, MN US",2021-06-14,47.38039,-92.83246,408.2,25.6,6.7,0.0,12.5,4.5,19.2,    1,
USW00094931,"HIBBING CHISHOLM HIBBING AIRPORT, MN US",2021-06-15,47.38039,-92.83246,408.2,25.0,5.6,0.0,5.8,2.0,7.6,    1,
USW00094931,"HIBBING CHISHOLM HIBBING AIRPORT, MN US",2021-06-16,47.38039,-92.83246,408.2,26.7,5.0,1.3,7.2,2.7,10.7,    1,    1
USW00094931,"HIBBING CHISHOLM HIBBING AIRPORT, MN US",2021-06-17,47.38039,-92.83246,408.2,27.8,9.4,0.0,7.6,2.6,10.3,,
USW00094931,"HIBBING CHISHOLM HIBBING AIRPORT, MN US",2021-06-18,47.38039,-92.83246,408.2,26.1,8.3,0.3,14.8,4.6,20.6,,
USW00094931,"HIBBING CHISHOLM HIBBING AIRPORT, MN US",2021-06-19,47.38039,-92.83246,408.2,19.4,6.7,0.0,5.8,1.7,7.6,    1,
USW00094931,"HIBBING CHISHOLM HIBBING AIRPORT, MN US",2021-06-20,47.38039,-92.83246,408.2,15.6,6.1,15.2,8.1,2.2,11.2,    1,
USW00094931,"HIBBING CHISHOLM HIBBING AIRPORT, MN US",2021-06-21,47.38039,-92.83246,408.2,16.1,3.9,0.5,11.2,4.3,15.7,,
USW00094931,"HIBBING CHISHOLM HIBBING AIRPORT, MN US",2021-06-22,47.38039,-92.83246,408.2,21.7,2.2,0.0,6.3,1.6,9.8,,
USW00094931,"HIBBING CHISHOLM HIBBING AIRPORT, MN US",2021-06-23,47.38039,-92.83246,408.2,27.8,5.6,11.9,10.7,3.0,16.5,    1,    1
USW00094931,"HIBBING CHISHOLM HIBBING AIRPORT, MN US",2021-06-24,47.38039,-92.83246,408.2,26.1,11.1,1.3,5.8,2.2,8.1,    1,    1
USW00094931,"HIBBING CHISHOLM HIBBING AIRPORT, MN US",2021-06-25,47.38039,-92.83246,408.2,26.7,10.0,0.0,5.8,1.3,7.2,    1,
USW00094931,"HIBBING CHISHOLM HIBBING AIRPORT, MN US",2021-06-26,47.38039,-92.83246,408.2,21.1,14.4,0.5,4.5,1.3,5.8,    1,
USW00094931,"HIBBING CHISHOLM HIBBING AIRPORT, MN US",2021-06-27,47.38039,-92.83246,408.2,25.0,11.7,1.0,5.8,1.0,8.9,    1,    1
USW00094931,"HIBBING CHISHOLM HIBBING AIRPORT, MN US",2021-06-28,47.38039,-92.83246,408.2,26.7,8.9,0.8,3.6,1.2,6.3,    1,
USW00094931,"HIBBING CHISHOLM HIBBING AIRPORT, MN US",2021-06-29,47.38039,-92.83246,408.2,27.2,11.1,0.3,5.8,1.1,9.4,    1,    1
USW00094931,"HIBBING CHISHOLM HIBBING AIRPORT, MN US",2021-06-30,47.38039,-92.83246,408.2,28.9,9.4,0.0,7.6,2.0,11.6,    1,
