STATION,NAME,DATE,LATITUDE,LONGITUDE,ELEVATION,TMAX,TMIN,PRCP,WSF2,AWND,WSF5,WT01,WT03
USW00094931,"HIBBING CHISHOLM HIBBING AIRPORT, MN US",2024-08-01,47.38039,-92.83246,408.2,28.3,13.3,0.8,6.3,1.1,8.1,    1,
USW00094931,"HIBBING CHISHOLM HIBBING AIRPORT, MN US",2024-08-02,47.38039,-92.83246,408.2,27.8,11.1,0.0,8.9,3.0,11.2,    1,
USW00094931,"HIBBING CHISHOLM HIBBING AIRPORT, MN US",2024-08-03,47.38039,-92.83246,408.2,22.8,8.9,11.7,10.3,1.2,15.7,    1,    1
USW00094931,"HIBBING CHISHOLM HIBBING AIRPORT, MN US",2024-08-04,47.38039,-92.83246,408.2,23.3,11.7,0.0,5.8,1.7,7.6,    1,
USW00094931,"HIBBING CHISHOLM HIBBING AIRPORT, MN US",2024-08-05,47.38039,-92.83246,408.2,20.6,7.8,0.0,5.4,1.0,7.6,    1,
USW00094931,"HIBBING CHISHOLM HIBBING AIRPORT, MN US",2024-08-06,47.38039,-92.83246,408.2,24.4,6.1,0.0,4.5,1.5,6.3,    1,
USW00094931,"HIBBING CHISHOLM HIBBING AIRPORT, MN US",2024-08-07,47.38039,-92.83246,408.2,20.6,7.2,8.9,5.8,1.5,9.8,    1,
USW00094931,"HIBBING CHISHOLM HIBBING AIRPORT, MN US",2024-08-08,47.38039,-92.83246,408.2,17.2,10.6,0.8,8.9,4.4,12.5,    1,
USW00094931,"HIBBING CHISHOLM HIBBING AIRPORT, MN US",2024-08-09,47.38039,-92.83246,408.2,16.1,10.6,0.3,12.5,6.0,17.4,    1,
USW00094931,"HIBBING CHISHOLM HIBBING AIRPORT, MN US",2024-08-10,47.38039,-92.83246,408.2,21.7,8.9,0.0,9.8,4.2,15.2,,
USW00094931,"HIBBING CHISHOLM HIBBING AIRPORT, MN US",2024-08-11,47.38039,-92.83246,408.2,25.0,7.2,5.6,6.7,2.3,9.8,    1,
USW00094931,"HIBBING CHISHOLM HIBBING AIRPORT, MN US",2024-08-12,47.38039,-92.83246,408.2,26.7,7.8,0.0,4.0,0.7,6.7,    1,    1
USW00094931,"HIBBING CHISHOLM HIBBING AIRPORT, MN US",2024-08-13,47.38039,-92.83246,408.2,26.7,9.4,0.0,4.0,0.8,6.7,    1,
USW00094931,"HIBBING CHISHOLM HIBBING AIRPORT, MN US",2024-08-14,47.38039,-92.83246,408.2,25.6,8.9,0.0,7.6,2.7,12.5,    1,
USW00094931,"HIBBING CHISHOLM HIBBING AIRPORT, MN US",2024-08-15,47.38039,-92.83246,408.2,19.4,15.6,16.0,5.8,3.7,9.4,    1,
USW00094931,"HIBBING CHISHOLM HIBBING AIRPORT, MN US",2024-08-16,47.38039,-92.83246,408.2,25.6,17.2,13.5,6.7,1.3,9.4,    1,
USW00094931,"HIBBING CHISHOLM HIBBING AIRPORT, MN US",2024-08-17,47.38039,-92.83246,408.2,25.6,12.8,4.6,6.7,3.2,8.9,    1,
USW00094931,"HIBBING CHISHOLM HIBBING AIRPORT, MN US",2024-08-18,47.38039,-92.83246,408.2,25.6,10.6,0.0,5.4,1.5,8.5,    1,
USW00094931,"HIBBING CHISHOLM HIBBING AIRPORT, MN US",2024-08-19,47.38039,-92.83246,408.2,26.7,7.2,0.0,4.0,1.2,5.8,    1,
USW00094931,"HIBBING CHISHOLM HIBBING AIRPORT, MN US",2024-08-20,47.38039,-92.83246,408.2,22.2,8.9,0.0,5.8,2.1,7.6,    1,
USW00094931,"HIBBING CHISHOLM HIBBING AIRPORT, MN US",2024-08-21,47.38039,-92.83246,408.2,24.4,7.2,0.0,5.8,1.8,10.7,    1,
USW00094931,"HIBBING CHISHOLM HIBBING AIRPORT, MN US",2024-08-22,47.38039,-92.83246,408.2,20.0,6.7,0.3,6.3,2.2,10.7,    1,
USW00094931,"HIBBING CHISHOLM HIBBING AIRPORT, MN US",2024-08-23,47.38039,-92.83246,408.2,27.2,15.0,0.8,3.1,1.3,4.9,    1,
USW00094931,"HIBBING CHISHOLM HIBBING AIRPORT, MN US",2024-08-24,47.38039,-92.83246,408.2,27.8,16.1,0.0,6.3,2.6,8.9,    1,
USW00094931,"HIBBING CHISHOLM HIBBING AIRPORT, MN US",2024-08-25,47.38039,-92.83246,408.2,27.8,16.1,0.0,6.7,3.0,9.8,    1,
USW00094931,"HIBBING CHISHOLM HIBBING AIRPORT, MN US",2024-08-26,47.38039,-92.83246,408.2,29.4,17.8,4.6,12.5,2.0,16.5,    1,    1
USW00094931,"HIBBING CHISHOLM HIBBING AIRPORT, MN US",2024-08-27,47.38039,-92.83246,408.2,23.3,15.0,1.0,5.4,2.3,7.6,    1,
USW00094931,"HIBBING CHISHOLM HIBBING AIRPORT, MN US",2024-08-28,47.38039,-92.83246,408.2,20.0,10.0,0.0,7.6,3.3,10.3,    1,
USW00094931,"HIBBING CHISHOLM HIBBING AIRPORT, MN US",2024-08-29,47.38039,-92.83246,408.2,20.0,11.7,4.3,9.4,4.5,13.4,    1,    1
USW00094931,"HIBBING CHISHOLM HIBBING AIRPORT, MN US",2024-08-30,47.38039,-92.83246,408.2,25.0,6.1,0.0,6.7,2.7,13.0,    1,
USW00094931,"HIBBING CHISHOLM HIBBING AIRPORT, MN US",2024-08-31,47.38039,-92.83246,408.2,27.8,7.8,0.0,11.6,3.7,17.4,,
