STATION,NAME,DATE,LATITUDE,LONGITUDE,ELEVATION,TMAX,TMIN,PRCP,WSF2,AWND,WSF5,WT01,WT03
USW00094931,"HIBBING CHISHOLM HIBBING AIRPORT, MN US",2021-07-01,47.38039,-92.83246,408.2,26.1,10.6,0.0,5.8,1.6,7.6,    1,
USW00094931,"HIBBING CHISHOLM HIBBING AIRPORT, MN US",2021-07-02,47.38039,-92.83246,408.2,30.0,7.8,0.0,4.0,1.2,6.3,    1,
USW00094931,"HIBBING CHISHOLM HIBBING AIRPORT, MN US",2021-07-03,47.38039,-92.83246,408.2,30.0,11.7,0.0,5.4,1.4,8.5,    1,
USW00094931,"HIBBING CHISHOLM HIBBING AIRPORT, MN US",2021-07-04,47.38039,-92.83246,408.2,32.8,12.8,0.5,6.7,2.4,10.7,    1,    1
USW00094931,"HIBBING CHISHOLM HIBBING AIRPORT, MN US",2021-07-05,47.38039,-92.83246,408.2,31.1,17.8,0.0,8.1,3.5,11.2,,
USW00094931,"HIBBING CHISHOLM HIBBING AIRPORT, MN US",2021-07-06,47.38039,-92.83246,408.2,21.1,12.2,1.3,4.5,1.9,7.2,    1,
USW00094931,"HIBBING CHISHOLM HIBBING AIRPORT, MN US",2021-07-07,47.38039,-92.83246,408.2,20.0,4.4,0.0,5.8,1.6,8.1,    1,
USW00094931,"HIBBING CHISHOLM HIBBING AIRPORT, MN US",2021-07-08,47.38039,-92.83246,408.2,22.8,1.1,0.0,4.0,0.9,7.6,,
USW00094931,"HIBBING CHISHOLM HIBBING AIRPORT, MN US",2021-07-09,47.38039,-92.83246,408.2,26.1,2.2,0.0,5.8,0.9,8.1,,
USW00094931,"HIBBING CHISHOLM HIBBING AIRPORT, MN US",2021-07-10,47.38039,-92.83246,408.2,28.9,5.0,0.0,5.4,1.1,7.6,    1,
USW00094931,"HIBBING CHISHOLM HIBBING AIRPORT, MN US",2021-07-11,47.38039,-92.83246,408.2,30.0,8.9,0.0,4.5,1.0,7.2,    1,
USW00094931,"HIBBING CHISHOLM HIBBING AIRPORT, MN US",2021-07-12,47.38039,-92.83246,408.2,27.8,10.6,0.0,7.6,2.0,11.2,    1,
USW00094931,"HIBBING CHISHOLM HIBBING AIRPORT, MN US",2021-07-13,47.38039,-92.83246,408.2,29.4,9.4,0.0,7.6,2.3,11.2,    1,
USW00094931,"HIBBING CHISHOLM HIBBING AIRPORT, MN US",2021-07-14,47.38039,-92.83246,408.2,25.6,10.0,0.0,6.3,2.0,8.9,    1,
USW00094931,"HIBBING CHISHOLM HIBBING AIRPORT, MN US",2021-07-15,47.38039,-92.83246,408.2,26.7,6.7,0.0,4.5,0.9,6.3,    1,
USW00094931,"HIBBING CHISHOLM HIBBING AIRPORT, MN US",2021-07-16,47.38039,-92.83246,408.2,30.0,6.7,0.0,5.4,0.8,6.7,    1,
USW00094931,"HIBBING CHISHOLM HIBBING AIRPORT, MN US",2021-07-17,47.38039,-92.83246,408.2,31.1,8.3,0.0,4.5,1.0,7.2,    1,
USW00094931,"HIBBING CHISHOLM HIBBING AIRPORT, MN US",2021-07-18,47.38039,-92.83246,408.2,30.6,9.4,0.0,4.5,1.0,7.2,    1,
USW00094931,"HIBBING CHISHOLM HIBBING AIRPORT, MN US",2021-07-19,47.38039,-92.83246,408.2,24.4,10.6,13.5,10.7,1.7,15.7,    1,    1
USW00094931,"HIBBING CHISHOLM HIBBING AIRPORT, MN US",2021-07-20,47.38039,-92.83246,408.2,23.9,13.9,0.0,6.3,2.6,7.6,    1,
USW00094931,"HIBBING CHISHOLM HIBBING AIRPORT, MN US",2021-07-21,47.38039,-92.83246,408.2,17.2,11.7,0.3,7.2,2.3,9.4,    1,
USW00094931,"HIBBING CHISHOLM HIBBING AIRPORT, MN US",2021-07-22,47.38039,-92.83246,408.2,28.9,13.3,1.3,7.2,3.4,9.8,    1,
USW00094931,"HIBBING CHISHOLM HIBBING AIRPORT, MN US",2021-07-23,47.38039,-92.83246,408.2,31.7,15.6,0.8,5.8,2.3,9.8,    1,    1
USW00094931,"HIBBING CHISHOLM HIBBING AIRPORT, MN US",2021-07-24,47.38039,-92.83246,408.2,28.9,12.2,17.5,13.0,4.0,19.2,    1,    1
USW00094931,"HIBBING CHISHOLM HIBBING AIRPORT, MN US",2021-07-25,47.38039,-92.83246,408.2,29.4,8.9,0.0,11.2,3.5,16.1,,
USW00094931,"HIBBING CHISHOLM HIBBING AIRPORT, MN US",2021-07-26,47.38039,-92.83246,408.2,31.1,8.9,5.8,11.2,1.5,19.2,    1,    1
USW00094931,"HIBBING CHISHOLM HIBBING AIRPORT, MN US",2021-07-27,47.38039,-92.83246,408.2,28.3,11.1,0.0,5.4,1.3,7.2,    1,    1
USW00094931,"HIBBING CHISHOLM HIBBING AIRPORT, MN US",2021-07-28,47.38039,-92.83246,408.2,25.6,10.6,0.3,5.4,1.8,8.5,    1,    1
USW00094931,"HIBBING CHISHOLM HIBBING AIRPORT, MN US",2021-07-29,47.38039,-92.83246,408.2,24.4,9.4,0.0,8.9,3.7,12.1,    1,
USW00094931,"HIBBING CHISHOLM HIBBING AIRPORT, MN US",2021-07-30,47.38039,-92.83246,408.2,26.7,6.7,0.0,4.5,1.5,7.6,    1,
USW00094931,"HIBBING CHISHOLM HIBBING AIRPORT, MN US",2021-07-31,47.38039,-92.83246,408.2,24.4,10.6,0.0,8.9,3.4,12.5,    1,
