STATION,NAME,DATE,LATITUDE,LONGITUDE,ELEVATION,TMAX,TAVG,TMIN,PRCP,WSF2,WSF5,AWND,WT01,WT03
USW00022521,"HONOLULU INTERNATIONAL AIRPORT, HI US",2021-06-01,21.32402,-157.93946,1.9,32.2,27.1,23.3,0.0,8.9,10.7,4.1,,
USW00022521,"HONOLULU INTERNATIONAL AIRPORT, HI US",2021-06-02,21.32402,-157.93946,1.9,31.1,27.5,24.4,0.0,9.4,13.0,5.1,,
USW00022521,"HONOLULU INTERNATIONAL AIRPORT, HI US",2021-06-03,21.32402,-157.93946,1.9,31.1,27.3,23.9,0.0,9.8,12.1,4.8,,
USW00022521,"HONOLULU INTERNATIONAL AIRPORT, HI US",2021-06-04,21.32402,-157.93946,1.9,31.1,26.6,23.9,0.0,9.8,13.4,5.4,,
USW00022521,"HONOLULU INTERNATIONAL AIRPORT, HI US",2021-06-05,21.32402,-157.93946,1.9,30.6,26.9,23.9,0.0,11.2,14.3,6.3,,
USW00022521,"HONOLULU INTERNATIONAL AIRPORT, HI US",2021-06-06,21.32402,-157.93946,1.9,30.6,26.5,22.8,0.3,11.2,13.4,5.8,,
USW00022521,"HONOLULU INTERNATIONAL AIRPORT, HI US",2021-06-07,21.32402,-157.93946,1.9,31.1,26.5,23.3,0.0,11.2,14.3,5.7,,
USW00022521,"HONOLULU INTERNATIONAL AIRPORT, HI US",2021-06-08,21.32402,-157.93946,1.9,30.6,26.8,23.9,0.0,11.6,15.7,6.6,,
USW00022521,"HONOLULU INTERNATIONAL AIRPORT, HI US",2021-06-09,21.32402,-157.93946,1.9,30.6,26.8,24.4,0.0,11.2,14.8,7.2,,
USW00022521,"HONOLULU INTERNATIONAL AIRPORT, HI US",2021-06-10,21.32402,-157.93946,1.9,30.6,26.6,23.9,0.0,13.0,18.8,7.8,,
USW00022521,"HONOLULU INTERNATIONAL AIRPORT, HI US",2021-06-11,21.32402,-157.93946,1.9,29.4,25.9,22.8,0.0,9.4,11.6,4.6,,
USW00022521,"HONOLULU INTERNATIONAL AIRPORT, HI US",2021-06-12,21.32402,-157.93946,1.9,30.6,26.1,22.8,0.0,9.8,12.1,5.5,,
USW00022521,"HONOLULU INTERNATIONAL AIRPORT, HI US",2021-06-13,21.32402,-157.93946,1.9,30.0,26.3,23.3,0.0,9.8,14.3,5.1,,
USW00022521,"HONOLULU INTERNATIONAL AIRPORT, HI US",2021-06-14,21.32402,-157.93946,1.9,30.6,26.4,23.9,0.0,9.8,12.5,5.0,,
USW00022521,"HONOLULU INTERNATIONAL AIRPORT, HI US",2021-06-15,21.32402,-157.93946,1.9,30.6,26.3,23.3,0.0,9.8,12.5,4.5,,
USW00022521,"HONOLULU INTERNATIONAL AIRPORT, HI US",2021-06-16,21.32402,-157.93946,1.9,31.1,26.9,23.3,0.0,9.8,13.4,4.7,,
USW00022521,"HONOLULU INTERNATIONAL AIRPORT, HI US",2021-06-17,21.32402,-157.93946,1.9,30.6,26.8,23.3,1.0,10.7,13.4,5.1,,
USW00022521,"HONOLULU INTERNATIONAL AIRPORT, HI US",2021-06-18,21.32402,-157.93946,1.9,31.1,26.8,23.3,0.0,9.8,12.1,5.0,,
USW00022521,"HONOLULU INTERNATIONAL AIRPORT, HI US",2021-06-19,21.32402,-157.93946,1.9,31.1,26.5,22.8,0.0,7.6,11.6,3.2,,
USW00022521,"HONOLULU INTERNATIONAL AIRPORT, HI US",2021-06-20,21.32402,-157.93946,1.9,31.1,25.9,22.2,0.0,7.6,10.7,4.1,,
USW00022521,"HONOLULU INTERNATIONAL AIRPORT, HI US",2021-06-21,21.32402,-157.93946,1.9,31.1,26.1,22.8,0.0,9.4,10.7,4.0,,
USW00022521,"HONOLULU INTERNATIONAL AIRPORT, HI US",2021-06-22,21.32402,-157.93946,1.9,31.1,26.8,22.2,0.0,8.1,10.7,3.8,,
USW00022521,"HONOLULU INTERNATIONAL AIRPORT, HI US",2021-06-23,21.32402,-157.93946,1.9,31.1,26.4,22.8,0.3,9.4,11.6,4.0,,
USW00022521,"HONOLULU INTERNATIONAL AIRPORT, HI US",2021-06-24,21.32402,-157.93946,1.9,31.7,26.6,22.8,0.0,8.9,10.7,3.8,,
USW00022521,"HONOLULU INTERNATIONAL AIRPORT, HI US",2021-06-25,21.32402,-157.93946,1.9,30.6,26.1,21.7,0.0,8.9,10.7,3.9,,
USW00022521,"HONOLULU INTERNATIONAL AIRPORT, HI US",2021-06-26,21.32402,-157.93946,1.9,30.6,26.2,22.2,0.0,6.7,8.5,2.4,,
USW00022521,"HONOLULU INTERNATIONAL AIRPORT, HI US",2021-06-27,21.32402,-157.93946,1.9,32.2,26.8,23.3,0.0,8.9,11.2,3.9,,
USW00022521,"HONOLULU INTERNATIONAL AIRPORT, HI US",2021-06-28,21.32402,-157.93946,1.9,31.7,27.1,22.8,0.0,8.1,12.1,3.8,,
USW00022521,"HONOLULU INTERNATIONAL AIRPORT, HI US",2021-06-29,21.32402,-157.93946,1.9,31.7,26.7,22.2,0.0,7.2,9.8,3.8,,
USW00022521,"HONOLULU INTERNATIONAL AIRPORT, HI US",2021-06-30,21.32402,-157.93946,1.9,31.7,27.7,23.9,0.0,10.7,13.4,5.2,,
