STATION,NAME,DATE,LATITUDE,LONGITUDE,ELEVATION,TMAX,TMIN,PRCP,WSF2,AWND,WSF5,WT01,WT03
USW00094720,"HYANNIS BARNSTABLE MUNICIPAL AIRPORT, MA US",2022-05-01,41.6719,-70.26972,11.4,17.2,3.3,0.0,5.4,2.7,7.2,,
USW00094720,"HYANNIS BARNSTABLE MUNICIPAL AIRPORT, MA US",2022-05-02,41.6719,-70.26972,11.4,12.2,1.1,14.0,7.2,3.8,10.3,,
USW00094720,"HYANNIS BARNSTABLE MUNICIPAL AIRPORT, MA US",2022-05-03,41.6719,-70.26972,11.4,13.9,7.2,1.8,6.3,2.6,8.5,,
USW00094720,"HYANNIS BARNSTABLE MUNICIPAL AIRPORT, MA US",2022-05-04,41.6719,-70.26972,11.4,14.4,6.7,8.6,5.8,2.4,8.1,,
USW00094720,"HYANNIS BARNSTABLE MUNICIPAL AIRPORT, MA US",2022-05-05,41.6719,-70.26972,11.4,16.7,10.0,0.0,8.1,4.4,12.1,,
USW00094720,"HYANNIS BARNSTABLE MUNICIPAL AIRPORT, MA US",2022-05-06,41.6719,-70.26972,11.4,,,0.0,5.4,,6.7,,
USW00094720,"HYANNIS BARNSTABLE MUNICIPAL AIRPORT, MA US",2022-05-07,41.6719,-70.26972,11.4,10.6,7.8,1.8,11.6,5.4,15.2,,
USW00094720,"HYANNIS BARNSTABLE MUNICIPAL AIRPORT, MA US",2022-05-08,41.6719,-70.26972,11.4,11.7,7.2,0.0,13.0,8.1,17.9,,
USW00094720,"HYANNIS BARNSTABLE MUNICIPAL AIRPORT, MA US",2022-05-09,41.6719,-70.26972,11.4,11.7,7.8,0.0,14.3,8.7,20.6,,
USW00094720,"HYANNIS BARNSTABLE MUNICIPAL AIRPORT, MA US",2022-05-10,41.6719,-70.26972,11.4,13.3,8.3,0.0,12.5,7.8,17.0,,
USW00094720,"HYANNIS BARNSTABLE MUNICIPAL AIRPORT, MA US",2022-05-11,41.6719,-70.26972,11.4,10.6,8.3,0.8,9.8,6.0,13.9,,
USW00094720,"HYANNIS BARNSTABLE MUNICIPAL AIRPORT, MA US",2022-05-12,41.6719,-70.26972,11.4,20.0,8.9,0.0,6.7,3.1,8.1,,
USW00094720,"HYANNIS BARNSTABLE MUNICIPAL AIRPORT, MA US",2022-05-13,41.6719,-70.26972,11.4,20.6,11.7,0.0,4.5,1.8,6.3,,
USW00094720,"HYANNIS BARNSTABLE MUNICIPAL AIRPORT, MA US",2022-05-14,41.6719,-70.26972,11.4,26.1,13.9,0.3,8.1,3.8,10.3,,
USW00094720,"HYANNIS BARNSTABLE MUNICIPAL AIRPORT, MA US",2022-05-15,41.6719,-70.26972,11.4,21.1,13.3,2.8,7.2,3.4,8.9,,
USW00094720,"HYANNIS BARNSTABLE MUNICIPAL AIRPORT, MA US",2022-05-16,41.6719,-70.26972,11.4,19.4,12.2,4.1,8.9,4.3,12.1,,
USW00094720,"HYANNIS BARNSTABLE MUNICIPAL AIRPORT, MA US",2022-05-17,41.6719,-70.26972,11.4,21.1,13.9,0.0,13.0,5.3,16.1,,
USW00094720,"HYANNIS BARNSTABLE MUNICIPAL AIRPORT, MA US",2022-05-18,41.6719,-70.26972,11.4,20.0,11.7,0.0,8.1,3.8,10.7,,
USW00094720,"HYANNIS BARNSTABLE MUNICIPAL AIRPORT, MA US",2022-05-19,41.6719,-70.26972,11.4,13.9,10.0,5.1,6.3,2.7,8.9,,
USW00094720,"HYANNIS BARNSTABLE MUNICIPAL AIRPORT, MA US",2022-05-20,41.6719,-70.26972,11.4,16.1,10.0,0.3,5.8,2.6,8.5,,
USW00094720,"HYANNIS BARNSTABLE MUNICIPAL AIRPORT, MA US",2022-05-21,41.6719,-70.26972,11.4,23.9,13.3,8.9,6.7,3.3,9.8,,
USW00094720,"HYANNIS BARNSTABLE MUNICIPAL AIRPORT, MA US",2022-05-22,41.6719,-70.26972,11.4,25.0,15.6,0.0,10.3,4.1,13.4,,
USW00094720,"HYANNIS BARNSTABLE MUNICIPAL AIRPORT, MA US",2022-05-23,41.6719,-70.26972,11.4,20.0,11.1,0.0,9.4,4.2,12.5,,
USW00094720,"HYANNIS BARNSTABLE MUNICIPAL AIRPORT, MA US",2022-05-24,41.6719,-70.26972,11.4,16.1,6.1,0.0,7.2,3.1,10.3,,
USW00094720,"HYANNIS BARNSTABLE MUNICIPAL AIRPORT, MA US",2022-05-25,41.6719,-70.26972,11.4,16.1,5.0,0.0,5.8,2.3,7.2,,
USW00094720,"HYANNIS BARNSTABLE MUNICIPAL AIRPORT, MA US",2022-05-26,41.6719,-70.26972,11.4,17.8,6.1,0.0,8.1,3.8,11.2,,
USW00094720,"HYANNIS BARNSTABLE MUNICIPAL AIRPORT, MA US",2022-05-27,41.6719,-70.26972,11.4,21.1,15.0,1.0,9.8,5.9,13.4,,
USW00094720,"HYANNIS BARNSTABLE MUNICIPAL AIRPORT, MA US",2022-05-28,41.6719,-70.26972,11.4,19.4,15.0,6.9,9.4,5.4,13.4,,
USW00094720,"HYANNIS BARNSTABLE MUNICIPAL AIRPORT, MA US",2022-05-29,41.6719,-70.26972,11.4,22.8,14.4,0.0,7.2,3.1,10.3,,
USW00094720,"HYANNIS BARNSTABLE MUNICIPAL AIRPORT, MA US",2022-05-30,41.6719,-70.26972,11.4,25.0,-17.7,0.0,9.4,5.4,11.6,,
USW00094720,"HYANNIS BARNSTABLE MUNICIPAL AIRPORT, MA US",2022-05-31,41.6719,-70.26972,11.4,29.4,12.8,1.5,10.3,4.1,13.4,,
