STATION,NAME,DATE,LATITUDE,LONGITUDE,ELEVATION,TMAX,TAVG,TMIN,SNOW,PRCP,WSF2,WSF5,AWND,WT01,WT03
USW00012960,"HOUSTON INTERCONTINENTAL AIRPORT, TX US",2024-08-01,29.98438,-95.36072,27.5,36.1,30.1,24.4,0.0,0.0,7.6,9.4,2.4,    1,
USW00012960,"HOUSTON INTERCONTINENTAL AIRPORT, TX US",2024-08-02,29.98438,-95.36072,27.5,36.1,30.8,26.1,0.0,0.0,4.0,7.2,1.3,,
USW00012960,"HOUSTON INTERCONTINENTAL AIRPORT, TX US",2024-08-03,29.98438,-95.36072,27.5,37.2,31.6,26.7,0.0,10.4,8.9,11.6,2.4,,    1
USW00012960,"HOUSTON INTERCONTINENTAL AIRPORT, TX US",2024-08-04,29.98438,-95.36072,27.5,35.0,30.2,25.0,0.0,0.0,6.7,10.3,2.1,,
USW00012960,"HOUSTON INTERCONTINENTAL AIRPORT, TX US",2024-08-05,29.98438,-95.36072,27.5,36.1,30.6,26.7,0.0,0.0,5.8,7.6,1.9,,
USW00012960,"HOUSTON INTERCONTINENTAL AIRPORT, TX US",2024-08-06,29.98438,-95.36072,27.5,36.7,30.5,25.6,0.0,0.0,4.5,7.2,1.6,,
USW00012960,"HOUSTON INTERCONTINENTAL AIRPORT, TX US",2024-08-07,29.98438,-95.36072,27.5,37.8,31.6,27.2,0.0,0.0,5.8,7.2,2.3,,
USW00012960,"HOUSTON INTERCONTINENTAL AIRPORT, TX US",2024-08-08,29.98438,-95.36072,27.5,37.2,31.7,26.7,0.0,0.0,5.8,8.5,2.1,,
USW00012960,"HOUSTON INTERCONTINENTAL AIRPORT, TX US",2024-08-09,29.98438,-95.36072,27.5,36.7,31.9,27.8,0.0,0.0,6.7,9.4,3.0,,
USW00012960,"HOUSTON INTERCONTINENTAL AIRPORT, TX US",2024-08-10,29.98438,-95.36072,27.5,35.6,30.7,26.1,0.0,0.0,6.3,8.9,3.3,,
USW00012960,"HOUSTON INTERCONTINENTAL AIRPORT, TX US",2024-08-11,29.98438,-95.36072,27.5,35.6,29.9,24.4,0.0,0.0,7.6,11.2,2.9,,
USW00012960,"HOUSTON INTERCONTINENTAL AIRPORT, TX US",2024-08-12,29.98438,-95.36072,27.5,37.2,30.4,24.4,0.0,0.0,6.7,10.7,1.7,,    1
USW00012960,"HOUSTON INTERCONTINENTAL AIRPORT, TX US",2024-08-13,29.98438,-95.36072,27.5,34.4,30.4,26.1,0.0,0.0,7.2,10.3,2.0,,    1
USW00012960,"HOUSTON INTERCONTINENTAL AIRPORT, TX US",2024-08-14,29.98438,-95.36072,27.5,37.2,30.6,25.6,0.0,0.0,8.9,12.1,1.8,,
USW00012960,"HOUSTON INTERCONTINENTAL AIRPORT, TX US",2024-08-15,29.98438,-95.36072,27.5,36.7,30.6,25.0,0.0,0.0,9.4,10.7,2.5,,
USW00012960,"HOUSTON INTERCONTINENTAL AIRPORT, TX US",2024-08-16,29.98438,-95.36072,27.5,37.8,31.4,25.6,0.0,0.0,7.6,10.3,2.2,,
USW00012960,"HOUSTON INTERCONTINENTAL AIRPORT, TX US",2024-08-17,29.98438,-95.36072,27.5,37.8,31.7,25.6,0.0,0.0,5.4,7.2,1.5,,
USW00012960,"HOUSTON INTERCONTINENTAL AIRPORT, TX US",2024-08-18,29.98438,-95.36072,27.5,37.8,31.9,26.7,0.0,0.0,4.0,6.7,1.6,,
USW00012960,"HOUSTON INTERCONTINENTAL AIRPORT, TX US",2024-08-19,29.98438,-95.36072,27.5,38.3,32.2,26.1,0.0,0.0,5.8,8.1,2.2,,
USW00012960,"HOUSTON INTERCONTINENTAL AIRPORT, TX US",2024-08-20,29.98438,-95.36072,27.5,38.9,32.3,27.8,0.0,0.0,5.4,6.7,1.9,,
USW00012960,"HOUSTON INTERCONTINENTAL AIRPORT, TX US",2024-08-21,29.98438,-95.36072,27.5,38.9,32.3,26.7,0.0,0.0,7.6,9.8,3.4,,
USW00012960,"HOUSTON INTERCONTINENTAL AIRPORT, TX US",2024-08-22,29.98438,-95.36072,27.5,37.8,32.1,27.2,0.0,0.0,7.2,8.9,3.2,,
USW00012960,"HOUSTON INTERCONTINENTAL AIRPORT, TX US",2024-08-23,29.98438,-95.36072,27.5,36.7,31.8,27.2,0.0,0.0,7.2,10.3,3.4,,
USW00012960,"HOUSTON INTERCONTINENTAL AIRPORT, TX US",2024-08-24,29.98438,-95.36072,27.5,36.7,30.2,24.4,0.0,0.0,7.6,10.3,2.7,,
USW00012960,"HOUSTON INTERCONTINENTAL AIRPORT, TX US",2024-08-25,29.98438,-95.36072,27.5,37.2,30.1,24.4,0.0,0.0,8.1,12.1,3.5,,
USW00012960,"HOUSTON INTERCONTINENTAL AIRPORT, TX US",2024-08-26,29.98438,-95.36072,27.5,31.7,28.2,24.4,0.0,1.8,7.2,10.7,3.4,    1,    1
USW00012960,"HOUSTON INTERCONTINENTAL AIRPORT, TX US",2024-08-27,29.98438,-95.36072,27.5,32.8,27.3,24.4,0.0,1.0,7.6,11.6,2.3,,    1
USW00012960,"HOUSTON INTERCONTINENTAL AIRPORT, TX US",2024-08-28,29.98438,-95.36072,27.5,35.0,27.9,24.4,0.0,0.0,8.9,11.6,3.0,,
USW00012960,"HOUSTON INTERCONTINENTAL AIRPORT, TX US",2024-08-29,29.98438,-95.36072,27.5,32.2,27.1,23.9,0.0,30.2,11.6,15.2,3.0,    1,    1
USW00012960,"HOUSTON INTERCONTINENTAL AIRPORT, TX US",2024-08-30,29.98438,-95.36072,27.5,32.2,26.3,25.0,0.0,0.8,8.1,9.8,3.8,    1,
USW00012960,"HOUSTON INTERCONTINENTAL AIRPORT, TX US",2024-08-31,29.98438,-95.36072,27.5,32.8,27.3,24.4,0.0,2.0,8.1,9.8,3.8,,
