STATION,NAME,DATE,LATITUDE,LONGITUDE,ELEVATION,TMAX,TMIN,SNOW,PRCP,WSF2,WSF5,AWND,WT01,WT03
USW00013748,"WILMINGTON INTERNATIONAL AIRPORT, NC US",2022-05-01,34.26678,-77.89987,7.0,28.3,16.7,0.0,0.0,8.1,11.6,4.5,,
USW00013748,"WILMINGTON INTERNATIONAL AIRPORT, NC US",2022-05-02,34.26678,-77.89987,7.0,30.6,19.4,0.0,0.0,9.4,11.6,4.0,,
USW00013748,"WILMINGTON INTERNATIONAL AIRPORT, NC US",2022-05-03,34.26678,-77.89987,7.0,31.1,21.1,0.0,0.0,9.4,11.6,4.9,,
USW00013748,"WILMINGTON INTERNATIONAL AIRPORT, NC US",2022-05-04,34.26678,-77.89987,7.0,30.0,21.7,0.0,0.0,9.4,12.1,5.0,,
USW00013748,"WILMINGTON INTERNATIONAL AIRPORT, NC US",2022-05-05,34.26678,-77.89987,7.0,28.9,20.6,0.0,0.8,7.6,11.6,3.7,,    1
USW00013748,"WILMINGTON INTERNATIONAL AIRPORT, NC US",2022-05-06,34.26678,-77.89987,7.0,31.1,20.6,0.0,0.0,10.7,16.1,5.7,,
USW00013748,"WILMINGTON INTERNATIONAL AIRPORT, NC US",2022-05-07,34.26678,-77.89987,7.0,28.3,16.7,0.0,0.0,10.3,13.9,5.6,,    1
USW00013748,"WILMINGTON INTERNATIONAL AIRPORT, NC US",2022-05-08,34.26678,-77.89987,7.0,16.7,10.6,0.0,0.0,9.8,12.5,6.1,,
USW00013748,"WILMINGTON INTERNATIONAL AIRPORT, NC US",2022-05-09,34.26678,-77.89987,7.0,22.8,8.3,0.0,0.0,10.3,12.5,5.1,,
USW00013748,"WILMINGTON INTERNATIONAL AIRPORT, NC US",2022-05-10,34.26678,-77.89987,7.0,23.9,10.6,0.0,0.0,10.7,14.3,6.1,,
USW00013748,"WILMINGTON INTERNATIONAL AIRPORT, NC US",2022-05-11,34.26678,-77.89987,7.0,25.6,13.9,0.0,0.0,9.8,13.0,6.1,,
USW00013748,"WILMINGTON INTERNATIONAL AIRPORT, NC US",2022-05-12,34.26678,-77.89987,7.0,25.0,16.7,0.0,5.3,10.7,14.8,6.0,    1,
USW00013748,"WILMINGTON INTERNATIONAL AIRPORT, NC US",2022-05-13,34.26678,-77.89987,7.0,25.0,17.8,0.0,3.0,8.1,11.6,2.7,    1,    1
USW00013748,"WILMINGTON INTERNATIONAL AIRPORT, NC US",2022-05-14,34.26678,-77.89987,7.0,26.1,16.7,0.0,0.0,6.3,7.2,2.0,    1,    1
USW00013748,"WILMINGTON INTERNATIONAL AIRPORT, NC US",2022-05-15,34.26678,-77.89987,7.0,30.6,16.7,0.0,0.0,7.2,8.9,2.7,    1,
USW00013748,"WILMINGTON INTERNATIONAL AIRPORT, NC US",2022-05-16,34.26678,-77.89987,7.0,30.6,20.6,0.0,7.9,11.6,13.4,4.9,    1,    1
USW00013748,"WILMINGTON INTERNATIONAL AIRPORT, NC US",2022-05-17,34.26678,-77.89987,7.0,28.9,17.2,0.0,0.5,6.3,8.1,2.6,    1,
USW00013748,"WILMINGTON INTERNATIONAL AIRPORT, NC US",2022-05-18,34.26678,-77.89987,7.0,30.6,17.2,0.0,0.0,6.7,8.5,3.1,,
USW00013748,"WILMINGTON INTERNATIONAL AIRPORT, NC US",2022-05-19,34.26678,-77.89987,7.0,34.4,22.2,0.0,0.0,9.4,12.1,5.7,,
USW00013748,"WILMINGTON INTERNATIONAL AIRPORT, NC US",2022-05-20,34.26678,-77.89987,7.0,35.0,24.4,0.0,0.0,8.9,11.6,5.6,,
USW00013748,"WILMINGTON INTERNATIONAL AIRPORT, NC US",2022-05-21,34.26678,-77.89987,7.0,32.8,25.0,0.0,0.0,8.1,11.2,4.7,,
USW00013748,"WILMINGTON INTERNATIONAL AIRPORT, NC US",2022-05-22,34.26678,-77.89987,7.0,30.6,22.8,0.0,0.5,9.4,12.5,4.0,,
USW00013748,"WILMINGTON INTERNATIONAL AIRPORT, NC US",2022-05-23,34.26678,-77.89987,7.0,32.2,22.2,0.0,0.0,7.6,9.8,3.7,,
USW00013748,"WILMINGTON INTERNATIONAL AIRPORT, NC US",2022-05-24,34.26678,-77.89987,7.0,31.1,21.7,0.0,0.0,8.1,10.7,4.0,,
USW00013748,"WILMINGTON INTERNATIONAL AIRPORT, NC US",2022-05-25,34.26678,-77.89987,7.0,28.3,18.9,0.0,0.0,6.7,10.3,3.7,    1,
USW00013748,"WILMINGTON INTERNATIONAL AIRPORT, NC US",2022-05-26,34.26678,-77.89987,7.0,28.3,17.8,0.0,0.0,6.3,7.6,2.5,,
USW00013748,"WILMINGTON INTERNATIONAL AIRPORT, NC US",2022-05-27,34.26678,-77.89987,7.0,28.3,21.7,0.0,10.4,13.4,17.4,4.8,    1,    1
USW00013748,"WILMINGTON INTERNATIONAL AIRPORT, NC US",2022-05-28,34.26678,-77.89987,7.0,30.6,22.2,0.0,0.0,6.3,7.6,3.0,,
USW00013748,"WILMINGTON INTERNATIONAL AIRPORT, NC US",2022-05-29,34.26678,-77.89987,7.0,30.6,20.0,0.0,0.0,6.3,8.1,2.2,    1,
USW00013748,"WILMINGTON INTERNATIONAL AIRPORT, NC US",2022-05-30,34.26678,-77.89987,7.0,30.0,20.0,0.0,0.0,6.3,8.1,2.3,    1,
USW00013748,"WILMINGTON INTERNATIONAL AIRPORT, NC US",2022-05-31,34.26678,-77.89987,7.0,32.8,19.4,0.0,0.0,6.3,8.1,2.1,,
