STATION,NAME,DATE,LATITUDE,LONGITUDE,ELEVATION,TMAX,TAVG,TMIN,SNOW,PRCP,WSF2,WSF5,AWND,WT01,WT03
USW00053860,"JACKSONVILLE CRAIG MUNICIPAL AIRPORT, FL US",2023-08-01,30.33708,-81.51277,11.9,32.2,30.4,23.3,0.0,0.5,7.6,11.2,2.8,,
USW00053860,"JACKSONVILLE CRAIG MUNICIPAL AIRPORT, FL US",2023-08-02,30.33708,-81.51277,11.9,32.2,27.9,24.4,0.0,0.0,6.7,9.4,2.5,,
USW00053860,"JACKSONVILLE CRAIG MUNICIPAL AIRPORT, FL US",2023-08-03,30.33708,-81.51277,11.9,32.2,28.8,24.4,0.0,1.5,6.3,8.5,2.6,,
USW00053860,"JACKSONVILLE CRAIG MUNICIPAL AIRPORT, FL US",2023-08-04,30.33708,-81.51277,11.9,32.2,28.5,24.4,0.0,27.9,12.5,17.9,3.4,    1,    1
USW00053860,"JACKSONVILLE CRAIG MUNICIPAL AIRPORT, FL US",2023-08-05,30.33708,-81.51277,11.9,34.4,28.2,24.4,0.0,0.3,9.8,13.0,2.2,    1,    1
USW00053860,"JACKSONVILLE CRAIG MUNICIPAL AIRPORT, FL US",2023-08-06,30.33708,-81.51277,11.9,35.0,29.1,25.0,0.0,7.1,7.6,11.2,1.7,    1,    1
USW00053860,"JACKSONVILLE CRAIG MUNICIPAL AIRPORT, FL US",2023-08-07,30.33708,-81.51277,11.9,37.2,30.8,25.6,0.0,0.0,7.6,10.7,3.4,,    1
USW00053860,"JACKSONVILLE CRAIG MUNICIPAL AIRPORT, FL US",2023-08-08,30.33708,-81.51277,11.9,37.2,34.6,27.2,0.0,0.0,7.2,10.3,3.7,,
USW00053860,"JACKSONVILLE CRAIG MUNICIPAL AIRPORT, FL US",2023-08-09,30.33708,-81.51277,11.9,36.1,30.3,25.6,0.0,0.0,5.8,7.6,2.6,,
USW00053860,"JACKSONVILLE CRAIG MUNICIPAL AIRPORT, FL US",2023-08-10,30.33708,-81.51277,11.9,36.7,31.1,26.7,0.0,0.3,10.3,16.1,3.0,,    1
USW00053860,"JACKSONVILLE CRAIG MUNICIPAL AIRPORT, FL US",2023-08-11,30.33708,-81.51277,11.9,37.2,31.2,26.7,0.0,8.1,13.4,17.9,2.6,,    1
USW00053860,"JACKSONVILLE CRAIG MUNICIPAL AIRPORT, FL US",2023-08-12,30.33708,-81.51277,11.9,36.1,30.2,26.7,0.0,0.0,4.5,6.3,1.9,,
USW00053860,"JACKSONVILLE CRAIG MUNICIPAL AIRPORT, FL US",2023-08-13,30.33708,-81.51277,11.9,35.6,30.8,25.6,0.0,0.0,6.3,8.5,2.4,,
USW00053860,"JACKSONVILLE CRAIG MUNICIPAL AIRPORT, FL US",2023-08-14,30.33708,-81.51277,11.9,36.7,30.1,25.6,0.0,0.0,10.7,15.7,2.1,,    1
USW00053860,"JACKSONVILLE CRAIG MUNICIPAL AIRPORT, FL US",2023-08-15,30.33708,-81.51277,11.9,36.1,28.6,25.0,0.0,2.8,11.2,16.1,1.9,    1,    1
USW00053860,"JACKSONVILLE CRAIG MUNICIPAL AIRPORT, FL US",2023-08-16,30.33708,-81.51277,11.9,33.9,28.7,24.4,0.0,8.6,6.7,9.8,1.9,    1,    1
USW00053860,"JACKSONVILLE CRAIG MUNICIPAL AIRPORT, FL US",2023-08-17,30.33708,-81.51277,11.9,33.3,26.8,23.9,0.0,16.0,9.4,15.7,2.5,,    1
USW00053860,"JACKSONVILLE CRAIG MUNICIPAL AIRPORT, FL US",2023-08-18,30.33708,-81.51277,11.9,35.6,28.4,25.0,0.0,0.0,6.7,8.9,3.0,,
USW00053860,"JACKSONVILLE CRAIG MUNICIPAL AIRPORT, FL US",2023-08-19,30.33708,-81.51277,11.9,32.8,29.1,25.0,0.0,0.0,6.3,8.5,2.2,,    1
USW00053860,"JACKSONVILLE CRAIG MUNICIPAL AIRPORT, FL US",2023-08-20,30.33708,-81.51277,11.9,32.8,28.9,25.0,0.0,1.5,7.6,12.5,2.3,,
USW00053860,"JACKSONVILLE CRAIG MUNICIPAL AIRPORT, FL US",2023-08-21,30.33708,-81.51277,11.9,32.8,28.9,25.0,0.0,0.0,6.3,8.1,2.0,,
USW00053860,"JACKSONVILLE CRAIG MUNICIPAL AIRPORT, FL US",2023-08-22,30.33708,-81.51277,11.9,34.4,29.1,24.4,0.0,0.0,4.5,6.3,1.3,,
USW00053860,"JACKSONVILLE CRAIG MUNICIPAL AIRPORT, FL US",2023-08-23,30.33708,-81.51277,11.9,32.8,28.6,24.4,0.0,0.0,8.1,13.0,3.5,,    1
USW00053860,"JACKSONVILLE CRAIG MUNICIPAL AIRPORT, FL US",2023-08-24,30.33708,-81.51277,11.9,32.8,28.9,23.9,0.0,0.0,6.7,10.3,2.7,,
USW00053860,"JACKSONVILLE CRAIG MUNICIPAL AIRPORT, FL US",2023-08-25,30.33708,-81.51277,11.9,33.9,28.1,22.8,0.0,0.0,5.4,8.1,1.5,,
USW00053860,"JACKSONVILLE CRAIG MUNICIPAL AIRPORT, FL US",2023-08-26,30.33708,-81.51277,11.9,33.3,29.2,25.0,0.0,0.0,6.3,8.9,1.7,,
USW00053860,"JACKSONVILLE CRAIG MUNICIPAL AIRPORT, FL US",2023-08-27,30.33708,-81.51277,11.9,32.8,28.2,23.3,0.0,0.0,6.3,8.9,1.8,,
USW00053860,"JACKSONVILLE CRAIG MUNICIPAL AIRPORT, FL US",2023-08-28,30.33708,-81.51277,11.9,32.8,28.7,25.0,0.0,0.0,5.8,8.1,2.2,,
USW00053860,"JACKSONVILLE CRAIG MUNICIPAL AIRPORT, FL US",2023-08-29,30.33708,-81.51277,11.9,34.4,29.7,26.1,0.0,0.5,7.6,9.4,2.6,,    1
USW00053860,"JACKSONVILLE CRAIG MUNICIPAL AIRPORT, FL US",2023-08-30,30.33708,-81.51277,11.9,30.0,28.3,26.1,0.0,5.8,17.0,26.4,8.6,    1,
USW00053860,"JACKSONVILLE CRAIG MUNICIPAL AIRPORT, FL US",2023-08-31,30.33708,-81.51277,11.9,34.4,28.4,25.0,0.0,0.0,6.3,8.9,2.8,,
