STATION,NAME,DATE,LATITUDE,LONGITUDE,ELEVATION,TMAX,TAVG,TMIN,SNOW,PRCP,WSF2,WSF5,AWND,WT01,WT03
USW00053860,"JACKSONVILLE CRAIG MUNICIPAL AIRPORT, FL US",2021-05-01,30.33708,-81.51277,11.9,27.2,23.8,15.0,0.0,0.0,6.3,9.4,2.4,,
USW00053860,"JACKSONVILLE CRAIG MUNICIPAL AIRPORT, FL US",2021-05-02,30.33708,-81.51277,11.9,28.3,23.6,18.9,0.0,0.3,7.2,11.6,3.8,    1,
USW00053860,"JACKSONVILLE CRAIG MUNICIPAL AIRPORT, FL US",2021-05-03,30.33708,-81.51277,11.9,34.4,27.2,21.1,0.0,0.0,8.1,13.9,3.3,,
USW00053860,"JACKSONVILLE CRAIG MUNICIPAL AIRPORT, FL US",2021-05-04,30.33708,-81.51277,11.9,35.6,28.2,22.2,0.0,0.0,8.1,11.6,4.3,,
USW00053860,"JACKSONVILLE CRAIG MUNICIPAL AIRPORT, FL US",2021-05-05,30.33708,-81.51277,11.9,35.6,28.3,21.1,0.0,0.3,10.3,15.7,4.2,,    1
USW00053860,"JACKSONVILLE CRAIG MUNICIPAL AIRPORT, FL US",2021-05-06,30.33708,-81.51277,11.9,30.0,24.7,22.2,0.0,2.3,7.2,10.7,2.6,    1,    1
USW00053860,"JACKSONVILLE CRAIG MUNICIPAL AIRPORT, FL US",2021-05-07,30.33708,-81.51277,11.9,28.3,23.6,17.2,0.0,0.0,10.3,14.8,5.1,,
USW00053860,"JACKSONVILLE CRAIG MUNICIPAL AIRPORT, FL US",2021-05-08,30.33708,-81.51277,11.9,25.6,20.2,11.7,0.0,0.0,6.3,8.9,2.4,,
USW00053860,"JACKSONVILLE CRAIG MUNICIPAL AIRPORT, FL US",2021-05-09,30.33708,-81.51277,11.9,30.0,21.4,12.8,0.0,0.0,8.9,11.6,3.8,    1,
USW00053860,"JACKSONVILLE CRAIG MUNICIPAL AIRPORT, FL US",2021-05-10,30.33708,-81.51277,11.9,31.7,26.2,21.7,0.0,0.0,8.9,12.5,3.6,,    1
USW00053860,"JACKSONVILLE CRAIG MUNICIPAL AIRPORT, FL US",2021-05-11,30.33708,-81.51277,11.9,31.1,25.7,21.7,0.0,3.8,6.3,8.9,2.2,    1,    1
USW00053860,"JACKSONVILLE CRAIG MUNICIPAL AIRPORT, FL US",2021-05-12,30.33708,-81.51277,11.9,32.2,25.6,20.6,0.0,0.3,10.3,13.9,2.9,    1,    1
USW00053860,"JACKSONVILLE CRAIG MUNICIPAL AIRPORT, FL US",2021-05-13,30.33708,-81.51277,11.9,20.6,18.6,14.4,0.0,3.0,9.4,13.9,4.3,    1,
USW00053860,"JACKSONVILLE CRAIG MUNICIPAL AIRPORT, FL US",2021-05-14,30.33708,-81.51277,11.9,24.4,20.0,15.0,0.0,0.0,10.3,14.8,5.1,,
USW00053860,"JACKSONVILLE CRAIG MUNICIPAL AIRPORT, FL US",2021-05-15,30.33708,-81.51277,11.9,25.6,21.6,13.9,0.0,0.0,9.8,15.7,4.8,,
USW00053860,"JACKSONVILLE CRAIG MUNICIPAL AIRPORT, FL US",2021-05-16,30.33708,-81.51277,11.9,26.7,19.8,11.7,0.0,0.0,8.1,12.1,3.2,    1,
USW00053860,"JACKSONVILLE CRAIG MUNICIPAL AIRPORT, FL US",2021-05-17,30.33708,-81.51277,11.9,27.2,21.7,14.4,0.0,0.0,7.2,10.7,2.6,,
USW00053860,"JACKSONVILLE CRAIG MUNICIPAL AIRPORT, FL US",2021-05-18,30.33708,-81.51277,11.9,27.8,23.6,18.9,0.0,0.3,8.9,13.9,4.3,,
USW00053860,"JACKSONVILLE CRAIG MUNICIPAL AIRPORT, FL US",2021-05-19,30.33708,-81.51277,11.9,28.3,24.4,20.0,0.0,0.0,9.8,13.9,5.2,,
USW00053860,"JACKSONVILLE CRAIG MUNICIPAL AIRPORT, FL US",2021-05-20,30.33708,-81.51277,11.9,27.8,24.8,22.2,0.0,0.0,10.3,13.9,5.5,,
USW00053860,"JACKSONVILLE CRAIG MUNICIPAL AIRPORT, FL US",2021-05-21,30.33708,-81.51277,11.9,26.7,23.3,18.9,0.0,0.8,9.8,13.9,3.7,    1,
USW00053860,"JACKSONVILLE CRAIG MUNICIPAL AIRPORT, FL US",2021-05-22,30.33708,-81.51277,11.9,28.3,24.1,17.8,0.0,0.0,7.2,9.8,3.0,,
USW00053860,"JACKSONVILLE CRAIG MUNICIPAL AIRPORT, FL US",2021-05-23,30.33708,-81.51277,11.9,29.4,22.9,16.1,0.0,0.0,5.8,8.9,1.7,,
USW00053860,"JACKSONVILLE CRAIG MUNICIPAL AIRPORT, FL US",2021-05-24,30.33708,-81.51277,11.9,32.2,24.4,16.7,0.0,0.0,6.3,8.5,2.6,,
USW00053860,"JACKSONVILLE CRAIG MUNICIPAL AIRPORT, FL US",2021-05-25,30.33708,-81.51277,11.9,32.8,24.5,16.1,0.0,0.0,7.2,9.4,3.1,,
USW00053860,"JACKSONVILLE CRAIG MUNICIPAL AIRPORT, FL US",2021-05-26,30.33708,-81.51277,11.9,32.8,24.2,19.4,0.0,0.0,6.3,8.5,3.1,,
USW00053860,"JACKSONVILLE CRAIG MUNICIPAL AIRPORT, FL US",2021-05-27,30.33708,-81.51277,11.9,33.9,26.7,19.4,0.0,0.0,6.3,9.4,2.9,,
USW00053860,"JACKSONVILLE CRAIG MUNICIPAL AIRPORT, FL US",2021-05-28,30.33708,-81.51277,11.9,33.3,27.2,21.1,0.0,0.0,7.2,10.7,3.0,,
USW00053860,"JACKSONVILLE CRAIG MUNICIPAL AIRPORT, FL US",2021-05-29,30.33708,-81.51277,11.9,33.9,28.0,23.3,0.0,0.0,8.1,11.6,4.5,,
USW00053860,"JACKSONVILLE CRAIG MUNICIPAL AIRPORT, FL US",2021-05-30,30.33708,-81.51277,11.9,31.1,25.7,21.1,0.0,0.0,5.8,8.9,3.2,,
USW00053860,"JACKSONVILLE CRAIG MUNICIPAL AIRPORT, FL US",2021-05-31,30.33708,-81.51277,11.9,27.8,24.3,21.1,0.0,0.0,7.6,12.1,4.8,,
