STATION,NAME,DATE,LATITUDE,LONGITUDE,ELEVATION,TMAX,TAVG,TMIN,PRCP,WSF2,WSF5,AWND,WT01,WT03
USW00023174,"LOS ANGELES INTERNATIONAL AIRPORT, CA US",2022-06-01,33.93816,-118.3866,29.7,23.3,18.9,15.0,0.0,7.6,9.8,3.0,,
USW00023174,"LOS ANGELES INTERNATIONAL AIRPORT, CA US",2022-06-02,33.93816,-118.3866,29.7,22.8,18.8,16.1,0.0,8.1,11.2,3.5,    1,
USW00023174,"LOS ANGELES INTERNATIONAL AIRPORT, CA US",2022-06-03,33.93816,-118.3866,29.7,22.2,18.1,16.7,0.0,8.1,10.7,3.4,,
USW00023174,"LOS ANGELES INTERNATIONAL AIRPORT, CA US",2022-06-04,33.93816,-118.3866,29.7,20.6,18.2,16.1,0.0,7.6,9.8,3.4,,
USW00023174,"LOS ANGELES INTERNATIONAL AIRPORT, CA US",2022-06-05,33.93816,-118.3866,29.7,22.2,18.4,16.1,0.0,7.2,8.9,2.9,,
USW00023174,"LOS ANGELES INTERNATIONAL AIRPORT, CA US",2022-06-06,33.93816,-118.3866,29.7,23.3,20.0,17.8,0.0,6.7,8.9,3.8,,
USW00023174,"LOS ANGELES INTERNATIONAL AIRPORT, CA US",2022-06-07,33.93816,-118.3866,29.7,22.8,19.4,17.2,0.0,7.2,9.8,2.9,    1,
USW00023174,"LOS ANGELES INTERNATIONAL AIRPORT, CA US",2022-06-08,33.93816,-118.3866,29.7,20.6,18.8,17.2,0.0,6.7,9.4,2.9,    1,
USW00023174,"LOS ANGELES INTERNATIONAL AIRPORT, CA US",2022-06-09,33.93816,-118.3866,29.7,23.3,18.9,17.2,0.0,7.2,8.5,3.1,    1,
USW00023174,"LOS ANGELES INTERNATIONAL AIRPORT, CA US",2022-06-10,33.93816,-118.3866,29.7,23.3,19.4,17.2,0.0,6.7,9.8,3.2,    1,
USW00023174,"LOS ANGELES INTERNATIONAL AIRPORT, CA US",2022-06-11,33.93816,-118.3866,29.7,22.2,19.0,17.2,0.0,7.2,8.9,3.4,    1,
USW00023174,"LOS ANGELES INTERNATIONAL AIRPORT, CA US",2022-06-12,33.93816,-118.3866,29.7,22.2,19.0,17.2,0.0,7.6,9.4,3.1,    1,
USW00023174,"LOS ANGELES INTERNATIONAL AIRPORT, CA US",2022-06-13,33.93816,-118.3866,29.7,23.9,19.7,17.8,0.3,8.1,12.1,3.6,    1,
USW00023174,"LOS ANGELES INTERNATIONAL AIRPORT, CA US",2022-06-14,33.93816,-118.3866,29.7,24.4,20.2,17.2,0.0,7.6,9.8,3.3,,
USW00023174,"LOS ANGELES INTERNATIONAL AIRPORT, CA US",2022-06-15,33.93816,-118.3866,29.7,23.3,20.3,17.8,0.0,7.6,9.8,3.3,    1,
USW00023174,"LOS ANGELES INTERNATIONAL AIRPORT, CA US",2022-06-16,33.93816,-118.3866,29.7,23.3,19.9,17.8,0.0,7.6,10.3,3.6,    1,
USW00023174,"LOS ANGELES INTERNATIONAL AIRPORT, CA US",2022-06-17,33.93816,-118.3866,29.7,22.2,19.4,17.2,0.0,9.8,11.6,4.7,,
USW00023174,"LOS ANGELES INTERNATIONAL AIRPORT, CA US",2022-06-18,33.93816,-118.3866,29.7,22.8,18.9,15.6,0.0,8.9,10.7,4.1,,
USW00023174,"LOS ANGELES INTERNATIONAL AIRPORT, CA US",2022-06-19,33.93816,-118.3866,29.7,23.3,19.4,16.1,0.0,8.9,12.1,3.6,,
USW00023174,"LOS ANGELES INTERNATIONAL AIRPORT, CA US",2022-06-20,33.93816,-118.3866,29.7,26.7,21.1,16.1,0.0,8.9,10.3,3.4,,
USW00023174,"LOS ANGELES INTERNATIONAL AIRPORT, CA US",2022-06-21,33.93816,-118.3866,29.7,26.7,21.6,17.2,0.0,7.2,9.4,3.6,,
USW00023174,"LOS ANGELES INTERNATIONAL AIRPORT, CA US",2022-06-22,33.93816,-118.3866,29.7,22.8,19.1,16.7,0.0,7.2,9.4,4.8,    1,    1
USW00023174,"LOS ANGELES INTERNATIONAL AIRPORT, CA US",2022-06-23,33.93816,-118.3866,29.7,22.8,19.4,17.2,0.0,8.1,9.8,4.5,    1,
USW00023174,"LOS ANGELES INTERNATIONAL AIRPORT, CA US",2022-06-24,33.93816,-118.3866,29.7,22.2,19.2,16.1,0.0,8.9,10.3,4.7,    1,
USW00023174,"LOS ANGELES INTERNATIONAL AIRPORT, CA US",2022-06-25,33.93816,-118.3866,29.7,22.2,18.6,16.1,0.0,7.6,10.3,3.9,    1,
USW00023174,"LOS ANGELES INTERNATIONAL AIRPORT, CA US",2022-06-26,33.93816,-118.3866,29.7,22.2,18.9,16.7,0.0,7.2,8.9,3.3,    1,
USW00023174,"LOS ANGELES INTERNATIONAL AIRPORT, CA US",2022-06-27,33.93816,-118.3866,29.7,22.8,19.4,16.7,0.0,7.2,9.8,3.9,    1,
USW00023174,"LOS ANGELES INTERNATIONAL AIRPORT, CA US",2022-06-28,33.93816,-118.3866,29.7,23.3,19.9,17.2,0.0,6.3,7.6,3.4,    1,
USW00023174,"LOS ANGELES INTERNATIONAL AIRPORT, CA US",2022-06-29,33.93816,-118.3866,29.7,26.1,20.8,17.8,0.0,6.7,8.9,3.4,    1,
USW00023174,"LOS ANGELES INTERNATIONAL AIRPORT, CA US",2022-06-30,33.93816,-118.3866,29.7,24.4,20.6,17.8,0.0,7.6,9.8,3.7,    1,
