STATION,NAME,DATE,LATITUDE,LONGITUDE,ELEVATION,TMAX,TAVG,TMIN,PRCP,WSF2,WSF5,AWND,WT01,WT03
USW00023174,"LOS ANGELES INTERNATIONAL AIRPORT, CA US",2022-07-01,33.93816,-118.3866,29.7,23.9,20.1,17.8,0.0,7.2,9.4,3.5,    1,
USW00023174,"LOS ANGELES INTERNATIONAL AIRPORT, CA US",2022-07-02,33.93816,-118.3866,29.7,22.8,19.7,17.2,0.0,8.1,10.7,3.9,,
USW00023174,"LOS ANGELES INTERNATIONAL AIRPORT, CA US",2022-07-03,33.93816,-118.3866,29.7,23.3,19.5,16.7,0.0,8.1,9.8,3.9,,
USW00023174,"LOS ANGELES INTERNATIONAL AIRPORT, CA US",2022-07-04,33.93816,-118.3866,29.7,23.3,19.3,16.7,0.0,8.1,10.3,3.7,,
USW00023174,"LOS ANGELES INTERNATIONAL AIRPORT, CA US",2022-07-05,33.93816,-118.3866,29.7,23.9,19.7,17.2,0.0,8.9,10.7,4.3,,
USW00023174,"LOS ANGELES INTERNATIONAL AIRPORT, CA US",2022-07-06,33.93816,-118.3866,29.7,23.3,19.8,17.8,0.0,8.1,9.8,4.1,,
USW00023174,"LOS ANGELES INTERNATIONAL AIRPORT, CA US",2022-07-07,33.93816,-118.3866,29.7,23.9,20.3,17.2,0.0,8.9,11.2,3.7,,
USW00023174,"LOS ANGELES INTERNATIONAL AIRPORT, CA US",2022-07-08,33.93816,-118.3866,29.7,23.3,20.0,17.2,0.0,7.2,8.9,3.6,    1,
USW00023174,"LOS ANGELES INTERNATIONAL AIRPORT, CA US",2022-07-09,33.93816,-118.3866,29.7,22.2,19.4,17.2,0.0,7.6,11.2,3.7,    1,
USW00023174,"LOS ANGELES INTERNATIONAL AIRPORT, CA US",2022-07-10,33.93816,-118.3866,29.7,22.8,19.9,18.3,0.0,7.2,9.8,3.5,,
USW00023174,"LOS ANGELES INTERNATIONAL AIRPORT, CA US",2022-07-11,33.93816,-118.3866,29.7,22.2,19.6,16.7,0.0,7.6,10.3,3.8,    1,
USW00023174,"LOS ANGELES INTERNATIONAL AIRPORT, CA US",2022-07-12,33.93816,-118.3866,29.7,21.7,18.4,16.7,0.0,6.7,9.4,3.7,,
USW00023174,"LOS ANGELES INTERNATIONAL AIRPORT, CA US",2022-07-13,33.93816,-118.3866,29.7,21.7,18.4,16.7,0.0,9.4,11.6,4.5,,
USW00023174,"LOS ANGELES INTERNATIONAL AIRPORT, CA US",2022-07-14,33.93816,-118.3866,29.7,22.2,18.9,17.8,0.0,7.2,8.9,3.6,,
USW00023174,"LOS ANGELES INTERNATIONAL AIRPORT, CA US",2022-07-15,33.93816,-118.3866,29.7,22.2,19.3,17.2,0.0,7.2,9.4,3.8,    1,
USW00023174,"LOS ANGELES INTERNATIONAL AIRPORT, CA US",2022-07-16,33.93816,-118.3866,29.7,22.8,19.2,16.7,0.0,7.2,9.8,3.6,    1,
USW00023174,"LOS ANGELES INTERNATIONAL AIRPORT, CA US",2022-07-17,33.93816,-118.3866,29.7,29.4,20.4,17.8,0.0,9.4,11.6,3.4,    1,
USW00023174,"LOS ANGELES INTERNATIONAL AIRPORT, CA US",2022-07-18,33.93816,-118.3866,29.7,26.7,22.1,18.9,0.0,7.2,10.3,3.5,,
USW00023174,"LOS ANGELES INTERNATIONAL AIRPORT, CA US",2022-07-19,33.93816,-118.3866,29.7,24.4,20.3,17.8,0.0,7.2,9.4,3.8,    1,
USW00023174,"LOS ANGELES INTERNATIONAL AIRPORT, CA US",2022-07-20,33.93816,-118.3866,29.7,25.0,21.1,18.3,0.0,7.2,8.5,3.6,    1,
USW00023174,"LOS ANGELES INTERNATIONAL AIRPORT, CA US",2022-07-21,33.93816,-118.3866,29.7,23.9,20.9,18.3,0.0,7.6,9.4,3.7,,
USW00023174,"LOS ANGELES INTERNATIONAL AIRPORT, CA US",2022-07-22,33.93816,-118.3866,29.7,25.6,20.6,17.8,0.0,7.2,9.4,3.1,    1,
USW00023174,"LOS ANGELES INTERNATIONAL AIRPORT, CA US",2022-07-23,33.93816,-118.3866,29.7,25.0,21.2,19.4,0.0,8.1,10.3,3.5,,
USW00023174,"LOS ANGELES INTERNATIONAL AIRPORT, CA US",2022-07-24,33.93816,-118.3866,29.7,23.9,20.7,18.9,0.0,7.6,9.8,3.4,    1,
USW00023174,"LOS ANGELES INTERNATIONAL AIRPORT, CA US",2022-07-25,33.93816,-118.3866,29.7,24.4,20.4,17.2,0.0,8.1,10.3,3.8,,
USW00023174,"LOS ANGELES INTERNATIONAL AIRPORT, CA US",2022-07-26,33.93816,-118.3866,29.7,23.9,19.6,17.2,0.0,7.6,9.8,4.1,    1,
USW00023174,"LOS ANGELES INTERNATIONAL AIRPORT, CA US",2022-07-27,33.93816,-118.3866,29.7,23.3,19.6,17.8,0.0,7.6,10.3,3.8,,
USW00023174,"LOS ANGELES INTERNATIONAL AIRPORT, CA US",2022-07-28,33.93816,-118.3866,29.7,24.4,20.0,18.3,0.0,6.3,9.4,3.1,,
USW00023174,"LOS ANGELES INTERNATIONAL AIRPORT, CA US",2022-07-29,33.93816,-118.3866,29.7,25.0,21.1,18.9,0.0,6.7,8.5,3.1,,
USW00023174,"LOS ANGELES INTERNATIONAL AIRPORT, CA US",2022-07-30,33.93816,-118.3866,29.7,25.0,21.6,19.4,0.0,6.3,8.5,3.0,,
USW00023174,"LOS ANGELES INTERNATIONAL AIRPORT, CA US",2022-07-31,33.93816,-118.3866,29.7,26.7,23.0,20.6,0.0,7.6,9.8,3.4,,
