STATION,NAME,DATE,LATITUDE,LONGITUDE,ELEVATION,TMAX,TMIN,PRCP,WSF2,WSF5,AWND,WT01,WT03
USW00004804,"COLUMBUS OHIO STATE UNIVERSITY AIRPORT, OH US",2024-07-01,40.078406,-83.078332,275.0,26.1,12.2,0.0,7.2,10.3,3.2,,
USW00004804,"COLUMBUS OHIO STATE UNIVERSITY AIRPORT, OH US",2024-07-02,40.078406,-83.078332,275.0,31.7,13.3,0.0,7.6,11.6,3.7,,
USW00004804,"COLUMBUS OHIO STATE UNIVERSITY AIRPORT, OH US",2024-07-03,40.078406,-83.078332,275.0,35.0,23.9,20.1,10.7,14.3,5.1,    1,    1
USW00004804,"COLUMBUS OHIO STATE UNIVERSITY AIRPORT, OH US",2024-07-04,40.078406,-83.078332,275.0,31.1,22.2,3.3,9.8,14.3,2.3,    1,
USW00004804,"COLUMBUS OHIO STATE UNIVERSITY AIRPORT, OH US",2024-07-05,40.078406,-83.078332,275.0,27.8,21.1,0.5,5.4,7.2,2.2,,
USW00004804,"COLUMBUS OHIO STATE UNIVERSITY AIRPORT, OH US",2024-07-06,40.078406,-83.078332,275.0,29.4,18.9,0.0,7.6,11.6,3.4,    1,
USW00004804,"COLUMBUS OHIO STATE UNIVERSITY AIRPORT, OH US",2024-07-07,40.078406,-83.078332,275.0,31.7,18.3,0.0,5.8,8.1,1.2,    1,
USW00004804,"COLUMBUS OHIO STATE UNIVERSITY AIRPORT, OH US",2024-07-08,40.078406,-83.078332,275.0,33.9,18.9,0.0,5.8,8.1,1.4,,
USW00004804,"COLUMBUS OHIO STATE UNIVERSITY AIRPORT, OH US",2024-07-09,40.078406,-83.078332,275.0,32.2,22.2,0.0,6.3,8.9,1.9,,
USW00004804,"COLUMBUS OHIO STATE UNIVERSITY AIRPORT, OH US",2024-07-10,40.078406,-83.078332,275.0,28.9,18.9,2.8,13.4,20.1,6.2,,    1
USW00004804,"COLUMBUS OHIO STATE UNIVERSITY AIRPORT, OH US",2024-07-11,40.078406,-83.078332,275.0,30.6,16.1,0.0,5.4,6.7,1.6,    1,
USW00004804,"COLUMBUS OHIO STATE UNIVERSITY AIRPORT, OH US",2024-07-12,40.078406,-83.078332,275.0,32.8,20.6,0.0,4.5,7.2,1.7,,
USW00004804,"COLUMBUS OHIO STATE UNIVERSITY AIRPORT, OH US",2024-07-13,40.078406,-83.078332,275.0,33.9,20.6,0.0,6.3,8.1,1.7,    1,
USW00004804,"COLUMBUS OHIO STATE UNIVERSITY AIRPORT, OH US",2024-07-14,40.078406,-83.078332,275.0,33.9,20.6,0.8,16.1,21.0,2.9,,    1
USW00004804,"COLUMBUS OHIO STATE UNIVERSITY AIRPORT, OH US",2024-07-15,40.078406,-83.078332,275.0,35.0,22.8,0.5,11.6,17.0,3.7,,    1
USW00004804,"COLUMBUS OHIO STATE UNIVERSITY AIRPORT, OH US",2024-07-16,40.078406,-83.078332,275.0,32.8,24.4,0.0,10.3,14.8,4.1,,
USW00004804,"COLUMBUS OHIO STATE UNIVERSITY AIRPORT, OH US",2024-07-17,40.078406,-83.078332,275.0,29.4,21.1,10.4,14.3,21.0,3.0,    1,    1
USW00004804,"COLUMBUS OHIO STATE UNIVERSITY AIRPORT, OH US",2024-07-18,40.078406,-83.078332,275.0,27.2,17.2,0.0,7.2,9.8,4.1,,
USW00004804,"COLUMBUS OHIO STATE UNIVERSITY AIRPORT, OH US",2024-07-19,40.078406,-83.078332,275.0,27.8,13.9,0.0,4.5,6.7,2.7,,
USW00004804,"COLUMBUS OHIO STATE UNIVERSITY AIRPORT, OH US",2024-07-20,40.078406,-83.078332,275.0,30.0,14.4,0.0,5.8,8.1,2.1,,
USW00004804,"COLUMBUS OHIO STATE UNIVERSITY AIRPORT, OH US",2024-07-21,40.078406,-83.078332,275.0,29.4,15.6,0.0,4.0,5.8,1.1,,
USW00004804,"COLUMBUS OHIO STATE UNIVERSITY AIRPORT, OH US",2024-07-22,40.078406,-83.078332,275.0,27.8,19.4,5.3,5.4,6.3,1.9,    1,
USW00004804,"COLUMBUS OHIO STATE UNIVERSITY AIRPORT, OH US",2024-07-23,40.078406,-83.078332,275.0,30.6,18.3,0.0,7.6,10.3,1.7,    1,
USW00004804,"COLUMBUS OHIO STATE UNIVERSITY AIRPORT, OH US",2024-07-24,40.078406,-83.078332,275.0,31.7,18.9,0.0,8.1,12.1,3.4,,
USW00004804,"COLUMBUS OHIO STATE UNIVERSITY AIRPORT, OH US",2024-07-25,40.078406,-83.078332,275.0,29.4,19.4,0.0,6.7,9.4,2.5,    1,
USW00004804,"COLUMBUS OHIO STATE UNIVERSITY AIRPORT, OH US",2024-07-26,40.078406,-83.078332,275.0,28.9,15.0,0.0,6.7,10.7,3.0,,
USW00004804,"COLUMBUS OHIO STATE UNIVERSITY AIRPORT, OH US",2024-07-27,40.078406,-83.078332,275.0,31.7,13.9,0.0,5.4,7.6,1.3,,
USW00004804,"COLUMBUS OHIO STATE UNIVERSITY AIRPORT, OH US",2024-07-28,40.078406,-83.078332,275.0,34.4,17.2,0.0,7.6,11.6,2.0,,
USW00004804,"COLUMBUS OHIO STATE UNIVERSITY AIRPORT, OH US",2024-07-29,40.078406,-83.078332,275.0,31.7,23.3,6.6,7.6,10.7,3.9,,    1
USW00004804,"COLUMBUS OHIO STATE UNIVERSITY AIRPORT, OH US",2024-07-30,40.078406,-83.078332,275.0,32.2,21.7,4.6,8.1,12.1,3.9,    1,    1
USW00004804,"COLUMBUS OHIO STATE UNIVERSITY AIRPORT, OH US",2024-07-31,40.078406,-83.078332,275.0,33.3,22.2,0.0,7.2,10.3,2.9,,
