STATION,NAME,DATE,LATITUDE,LONGITUDE,ELEVATION,TMAX,TMIN,PRCP,WSF2,AWND,WSF5,WT01,WT03
USW00014751,"HARRISBURG CAPITAL CITY AIRPORT, PA US",2022-08-01,40.21843,-76.85521,102.1,28.9,19.4,0.5,4.5,1.6,5.8,,
USW00014751,"HARRISBURG CAPITAL CITY AIRPORT, PA US",2022-08-02,40.21843,-76.85521,102.1,32.8,21.7,0.0,7.6,3.3,11.2,,
USW00014751,"HARRISBURG CAPITAL CITY AIRPORT, PA US",2022-08-03,40.21843,-76.85521,102.1,32.8,18.9,0.0,5.8,2.0,8.5,,
USW00014751,"HARRISBURG CAPITAL CITY AIRPORT, PA US",2022-08-04,40.21843,-76.85521,102.1,35.0,22.8,3.6,14.3,1.8,17.9,,
USW00014751,"HARRISBURG CAPITAL CITY AIRPORT, PA US",2022-08-05,40.21843,-76.85521,102.1,32.8,21.7,0.0,7.6,2.0,10.3,,
USW00014751,"HARRISBURG CAPITAL CITY AIRPORT, PA US",2022-08-06,40.21843,-76.85521,102.1,32.2,22.8,0.0,5.8,2.1,7.6,,
USW00014751,"HARRISBURG CAPITAL CITY AIRPORT, PA US",2022-08-07,40.21843,-76.85521,102.1,33.9,23.9,17.0,9.8,2.4,17.9,,    1
USW00014751,"HARRISBURG CAPITAL CITY AIRPORT, PA US",2022-08-08,40.21843,-76.85521,102.1,35.0,23.3,0.0,7.2,2.6,9.4,,
USW00014751,"HARRISBURG CAPITAL CITY AIRPORT, PA US",2022-08-09,40.21843,-76.85521,102.1,35.6,24.4,7.1,11.2,2.5,14.3,,    1
USW00014751,"HARRISBURG CAPITAL CITY AIRPORT, PA US",2022-08-10,40.21843,-76.85521,102.1,31.1,23.3,0.0,5.8,2.5,8.1,,    1
USW00014751,"HARRISBURG CAPITAL CITY AIRPORT, PA US",2022-08-11,40.21843,-76.85521,102.1,31.7,22.8,0.0,7.6,3.7,10.7,,
USW00014751,"HARRISBURG CAPITAL CITY AIRPORT, PA US",2022-08-12,40.21843,-76.85521,102.1,29.4,17.2,0.0,6.7,3.0,11.2,,
USW00014751,"HARRISBURG CAPITAL CITY AIRPORT, PA US",2022-08-13,40.21843,-76.85521,102.1,29.4,12.8,0.0,5.8,2.0,8.1,,
USW00014751,"HARRISBURG CAPITAL CITY AIRPORT, PA US",2022-08-14,40.21843,-76.85521,102.1,29.4,15.6,0.0,7.2,2.6,10.3,,
USW00014751,"HARRISBURG CAPITAL CITY AIRPORT, PA US",2022-08-15,40.21843,-76.85521,102.1,25.6,19.4,1.0,3.6,1.5,4.5,,
USW00014751,"HARRISBURG CAPITAL CITY AIRPORT, PA US",2022-08-16,40.21843,-76.85521,102.1,31.1,17.8,0.0,7.2,2.6,8.9,,
USW00014751,"HARRISBURG CAPITAL CITY AIRPORT, PA US",2022-08-17,40.21843,-76.85521,102.1,28.9,16.1,0.0,6.7,2.3,10.3,,    1
USW00014751,"HARRISBURG CAPITAL CITY AIRPORT, PA US",2022-08-18,40.21843,-76.85521,102.1,30.6,16.1,0.0,6.3,2.5,8.1,,
USW00014751,"HARRISBURG CAPITAL CITY AIRPORT, PA US",2022-08-19,40.21843,-76.85521,102.1,32.8,16.1,0.0,6.3,2.4,7.6,,
USW00014751,"HARRISBURG CAPITAL CITY AIRPORT, PA US",2022-08-20,40.21843,-76.85521,102.1,33.3,21.1,0.0,7.2,2.7,10.3,,
USW00014751,"HARRISBURG CAPITAL CITY AIRPORT, PA US",2022-08-21,40.21843,-76.85521,102.1,30.6,21.7,2.3,9.4,2.2,12.1,,    1
USW00014751,"HARRISBURG CAPITAL CITY AIRPORT, PA US",2022-08-22,40.21843,-76.85521,102.1,29.4,21.1,10.2,5.8,1.3,7.2,    1,    1
USW00014751,"HARRISBURG CAPITAL CITY AIRPORT, PA US",2022-08-23,40.21843,-76.85521,102.1,30.0,19.4,0.0,7.2,2.6,9.4,,
USW00014751,"HARRISBURG CAPITAL CITY AIRPORT, PA US",2022-08-24,40.21843,-76.85521,102.1,31.1,19.4,0.0,6.3,2.3,8.5,,
USW00014751,"HARRISBURG CAPITAL CITY AIRPORT, PA US",2022-08-25,40.21843,-76.85521,102.1,33.9,17.8,0.0,7.6,2.6,10.7,,
USW00014751,"HARRISBURG CAPITAL CITY AIRPORT, PA US",2022-08-26,40.21843,-76.85521,102.1,32.8,21.1,0.0,6.3,2.2,8.1,,
USW00014751,"HARRISBURG CAPITAL CITY AIRPORT, PA US",2022-08-27,40.21843,-76.85521,102.1,32.2,21.1,0.0,4.0,1.9,6.3,,
USW00014751,"HARRISBURG CAPITAL CITY AIRPORT, PA US",2022-08-28,40.21843,-76.85521,102.1,32.2,18.9,0.0,6.3,2.8,8.5,,
USW00014751,"HARRISBURG CAPITAL CITY AIRPORT, PA US",2022-08-29,40.21843,-76.85521,102.1,34.4,23.9,0.0,6.7,3.3,8.5,,
USW00014751,"HARRISBURG CAPITAL CITY AIRPORT, PA US",2022-08-30,40.21843,-76.85521,102.1,35.0,21.7,2.3,12.5,2.6,17.4,,
USW00014751,"HARRISBURG CAPITAL CITY AIRPORT, PA US",2022-08-31,40.21843,-76.85521,102.1,29.4,18.9,0.0,8.1,3.5,11.6,,
