STATION,NAME,DATE,LATITUDE,LONGITUDE,ELEVATION,TMAX,TMIN,PRCP,WSF2,WSF5,AWND,WT01,WT03
USW00004808,"CHICAGO AURORA MUNICIPAL AIRPORT, IL US",2023-08-01,41.77132,-88.48148,213.7,28.3,16.7,0.0,5.4,7.2,2.1,,
USW00004808,"CHICAGO AURORA MUNICIPAL AIRPORT, IL US",2023-08-02,41.77132,-88.48148,213.7,27.8,16.7,0.0,6.3,8.1,2.6,,
USW00004808,"CHICAGO AURORA MUNICIPAL AIRPORT, IL US",2023-08-03,41.77132,-88.48148,213.7,27.8,15.6,0.0,3.6,5.8,1.4,    1,
USW00004808,"CHICAGO AURORA MUNICIPAL AIRPORT, IL US",2023-08-04,41.77132,-88.48148,213.7,30.0,15.0,0.0,7.2,9.8,2.7,    1,
USW00004808,"CHICAGO AURORA MUNICIPAL AIRPORT, IL US",2023-08-05,41.77132,-88.48148,213.7,23.9,19.4,2.3,7.6,11.6,3.7,    1,
USW00004808,"CHICAGO AURORA MUNICIPAL AIRPORT, IL US",2023-08-06,41.77132,-88.48148,213.7,25.6,18.3,5.3,6.3,8.5,3.2,    1,
USW00004808,"CHICAGO AURORA MUNICIPAL AIRPORT, IL US",2023-08-07,41.77132,-88.48148,213.7,24.4,13.9,0.3,7.2,9.8,3.1,    1,
USW00004808,"CHICAGO AURORA MUNICIPAL AIRPORT, IL US",2023-08-08,41.77132,-88.48148,213.7,27.8,12.2,0.0,8.9,11.6,1.6,    1,    1
USW00004808,"CHICAGO AURORA MUNICIPAL AIRPORT, IL US",2023-08-09,41.77132,-88.48148,213.7,23.9,13.3,0.0,4.5,5.8,0.9,    1,
USW00004808,"CHICAGO AURORA MUNICIPAL AIRPORT, IL US",2023-08-10,41.77132,-88.48148,213.7,27.8,12.2,0.0,6.3,8.5,2.8,    1,
USW00004808,"CHICAGO AURORA MUNICIPAL AIRPORT, IL US",2023-08-11,41.77132,-88.48148,213.7,28.3,17.2,3.0,13.4,17.9,3.4,    1,
USW00004808,"CHICAGO AURORA MUNICIPAL AIRPORT, IL US",2023-08-12,41.77132,-88.48148,213.7,28.3,15.6,0.0,7.6,9.8,3.1,,
USW00004808,"CHICAGO AURORA MUNICIPAL AIRPORT, IL US",2023-08-13,41.77132,-88.48148,213.7,26.1,13.3,0.0,5.8,7.2,1.6,,
USW00004808,"CHICAGO AURORA MUNICIPAL AIRPORT, IL US",2023-08-14,41.77132,-88.48148,213.7,22.2,16.1,19.6,7.6,10.3,3.1,    1,    1
USW00004808,"CHICAGO AURORA MUNICIPAL AIRPORT, IL US",2023-08-15,41.77132,-88.48148,213.7,24.4,11.7,0.0,8.9,11.6,4.7,    1,
USW00004808,"CHICAGO AURORA MUNICIPAL AIRPORT, IL US",2023-08-16,41.77132,-88.48148,213.7,26.7,10.0,0.0,6.7,8.9,2.7,    1,
USW00004808,"CHICAGO AURORA MUNICIPAL AIRPORT, IL US",2023-08-17,41.77132,-88.48148,213.7,25.0,10.6,19.0,10.3,14.8,5.1,    1,    1
USW00004808,"CHICAGO AURORA MUNICIPAL AIRPORT, IL US",2023-08-18,41.77132,-88.48148,213.7,23.9,9.4,0.0,3.6,4.9,1.3,    1,
USW00004808,"CHICAGO AURORA MUNICIPAL AIRPORT, IL US",2023-08-19,41.77132,-88.48148,213.7,27.8,13.3,0.0,8.9,12.1,4.2,    1,
USW00004808,"CHICAGO AURORA MUNICIPAL AIRPORT, IL US",2023-08-20,41.77132,-88.48148,213.7,33.3,19.4,0.0,6.3,7.6,2.1,    1,
USW00004808,"CHICAGO AURORA MUNICIPAL AIRPORT, IL US",2023-08-21,41.77132,-88.48148,213.7,29.4,17.2,0.0,5.8,7.6,3.0,    1,
USW00004808,"CHICAGO AURORA MUNICIPAL AIRPORT, IL US",2023-08-22,41.77132,-88.48148,213.7,31.1,16.1,0.0,5.4,7.2,2.3,    1,
USW00004808,"CHICAGO AURORA MUNICIPAL AIRPORT, IL US",2023-08-23,41.77132,-88.48148,213.7,34.4,22.2,0.0,7.6,10.7,4.2,    1,
USW00004808,"CHICAGO AURORA MUNICIPAL AIRPORT, IL US",2023-08-24,41.77132,-88.48148,213.7,35.6,23.9,0.0,8.1,11.2,5.1,    1,
USW00004808,"CHICAGO AURORA MUNICIPAL AIRPORT, IL US",2023-08-25,41.77132,-88.48148,213.7,29.4,20.6,0.0,5.8,7.2,2.1,,
USW00004808,"CHICAGO AURORA MUNICIPAL AIRPORT, IL US",2023-08-26,41.77132,-88.48148,213.7,24.4,15.0,0.0,8.9,11.2,3.2,    1,
USW00004808,"CHICAGO AURORA MUNICIPAL AIRPORT, IL US",2023-08-27,41.77132,-88.48148,213.7,25.0,10.6,0.0,6.7,10.7,2.8,,
USW00004808,"CHICAGO AURORA MUNICIPAL AIRPORT, IL US",2023-08-28,41.77132,-88.48148,213.7,26.7,8.9,0.0,3.1,4.5,0.8,    1,
USW00004808,"CHICAGO AURORA MUNICIPAL AIRPORT, IL US",2023-08-29,41.77132,-88.48148,213.7,28.3,12.2,0.0,7.2,10.7,2.8,    1,
USW00004808,"CHICAGO AURORA MUNICIPAL AIRPORT, IL US",2023-08-30,41.77132,-88.48148,213.7,22.2,8.9,0.0,6.3,8.9,3.0,,
USW00004808,"CHICAGO AURORA MUNICIPAL AIRPORT, IL US",2023-08-31,41.77132,-88.48148,213.7,26.1,5.6,0.0,4.5,6.7,1.7,,
