STATION,NAME,DATE,LATITUDE,LONGITUDE,ELEVATION,TMAX,TMIN,PRCP,WSF2,WSF5,AWND,WT01,WT03
USW00004808,"CHICAGO AURORA MUNICIPAL AIRPORT, IL US",2021-05-01,41.77132,-88.48148,213.7,29.4,3.9,0.0,16.1,23.3,7.7,,
USW00004808,"CHICAGO AURORA MUNICIPAL AIRPORT, IL US",2021-05-02,41.77132,-88.48148,213.7,28.9,13.9,0.0,12.5,17.4,7.6,,
USW00004808,"CHICAGO AURORA MUNICIPAL AIRPORT, IL US",2021-05-03,41.77132,-88.48148,213.7,21.7,13.9,3.6,14.3,24.1,3.8,    1,
USW00004808,"CHICAGO AURORA MUNICIPAL AIRPORT, IL US",2021-05-04,41.77132,-88.48148,213.7,13.9,2.8,0.3,8.1,10.7,4.3,,
USW00004808,"CHICAGO AURORA MUNICIPAL AIRPORT, IL US",2021-05-05,41.77132,-88.48148,213.7,17.2,0.6,0.0,8.9,12.5,3.8,,
USW00004808,"CHICAGO AURORA MUNICIPAL AIRPORT, IL US",2021-05-06,41.77132,-88.48148,213.7,14.4,6.7,0.3,8.1,12.1,3.8,,
USW00004808,"CHICAGO AURORA MUNICIPAL AIRPORT, IL US",2021-05-07,41.77132,-88.48148,213.7,15.6,1.1,0.0,11.2,15.7,4.7,,
USW00004808,"CHICAGO AURORA MUNICIPAL AIRPORT, IL US",2021-05-08,41.77132,-88.48148,213.7,14.4,-3.2,20.1,7.6,9.8,2.4,    1,
USW00004808,"CHICAGO AURORA MUNICIPAL AIRPORT, IL US",2021-05-09,41.77132,-88.48148,213.7,14.4,2.2,17.3,11.2,16.5,5.5,    1,
USW00004808,"CHICAGO AURORA MUNICIPAL AIRPORT, IL US",2021-05-10,41.77132,-88.48148,213.7,14.4,1.1,0.0,7.2,10.3,2.7,,
USW00004808,"CHICAGO AURORA MUNICIPAL AIRPORT, IL US",2021-05-11,41.77132,-88.48148,213.7,14.4,1.1,0.0,8.1,11.2,2.8,,
USW00004808,"CHICAGO AURORA MUNICIPAL AIRPORT, IL US",2021-05-12,41.77132,-88.48148,213.7,17.8,-1.0,0.0,6.3,8.1,1.6,,
USW00004808,"CHICAGO AURORA MUNICIPAL AIRPORT, IL US",2021-05-13,41.77132,-88.48148,213.7,20.6,0.6,0.0,5.8,7.6,1.9,,
USW00004808,"CHICAGO AURORA MUNICIPAL AIRPORT, IL US",2021-05-14,41.77132,-88.48148,213.7,21.7,2.8,0.0,7.2,10.3,1.9,,
USW00004808,"CHICAGO AURORA MUNICIPAL AIRPORT, IL US",2021-05-15,41.77132,-88.48148,213.7,15.0,8.3,2.5,7.6,10.7,3.4,,
USW00004808,"CHICAGO AURORA MUNICIPAL AIRPORT, IL US",2021-05-16,41.77132,-88.48148,213.7,21.1,10.6,0.0,5.4,8.1,2.2,,
USW00004808,"CHICAGO AURORA MUNICIPAL AIRPORT, IL US",2021-05-17,41.77132,-88.48148,213.7,19.4,13.3,0.0,8.1,10.3,3.8,,
USW00004808,"CHICAGO AURORA MUNICIPAL AIRPORT, IL US",2021-05-18,41.77132,-88.48148,213.7,21.7,13.3,5.1,9.8,12.5,4.7,,
USW00004808,"CHICAGO AURORA MUNICIPAL AIRPORT, IL US",2021-05-19,41.77132,-88.48148,213.7,23.9,17.8,0.3,10.7,14.8,5.6,,
USW00004808,"CHICAGO AURORA MUNICIPAL AIRPORT, IL US",2021-05-20,41.77132,-88.48148,213.7,28.9,18.3,0.0,10.7,14.8,5.9,,
USW00004808,"CHICAGO AURORA MUNICIPAL AIRPORT, IL US",2021-05-21,41.77132,-88.48148,213.7,28.3,16.7,0.0,9.8,14.3,4.0,,
USW00004808,"CHICAGO AURORA MUNICIPAL AIRPORT, IL US",2021-05-22,41.77132,-88.48148,213.7,30.0,16.7,0.0,7.6,10.3,3.1,,
USW00004808,"CHICAGO AURORA MUNICIPAL AIRPORT, IL US",2021-05-23,41.77132,-88.48148,213.7,28.3,15.6,0.0,8.1,10.3,3.7,,
USW00004808,"CHICAGO AURORA MUNICIPAL AIRPORT, IL US",2021-05-24,41.77132,-88.48148,213.7,31.7,14.4,0.0,7.6,11.2,3.6,,
USW00004808,"CHICAGO AURORA MUNICIPAL AIRPORT, IL US",2021-05-25,41.77132,-88.48148,213.7,28.9,20.0,3.8,11.2,17.0,5.7,,    1
USW00004808,"CHICAGO AURORA MUNICIPAL AIRPORT, IL US",2021-05-26,41.77132,-88.48148,213.7,27.2,13.3,7.9,10.3,13.9,5.1,    1,    1
USW00004808,"CHICAGO AURORA MUNICIPAL AIRPORT, IL US",2021-05-27,41.77132,-88.48148,213.7,17.8,9.4,1.5,13.0,18.3,7.7,,
USW00004808,"CHICAGO AURORA MUNICIPAL AIRPORT, IL US",2021-05-28,41.77132,-88.48148,213.7,10.0,7.2,10.7,13.0,18.3,7.2,    1,
USW00004808,"CHICAGO AURORA MUNICIPAL AIRPORT, IL US",2021-05-29,41.77132,-88.48148,213.7,16.7,2.8,0.0,9.4,13.0,4.5,,
USW00004808,"CHICAGO AURORA MUNICIPAL AIRPORT, IL US",2021-05-30,41.77132,-88.48148,213.7,21.7,1.7,0.0,5.4,6.7,1.5,,
USW00004808,"CHICAGO AURORA MUNICIPAL AIRPORT, IL US",2021-05-31,41.77132,-88.48148,213.7,20.6,7.8,0.0,6.7,8.5,2.3,,
