STATION,NAME,DATE,LATITUDE,LONGITUDE,ELEVATION,TMAX,TMIN,PRCP,SNOW,WSF2,AWND,WSF5,WT01,WT03
USW00012838,"MELBOURNE INTERNATIONAL AIRPORT, FL US",2024-05-01,28.09969,-80.6356,6.7,28.9,18.9,0.0,0.0,8.1,3.1,10.3,,
USW00012838,"MELBOURNE INTERNATIONAL AIRPORT, FL US",2024-05-02,28.09969,-80.6356,6.7,28.9,19.4,0.0,0.0,7.2,3.3,9.8,,
USW00012838,"MELBOURNE INTERNATIONAL AIRPORT, FL US",2024-05-03,28.09969,-80.6356,6.7,28.9,23.3,0.0,0.0,8.1,4.7,10.7,,
USW00012838,"MELBOURNE INTERNATIONAL AIRPORT, FL US",2024-05-04,28.09969,-80.6356,6.7,28.9,23.9,0.0,0.0,8.1,5.0,11.6,,
USW00012838,"MELBOURNE INTERNATIONAL AIRPORT, FL US",2024-05-05,28.09969,-80.6356,6.7,28.9,21.7,2.0,0.0,8.9,4.9,12.5,    1,
USW00012838,"MELBOURNE INTERNATIONAL AIRPORT, FL US",2024-05-06,28.09969,-80.6356,6.7,28.9,22.8,0.0,0.0,8.1,4.7,11.2,,
USW00012838,"MELBOURNE INTERNATIONAL AIRPORT, FL US",2024-05-07,28.09969,-80.6356,6.7,31.1,22.2,0.0,0.0,8.1,3.9,11.2,,
USW00012838,"MELBOURNE INTERNATIONAL AIRPORT, FL US",2024-05-08,28.09969,-80.6356,6.7,33.3,21.1,0.0,0.0,9.8,4.7,12.5,,
USW00012838,"MELBOURNE INTERNATIONAL AIRPORT, FL US",2024-05-09,28.09969,-80.6356,6.7,33.3,22.2,0.0,0.0,8.9,4.1,11.2,,
USW00012838,"MELBOURNE INTERNATIONAL AIRPORT, FL US",2024-05-10,28.09969,-80.6356,6.7,33.9,22.8,0.0,0.0,8.1,4.3,11.6,    1,
USW00012838,"MELBOURNE INTERNATIONAL AIRPORT, FL US",2024-05-11,28.09969,-80.6356,6.7,30.6,21.1,9.1,0.0,11.6,3.3,16.1,    1,    1
USW00012838,"MELBOURNE INTERNATIONAL AIRPORT, FL US",2024-05-12,28.09969,-80.6356,6.7,28.3,20.0,0.0,0.0,6.7,3.7,10.3,,
USW00012838,"MELBOURNE INTERNATIONAL AIRPORT, FL US",2024-05-13,28.09969,-80.6356,6.7,28.9,24.4,0.0,0.0,10.7,6.0,15.2,,
USW00012838,"MELBOURNE INTERNATIONAL AIRPORT, FL US",2024-05-14,28.09969,-80.6356,6.7,33.3,25.0,0.0,0.0,8.9,5.0,12.1,,    1
USW00012838,"MELBOURNE INTERNATIONAL AIRPORT, FL US",2024-05-15,28.09969,-80.6356,6.7,28.9,23.9,3.0,0.0,7.2,3.7,11.2,    1,    1
USW00012838,"MELBOURNE INTERNATIONAL AIRPORT, FL US",2024-05-16,28.09969,-80.6356,6.7,34.4,23.9,0.0,0.0,7.6,3.7,10.3,,
USW00012838,"MELBOURNE INTERNATIONAL AIRPORT, FL US",2024-05-17,28.09969,-80.6356,6.7,33.3,21.1,9.4,0.0,8.1,2.9,10.3,    1,    1
USW00012838,"MELBOURNE INTERNATIONAL AIRPORT, FL US",2024-05-18,28.09969,-80.6356,6.7,35.0,23.3,3.3,0.0,9.4,3.7,13.0,    1,    1
USW00012838,"MELBOURNE INTERNATIONAL AIRPORT, FL US",2024-05-19,28.09969,-80.6356,6.7,33.3,23.9,0.0,0.0,8.9,4.8,13.4,,    1
USW00012838,"MELBOURNE INTERNATIONAL AIRPORT, FL US",2024-05-20,28.09969,-80.6356,6.7,31.1,21.7,0.0,0.0,11.2,5.7,15.2,,
USW00012838,"MELBOURNE INTERNATIONAL AIRPORT, FL US",2024-05-21,28.09969,-80.6356,6.7,30.0,19.4,0.0,0.0,7.6,4.4,9.8,,
USW00012838,"MELBOURNE INTERNATIONAL AIRPORT, FL US",2024-05-22,28.09969,-80.6356,6.7,30.0,22.2,0.0,0.0,7.2,4.3,9.4,,
USW00012838,"MELBOURNE INTERNATIONAL AIRPORT, FL US",2024-05-23,28.09969,-80.6356,6.7,30.0,20.0,0.0,0.0,6.3,3.1,8.5,,
USW00012838,"MELBOURNE INTERNATIONAL AIRPORT, FL US",2024-05-24,28.09969,-80.6356,6.7,31.7,19.4,0.0,0.0,7.2,3.0,9.4,,
USW00012838,"MELBOURNE INTERNATIONAL AIRPORT, FL US",2024-05-25,28.09969,-80.6356,6.7,32.8,21.7,0.5,0.0,7.6,3.3,10.3,,    1
USW00012838,"MELBOURNE INTERNATIONAL AIRPORT, FL US",2024-05-26,28.09969,-80.6356,6.7,32.2,21.7,0.0,0.0,7.6,3.5,10.7,,
USW00012838,"MELBOURNE INTERNATIONAL AIRPORT, FL US",2024-05-27,28.09969,-80.6356,6.7,36.7,22.8,0.0,0.0,7.2,3.7,10.3,,
USW00012838,"MELBOURNE INTERNATIONAL AIRPORT, FL US",2024-05-28,28.09969,-80.6356,6.7,35.6,23.9,1.0,0.0,9.8,3.4,12.5,    1,    1
USW00012838,"MELBOURNE INTERNATIONAL AIRPORT, FL US",2024-05-29,28.09969,-80.6356,6.7,34.4,22.8,0.0,0.0,8.1,3.8,10.3,,
USW00012838,"MELBOURNE INTERNATIONAL AIRPORT, FL US",2024-05-30,28.09969,-80.6356,6.7,32.2,22.2,0.0,0.0,8.1,3.7,10.7,    1,
USW00012838,"MELBOURNE INTERNATIONAL AIRPORT, FL US",2024-05-31,28.09969,-80.6356,6.7,31.7,21.1,0.0,0.0,9.8,5.2,13.0,,
