STATION,NAME,DATE,LATITUDE,LONGITUDE,ELEVATION,TMAX,TMIN,PRCP,SNOW,WSF2,AWND,WSF5,WT01,WT03
USW00012838,"MELBOURNE INTERNATIONAL AIRPORT, FL US",2023-07-01,28.09969,-80.6356,6.7,31.7,23.3,0.0,,7.2,3.3,9.4,,
USW00012838,"MELBOURNE INTERNATIONAL AIRPORT, FL US",2023-07-02,28.09969,-80.6356,6.7,32.2,22.8,0.0,,6.7,3.0,8.9,,
USW00012838,"MELBOURNE INTERNATIONAL AIRPORT, FL US",2023-07-03,28.09969,-80.6356,6.7,33.3,25.0,0.0,,6.7,2.9,9.4,,
USW00012838,"MELBOURNE INTERNATIONAL AIRPORT, FL US",2023-07-04,28.09969,-80.6356,6.7,33.9,25.0,0.0,,6.3,2.6,8.9,,    1
USW00012838,"MELBOURNE INTERNATIONAL AIRPORT, FL US",2023-07-05,28.09969,-80.6356,6.7,33.9,25.6,0.0,,7.2,2.3,9.4,    1,    1
USW00012838,"MELBOURNE INTERNATIONAL AIRPORT, FL US",2023-07-06,28.09969,-80.6356,6.7,34.4,23.9,0.5,,17.0,2.9,21.9,    1,    1
USW00012838,"MELBOURNE INTERNATIONAL AIRPORT, FL US",2023-07-07,28.09969,-80.6356,6.7,35.6,23.9,18.8,,14.8,3.5,19.7,    1,    1
USW00012838,"MELBOURNE INTERNATIONAL AIRPORT, FL US",2023-07-08,28.09969,-80.6356,6.7,33.9,24.4,4.6,,13.4,4.6,18.8,,    1
USW00012838,"MELBOURNE INTERNATIONAL AIRPORT, FL US",2023-07-09,28.09969,-80.6356,6.7,35.6,24.4,6.4,,9.4,3.7,12.5,    1,    1
USW00012838,"MELBOURNE INTERNATIONAL AIRPORT, FL US",2023-07-10,28.09969,-80.6356,6.7,35.6,24.4,0.8,,10.7,3.9,14.8,    1,    1
USW00012838,"MELBOURNE INTERNATIONAL AIRPORT, FL US",2023-07-11,28.09969,-80.6356,6.7,34.4,23.9,0.0,,8.1,3.4,10.7,,
USW00012838,"MELBOURNE INTERNATIONAL AIRPORT, FL US",2023-07-12,28.09969,-80.6356,6.7,32.8,25.0,9.1,,14.3,2.7,17.4,    1,    1
USW00012838,"MELBOURNE INTERNATIONAL AIRPORT, FL US",2023-07-13,28.09969,-80.6356,6.7,32.8,22.8,5.8,,8.9,2.1,11.6,    1,    1
USW00012838,"MELBOURNE INTERNATIONAL AIRPORT, FL US",2023-07-14,28.09969,-80.6356,6.7,33.9,23.9,16.3,,9.4,3.0,13.0,    1,    1
USW00012838,"MELBOURNE INTERNATIONAL AIRPORT, FL US",2023-07-15,28.09969,-80.6356,6.7,34.4,24.4,11.9,,8.9,3.0,12.1,    1,    1
USW00012838,"MELBOURNE INTERNATIONAL AIRPORT, FL US",2023-07-16,28.09969,-80.6356,6.7,34.4,23.3,19.3,,17.0,3.4,21.5,    1,    1
USW00012838,"MELBOURNE INTERNATIONAL AIRPORT, FL US",2023-07-17,28.09969,-80.6356,6.7,33.9,23.3,4.1,,16.1,3.7,21.0,    1,    1
USW00012838,"MELBOURNE INTERNATIONAL AIRPORT, FL US",2023-07-18,28.09969,-80.6356,6.7,32.8,24.4,0.3,,8.1,3.1,11.6,,    1
USW00012838,"MELBOURNE INTERNATIONAL AIRPORT, FL US",2023-07-19,28.09969,-80.6356,6.7,32.2,24.4,1.3,,6.3,2.0,8.5,    1,    1
USW00012838,"MELBOURNE INTERNATIONAL AIRPORT, FL US",2023-07-20,28.09969,-80.6356,6.7,32.8,26.1,0.0,,7.2,3.2,9.8,,
USW00012838,"MELBOURNE INTERNATIONAL AIRPORT, FL US",2023-07-21,28.09969,-80.6356,6.7,36.1,26.1,0.0,,9.8,3.6,12.1,,    1
USW00012838,"MELBOURNE INTERNATIONAL AIRPORT, FL US",2023-07-22,28.09969,-80.6356,6.7,36.1,22.8,34.3,,14.8,4.0,25.9,    1,    1
USW00012838,"MELBOURNE INTERNATIONAL AIRPORT, FL US",2023-07-23,28.09969,-80.6356,6.7,35.0,22.2,6.6,,14.8,2.8,21.0,,    1
USW00012838,"MELBOURNE INTERNATIONAL AIRPORT, FL US",2023-07-24,28.09969,-80.6356,6.7,35.0,23.9,0.0,,9.4,2.9,12.5,,    1
USW00012838,"MELBOURNE INTERNATIONAL AIRPORT, FL US",2023-07-25,28.09969,-80.6356,6.7,33.9,23.3,49.5,,9.8,2.2,13.0,    1,    1
USW00012838,"MELBOURNE INTERNATIONAL AIRPORT, FL US",2023-07-26,28.09969,-80.6356,6.7,31.7,22.8,0.0,,6.7,2.6,8.9,,    1
USW00012838,"MELBOURNE INTERNATIONAL AIRPORT, FL US",2023-07-27,28.09969,-80.6356,6.7,30.0,23.9,49.5,,6.7,2.1,9.4,    1,    1
USW00012838,"MELBOURNE INTERNATIONAL AIRPORT, FL US",2023-07-28,28.09969,-80.6356,6.7,30.0,22.8,19.6,,5.8,1.8,8.5,    1,    1
USW00012838,"MELBOURNE INTERNATIONAL AIRPORT, FL US",2023-07-29,28.09969,-80.6356,6.7,32.2,24.4,10.7,,10.7,1.8,15.2,    1,    1
USW00012838,"MELBOURNE INTERNATIONAL AIRPORT, FL US",2023-07-30,28.09969,-80.6356,6.7,33.9,25.0,0.0,,8.1,3.1,10.7,,
USW00012838,"MELBOURNE INTERNATIONAL AIRPORT, FL US",2023-07-31,28.09969,-80.6356,6.7,33.3,21.7,30.2,,11.2,2.5,14.8,    1,    1
