STATION,NAME,DATE,LATITUDE,LONGITUDE,ELEVATION,TMAX,TAVG,TMIN,SNOW,PRCP,WSF2,WSF5,AWND,WT01,WT03
USW00014923,"MOLINE QUAD CITY INTERNATIONAL AIRPORT, IL US",2022-07-01,41.44816,-90.52365,175.5,27.2,25.2,16.7,0.0,0.0,7.6,12.1,2.3,,    1
USW00014923,"MOLINE QUAD CITY INTERNATIONAL AIRPORT, IL US",2022-07-02,41.44816,-90.52365,175.5,28.3,22.1,13.9,0.0,0.0,4.0,6.3,1.3,    1,
USW00014923,"MOLINE QUAD CITY INTERNATIONAL AIRPORT, IL US",2022-07-03,41.44816,-90.52365,175.5,30.6,22.7,13.9,0.0,0.0,6.7,8.9,2.4,    1,
USW00014923,"MOLINE QUAD CITY INTERNATIONAL AIRPORT, IL US",2022-07-04,41.44816,-90.52365,175.5,31.1,23.9,20.0,0.0,23.4,9.8,13.0,3.4,    1,    1
USW00014923,"MOLINE QUAD CITY INTERNATIONAL AIRPORT, IL US",2022-07-05,41.44816,-90.52365,175.5,36.1,30.9,22.8,0.0,0.5,14.8,21.9,3.9,,    1
USW00014923,"MOLINE QUAD CITY INTERNATIONAL AIRPORT, IL US",2022-07-06,41.44816,-90.52365,175.5,30.0,26.7,21.7,0.0,0.0,6.3,7.6,2.8,,
USW00014923,"MOLINE QUAD CITY INTERNATIONAL AIRPORT, IL US",2022-07-07,41.44816,-90.52365,175.5,28.3,24.1,21.1,0.0,0.0,7.6,9.8,2.6,    1,
USW00014923,"MOLINE QUAD CITY INTERNATIONAL AIRPORT, IL US",2022-07-08,41.44816,-90.52365,175.5,26.7,24.6,21.1,0.0,12.4,9.4,12.5,4.8,    1,
USW00014923,"MOLINE QUAD CITY INTERNATIONAL AIRPORT, IL US",2022-07-09,41.44816,-90.52365,175.5,28.9,23.4,17.8,0.0,0.0,6.7,8.9,3.1,,
USW00014923,"MOLINE QUAD CITY INTERNATIONAL AIRPORT, IL US",2022-07-10,41.44816,-90.52365,175.5,28.3,22.3,15.0,0.0,0.0,5.8,7.6,1.7,,
USW00014923,"MOLINE QUAD CITY INTERNATIONAL AIRPORT, IL US",2022-07-11,41.44816,-90.52365,175.5,30.0,24.6,21.7,0.0,10.4,8.9,13.0,4.3,    1,    1
USW00014923,"MOLINE QUAD CITY INTERNATIONAL AIRPORT, IL US",2022-07-12,41.44816,-90.52365,175.5,30.0,24.9,18.9,0.0,0.0,7.6,11.6,4.3,,
USW00014923,"MOLINE QUAD CITY INTERNATIONAL AIRPORT, IL US",2022-07-13,41.44816,-90.52365,175.5,31.1,24.4,17.8,0.0,0.0,6.7,10.3,2.7,,
USW00014923,"MOLINE QUAD CITY INTERNATIONAL AIRPORT, IL US",2022-07-14,41.44816,-90.52365,175.5,29.4,23.8,17.8,0.0,0.0,6.3,9.4,3.4,,
USW00014923,"MOLINE QUAD CITY INTERNATIONAL AIRPORT, IL US",2022-07-15,41.44816,-90.52365,175.5,26.7,23.3,21.1,0.0,24.9,9.4,12.1,4.4,    1,    1
USW00014923,"MOLINE QUAD CITY INTERNATIONAL AIRPORT, IL US",2022-07-16,41.44816,-90.52365,175.5,25.6,23.4,21.7,0.0,0.0,7.2,9.4,3.7,    1,
USW00014923,"MOLINE QUAD CITY INTERNATIONAL AIRPORT, IL US",2022-07-17,41.44816,-90.52365,175.5,29.4,24.1,20.6,0.0,0.0,5.4,6.7,1.7,    1,
USW00014923,"MOLINE QUAD CITY INTERNATIONAL AIRPORT, IL US",2022-07-18,41.44816,-90.52365,175.5,32.2,25.2,17.8,0.0,0.0,4.0,6.3,1.3,    1,
USW00014923,"MOLINE QUAD CITY INTERNATIONAL AIRPORT, IL US",2022-07-19,41.44816,-90.52365,175.5,31.7,26.2,19.4,0.0,0.0,8.9,12.1,3.5,,
USW00014923,"MOLINE QUAD CITY INTERNATIONAL AIRPORT, IL US",2022-07-20,41.44816,-90.52365,175.5,30.6,27.3,21.1,0.0,0.0,10.3,15.2,5.2,,
USW00014923,"MOLINE QUAD CITY INTERNATIONAL AIRPORT, IL US",2022-07-21,41.44816,-90.52365,175.5,34.4,26.6,18.3,0.0,0.0,10.7,13.9,4.4,    1,
USW00014923,"MOLINE QUAD CITY INTERNATIONAL AIRPORT, IL US",2022-07-22,41.44816,-90.52365,175.5,31.1,24.7,16.7,0.0,0.0,6.7,8.9,3.0,,
USW00014923,"MOLINE QUAD CITY INTERNATIONAL AIRPORT, IL US",2022-07-23,41.44816,-90.52365,175.5,35.6,29.2,24.4,0.0,0.8,7.2,12.1,3.6,,    1
USW00014923,"MOLINE QUAD CITY INTERNATIONAL AIRPORT, IL US",2022-07-24,41.44816,-90.52365,175.5,31.1,28.2,22.2,0.0,0.8,8.9,12.5,4.1,,    1
USW00014923,"MOLINE QUAD CITY INTERNATIONAL AIRPORT, IL US",2022-07-25,41.44816,-90.52365,175.5,26.7,23.3,16.7,0.0,0.0,4.5,6.3,1.5,,
USW00014923,"MOLINE QUAD CITY INTERNATIONAL AIRPORT, IL US",2022-07-26,41.44816,-90.52365,175.5,27.2,21.9,15.6,0.0,0.0,5.4,7.2,1.6,,
USW00014923,"MOLINE QUAD CITY INTERNATIONAL AIRPORT, IL US",2022-07-27,41.44816,-90.52365,175.5,31.1,24.4,18.9,0.0,0.0,8.1,12.5,3.6,    1,
USW00014923,"MOLINE QUAD CITY INTERNATIONAL AIRPORT, IL US",2022-07-28,41.44816,-90.52365,175.5,27.8,23.8,15.6,0.0,0.0,7.6,12.1,3.6,,
USW00014923,"MOLINE QUAD CITY INTERNATIONAL AIRPORT, IL US",2022-07-29,41.44816,-90.52365,175.5,28.3,21.2,13.3,0.0,0.0,7.6,10.7,2.6,,
USW00014923,"MOLINE QUAD CITY INTERNATIONAL AIRPORT, IL US",2022-07-30,41.44816,-90.52365,175.5,29.4,21.6,13.9,0.0,0.0,4.5,5.8,1.2,,
USW00014923,"MOLINE QUAD CITY INTERNATIONAL AIRPORT, IL US",2022-07-31,41.44816,-90.52365,175.5,30.0,22.5,14.4,0.0,0.0,7.2,10.3,3.0,    1,    1
