STATION,NAME,DATE,LATITUDE,LONGITUDE,ELEVATION,TMAX,TMIN,PRCP,WSF2,AWND,WSF5,WT01,WT03
USW00094963,"MINNEAPOLIS FLYING CLOUD AIRPORT, MN US",2022-05-01,44.83214,-93.47051,275.7,8.9,5.6,2.5,8.9,5.2,13.0,,
USW00094963,"MINNEAPOLIS FLYING CLOUD AIRPORT, MN US",2022-05-02,44.83214,-93.47051,275.7,9.4,4.4,0.0,7.6,3.4,10.7,,
USW00094963,"MINNEAPOLIS FLYING CLOUD AIRPORT, MN US",2022-05-03,44.83214,-93.47051,275.7,15.0,6.1,0.0,8.1,4.1,12.1,,
USW00094963,"MINNEAPOLIS FLYING CLOUD AIRPORT, MN US",2022-05-04,44.83214,-93.47051,275.7,17.8,3.9,0.0,5.8,2.1,8.1,,
USW00094963,"MINNEAPOLIS FLYING CLOUD AIRPORT, MN US",2022-05-05,44.83214,-93.47051,275.7,18.3,5.6,0.0,4.5,1.7,7.2,,
USW00094963,"MINNEAPOLIS FLYING CLOUD AIRPORT, MN US",2022-05-06,44.83214,-93.47051,275.7,22.2,6.1,0.0,8.9,3.4,12.1,,
USW00094963,"MINNEAPOLIS FLYING CLOUD AIRPORT, MN US",2022-05-07,44.83214,-93.47051,275.7,23.9,8.9,0.0,12.5,6.6,17.0,,
USW00094963,"MINNEAPOLIS FLYING CLOUD AIRPORT, MN US",2022-05-08,44.83214,-93.47051,275.7,16.7,10.6,1.3,11.6,6.7,15.7,,
USW00094963,"MINNEAPOLIS FLYING CLOUD AIRPORT, MN US",2022-05-09,44.83214,-93.47051,275.7,31.1,14.4,0.5,14.8,7.6,21.9,,    1
USW00094963,"MINNEAPOLIS FLYING CLOUD AIRPORT, MN US",2022-05-10,44.83214,-93.47051,275.7,26.7,14.4,0.0,6.3,3.5,8.5,,
USW00094963,"MINNEAPOLIS FLYING CLOUD AIRPORT, MN US",2022-05-11,44.83214,-93.47051,275.7,25.6,17.2,33.5,19.7,5.1,30.0,,
USW00094963,"MINNEAPOLIS FLYING CLOUD AIRPORT, MN US",2022-05-12,44.83214,-93.47051,275.7,33.9,15.0,0.3,13.4,4.9,19.7,,
USW00094963,"MINNEAPOLIS FLYING CLOUD AIRPORT, MN US",2022-05-13,44.83214,-93.47051,275.7,23.9,14.4,0.3,8.1,3.7,12.1,,
USW00094963,"MINNEAPOLIS FLYING CLOUD AIRPORT, MN US",2022-05-14,44.83214,-93.47051,275.7,23.3,12.8,0.0,8.1,3.7,12.1,,
USW00094963,"MINNEAPOLIS FLYING CLOUD AIRPORT, MN US",2022-05-15,44.83214,-93.47051,275.7,23.3,10.0,0.0,10.3,3.2,14.8,,
USW00094963,"MINNEAPOLIS FLYING CLOUD AIRPORT, MN US",2022-05-16,44.83214,-93.47051,275.7,21.7,10.6,0.0,9.4,3.9,14.8,,
USW00094963,"MINNEAPOLIS FLYING CLOUD AIRPORT, MN US",2022-05-17,44.83214,-93.47051,275.7,22.2,10.6,3.6,6.7,3.3,9.4,,
USW00094963,"MINNEAPOLIS FLYING CLOUD AIRPORT, MN US",2022-05-18,44.83214,-93.47051,275.7,22.8,12.8,0.0,7.6,3.0,11.6,,
USW00094963,"MINNEAPOLIS FLYING CLOUD AIRPORT, MN US",2022-05-19,44.83214,-93.47051,275.7,22.8,10.0,0.3,9.8,3.1,13.4,,
USW00094963,"MINNEAPOLIS FLYING CLOUD AIRPORT, MN US",2022-05-20,44.83214,-93.47051,275.7,18.3,8.9,1.3,9.4,4.8,13.9,,
USW00094963,"MINNEAPOLIS FLYING CLOUD AIRPORT, MN US",2022-05-21,44.83214,-93.47051,275.7,12.8,6.1,0.0,8.1,4.3,12.5,,
USW00094963,"MINNEAPOLIS FLYING CLOUD AIRPORT, MN US",2022-05-22,44.83214,-93.47051,275.7,15.6,5.0,0.3,7.2,2.9,10.3,,
USW00094963,"MINNEAPOLIS FLYING CLOUD AIRPORT, MN US",2022-05-23,44.83214,-93.47051,275.7,18.9,5.6,0.0,5.4,2.6,8.1,,
USW00094963,"MINNEAPOLIS FLYING CLOUD AIRPORT, MN US",2022-05-24,44.83214,-93.47051,275.7,20.6,10.6,0.3,8.1,4.0,11.6,,
USW00094963,"MINNEAPOLIS FLYING CLOUD AIRPORT, MN US",2022-05-25,44.83214,-93.47051,275.7,12.2,8.3,13.5,8.9,5.0,11.2,,
USW00094963,"MINNEAPOLIS FLYING CLOUD AIRPORT, MN US",2022-05-26,44.83214,-93.47051,275.7,16.7,8.3,0.0,7.2,3.4,11.2,,
USW00094963,"MINNEAPOLIS FLYING CLOUD AIRPORT, MN US",2022-05-27,44.83214,-93.47051,275.7,24.4,5.6,0.0,6.3,2.2,8.5,,
USW00094963,"MINNEAPOLIS FLYING CLOUD AIRPORT, MN US",2022-05-28,44.83214,-93.47051,275.7,31.7,16.1,1.0,11.2,4.9,17.0,,
USW00094963,"MINNEAPOLIS FLYING CLOUD AIRPORT, MN US",2022-05-29,44.83214,-93.47051,275.7,28.3,18.3,0.0,11.2,5.5,15.7,,
USW00094963,"MINNEAPOLIS FLYING CLOUD AIRPORT, MN US",2022-05-30,44.83214,-93.47051,275.7,30.6,17.2,12.2,13.4,5.9,20.1,,
