STATION,NAME,DATE,LATITUDE,LONGITUDE,ELEVATION,TMAX,TMIN,PRCP,SNOW,WSF2,AWND,WSF5,WT01,WT03
USW00053915,"NEW IBERIA AIRPORT ACADIANA REGIONAL, LA US",2024-05-01,30.02916,-91.88456,4.8,29.4,16.7,0.0,,6.3,2.7,8.5,    1,
USW00053915,"NEW IBERIA AIRPORT ACADIANA REGIONAL, LA US",2024-05-02,30.02916,-91.88456,4.8,26.7,22.8,1.5,,9.8,3.9,13.0,    1,
USW00053915,"NEW IBERIA AIRPORT ACADIANA REGIONAL, LA US",2024-05-03,30.02916,-91.88456,4.8,25.0,19.4,12.7,,9.8,3.3,13.0,    1,    1
USW00053915,"NEW IBERIA AIRPORT ACADIANA REGIONAL, LA US",2024-05-04,30.02916,-91.88456,4.8,29.4,19.4,0.0,,7.6,3.3,11.6,    1,
USW00053915,"NEW IBERIA AIRPORT ACADIANA REGIONAL, LA US",2024-05-05,30.02916,-91.88456,4.8,28.3,21.1,0.0,,11.2,3.7,14.3,    1,
USW00053915,"NEW IBERIA AIRPORT ACADIANA REGIONAL, LA US",2024-05-06,30.02916,-91.88456,4.8,29.4,20.6,0.0,0.0,8.9,4.7,12.1,    1,
USW00053915,"NEW IBERIA AIRPORT ACADIANA REGIONAL, LA US",2024-05-07,30.02916,-91.88456,4.8,30.0,25.0,0.0,,8.9,5.9,12.1,    1,
USW00053915,"NEW IBERIA AIRPORT ACADIANA REGIONAL, LA US",2024-05-08,30.02916,-91.88456,4.8,29.4,25.0,0.0,0.0,10.3,6.2,14.8,    1,
USW00053915,"NEW IBERIA AIRPORT ACADIANA REGIONAL, LA US",2024-05-09,30.02916,-91.88456,4.8,31.1,25.6,0.0,0.0,8.1,3.7,10.3,    1,
USW00053915,"NEW IBERIA AIRPORT ACADIANA REGIONAL, LA US",2024-05-10,30.02916,-91.88456,4.8,32.2,22.2,0.0,0.0,9.4,3.9,12.1,    1,
USW00053915,"NEW IBERIA AIRPORT ACADIANA REGIONAL, LA US",2024-05-11,30.02916,-91.88456,4.8,29.4,20.0,0.0,0.0,7.2,3.8,9.8,,
USW00053915,"NEW IBERIA AIRPORT ACADIANA REGIONAL, LA US",2024-05-12,30.02916,-91.88456,4.8,26.7,20.6,0.0,,8.9,4.1,11.2,    1,
USW00053915,"NEW IBERIA AIRPORT ACADIANA REGIONAL, LA US",2024-05-13,30.02916,-91.88456,4.8,29.4,19.4,37.3,,20.6,5.0,33.1,    1,    1
USW00053915,"NEW IBERIA AIRPORT ACADIANA REGIONAL, LA US",2024-05-14,30.02916,-91.88456,4.8,30.0,18.3,0.0,0.0,8.1,3.1,12.5,    1,
USW00053915,"NEW IBERIA AIRPORT ACADIANA REGIONAL, LA US",2024-05-15,30.02916,-91.88456,4.8,32.2,17.2,0.0,,5.4,2.0,8.1,    1,
USW00053915,"NEW IBERIA AIRPORT ACADIANA REGIONAL, LA US",2024-05-16,30.02916,-91.88456,4.8,31.7,18.9,37.6,,20.6,4.3,30.0,    1,    1
USW00053915,"NEW IBERIA AIRPORT ACADIANA REGIONAL, LA US",2024-05-17,30.02916,-91.88456,4.8,26.7,21.7,3.6,,6.7,3.0,8.9,    1,    1
USW00053915,"NEW IBERIA AIRPORT ACADIANA REGIONAL, LA US",2024-05-18,30.02916,-91.88456,4.8,31.7,20.0,2.0,,7.2,1.7,8.9,    1,    1
USW00053915,"NEW IBERIA AIRPORT ACADIANA REGIONAL, LA US",2024-05-19,30.02916,-91.88456,4.8,33.3,20.0,0.0,,4.5,1.5,6.3,    1,
USW00053915,"NEW IBERIA AIRPORT ACADIANA REGIONAL, LA US",2024-05-20,30.02916,-91.88456,4.8,32.8,21.7,0.0,0.0,6.7,2.8,8.5,    1,
USW00053915,"NEW IBERIA AIRPORT ACADIANA REGIONAL, LA US",2024-05-21,30.02916,-91.88456,4.8,31.1,21.1,0.0,,7.2,4.2,10.3,    1,
USW00053915,"NEW IBERIA AIRPORT ACADIANA REGIONAL, LA US",2024-05-22,30.02916,-91.88456,4.8,31.1,23.3,0.0,,8.1,4.5,10.7,    1,
USW00053915,"NEW IBERIA AIRPORT ACADIANA REGIONAL, LA US",2024-05-23,30.02916,-91.88456,4.8,31.1,23.9,0.0,,9.4,4.7,11.6,    1,
USW00053915,"NEW IBERIA AIRPORT ACADIANA REGIONAL, LA US",2024-05-24,30.02916,-91.88456,4.8,31.7,25.6,0.0,,9.4,5.2,11.6,    1,
USW00053915,"NEW IBERIA AIRPORT ACADIANA REGIONAL, LA US",2024-05-25,30.02916,-91.88456,4.8,31.7,23.3,0.0,,7.6,4.2,11.2,    1,
USW00053915,"NEW IBERIA AIRPORT ACADIANA REGIONAL, LA US",2024-05-26,30.02916,-91.88456,4.8,31.7,25.6,0.0,,10.3,5.7,14.3,    1,
USW00053915,"NEW IBERIA AIRPORT ACADIANA REGIONAL, LA US",2024-05-27,30.02916,-91.88456,4.8,33.3,25.0,0.0,,6.3,2.7,7.6,    1,
USW00053915,"NEW IBERIA AIRPORT ACADIANA REGIONAL, LA US",2024-05-28,30.02916,-91.88456,4.8,34.4,20.0,41.1,0.0,14.8,3.5,25.9,    1,    1
USW00053915,"NEW IBERIA AIRPORT ACADIANA REGIONAL, LA US",2024-05-29,30.02916,-91.88456,4.8,31.1,19.4,0.5,0.0,7.6,2.6,9.4,    1,
USW00053915,"NEW IBERIA AIRPORT ACADIANA REGIONAL, LA US",2024-05-30,30.02916,-91.88456,4.8,31.7,20.0,8.6,0.0,17.0,3.2,22.8,    1,    1
USW00053915,"NEW IBERIA AIRPORT ACADIANA REGIONAL, LA US",2024-05-31,30.02916,-91.88456,4.8,27.8,20.0,36.8,0.0,8.9,3.0,13.0,    1,    1
