STATION,NAME,DATE,LATITUDE,LONGITUDE,ELEVATION,TMAX,TMIN,PRCP,SNOW,WSF2,AWND,WSF5,WT01,WT03
USW00053915,"NEW IBERIA AIRPORT ACADIANA REGIONAL, LA US",2023-06-01,30.02916,-91.88456,4.8,33.3,20.0,6.6,,6.7,1.7,8.9,    1,
USW00053915,"NEW IBERIA AIRPORT ACADIANA REGIONAL, LA US",2023-06-02,30.02916,-91.88456,4.8,33.9,22.2,7.9,,7.6,1.8,9.8,    1,
USW00053915,"NEW IBERIA AIRPORT ACADIANA REGIONAL, LA US",2023-06-03,30.02916,-91.88456,4.8,35.0,22.8,0.0,,6.3,2.9,9.4,    1,    1
USW00053915,"NEW IBERIA AIRPORT ACADIANA REGIONAL, LA US",2023-06-04,30.02916,-91.88456,4.8,33.9,21.7,1.8,,8.9,2.5,13.4,,    1
USW00053915,"NEW IBERIA AIRPORT ACADIANA REGIONAL, LA US",2023-06-05,30.02916,-91.88456,4.8,31.7,20.6,1.5,,13.4,2.0,17.0,,    1
USW00053915,"NEW IBERIA AIRPORT ACADIANA REGIONAL, LA US",2023-06-06,30.02916,-91.88456,4.8,31.7,18.9,0.0,,7.6,1.8,10.7,    1,    1
USW00053915,"NEW IBERIA AIRPORT ACADIANA REGIONAL, LA US",2023-06-07,30.02916,-91.88456,4.8,33.9,20.6,2.3,,7.2,1.9,11.2,    1,    1
USW00053915,"NEW IBERIA AIRPORT ACADIANA REGIONAL, LA US",2023-06-08,30.02916,-91.88456,4.8,33.9,21.7,62.5,,19.7,2.9,30.9,    1,    1
USW00053915,"NEW IBERIA AIRPORT ACADIANA REGIONAL, LA US",2023-06-09,30.02916,-91.88456,4.8,33.9,21.1,9.7,,16.5,1.6,21.0,    1,    1
USW00053915,"NEW IBERIA AIRPORT ACADIANA REGIONAL, LA US",2023-06-10,30.02916,-91.88456,4.8,32.8,22.8,0.0,,7.2,2.1,10.3,    1,    1
USW00053915,"NEW IBERIA AIRPORT ACADIANA REGIONAL, LA US",2023-06-11,30.02916,-91.88456,4.8,33.3,23.3,0.0,,7.2,3.7,10.3,,
USW00053915,"NEW IBERIA AIRPORT ACADIANA REGIONAL, LA US",2023-06-12,30.02916,-91.88456,4.8,35.0,23.9,0.0,,6.3,2.6,8.5,    1,
USW00053915,"NEW IBERIA AIRPORT ACADIANA REGIONAL, LA US",2023-06-13,30.02916,-91.88456,4.8,33.9,23.3,0.0,,8.1,3.8,10.7,    1,
USW00053915,"NEW IBERIA AIRPORT ACADIANA REGIONAL, LA US",2023-06-14,30.02916,-91.88456,4.8,33.9,26.7,0.0,,9.8,5.5,14.8,,
USW00053915,"NEW IBERIA AIRPORT ACADIANA REGIONAL, LA US",2023-06-15,30.02916,-91.88456,4.8,34.4,27.2,0.0,,9.4,4.5,13.0,    1,
USW00053915,"NEW IBERIA AIRPORT ACADIANA REGIONAL, LA US",2023-06-16,30.02916,-91.88456,4.8,34.4,26.1,0.0,,8.1,3.7,12.1,    1,
USW00053915,"NEW IBERIA AIRPORT ACADIANA REGIONAL, LA US",2023-06-17,30.02916,-91.88456,4.8,35.6,26.1,0.0,,8.1,4.1,11.6,    1,
USW00053915,"NEW IBERIA AIRPORT ACADIANA REGIONAL, LA US",2023-06-18,30.02916,-91.88456,4.8,36.1,26.7,0.0,,9.4,4.2,13.9,,
USW00053915,"NEW IBERIA AIRPORT ACADIANA REGIONAL, LA US",2023-06-19,30.02916,-91.88456,4.8,36.1,27.2,0.0,,9.8,4.8,13.9,    1,
USW00053915,"NEW IBERIA AIRPORT ACADIANA REGIONAL, LA US",2023-06-20,30.02916,-91.88456,4.8,36.1,23.3,31.5,,15.7,4.3,20.1,    1,    1
USW00053915,"NEW IBERIA AIRPORT ACADIANA REGIONAL, LA US",2023-06-21,30.02916,-91.88456,4.8,34.4,24.4,0.0,,6.3,2.1,8.1,    1,    1
USW00053915,"NEW IBERIA AIRPORT ACADIANA REGIONAL, LA US",2023-06-22,30.02916,-91.88456,4.8,33.9,25.0,0.0,,6.7,2.2,9.4,,
USW00053915,"NEW IBERIA AIRPORT ACADIANA REGIONAL, LA US",2023-06-23,30.02916,-91.88456,4.8,34.4,24.4,5.3,,7.2,1.8,9.4,    1,    1
USW00053915,"NEW IBERIA AIRPORT ACADIANA REGIONAL, LA US",2023-06-24,30.02916,-91.88456,4.8,33.9,23.9,17.5,,11.6,2.7,16.5,    1,    1
USW00053915,"NEW IBERIA AIRPORT ACADIANA REGIONAL, LA US",2023-06-25,30.02916,-91.88456,4.8,35.6,25.6,0.0,,7.2,2.9,9.4,,
USW00053915,"NEW IBERIA AIRPORT ACADIANA REGIONAL, LA US",2023-06-26,30.02916,-91.88456,4.8,33.9,25.6,0.0,,10.3,2.8,13.4,    1,    1
USW00053915,"NEW IBERIA AIRPORT ACADIANA REGIONAL, LA US",2023-06-27,30.02916,-91.88456,4.8,35.6,25.6,0.0,,6.3,2.6,8.9,    1,
USW00053915,"NEW IBERIA AIRPORT ACADIANA REGIONAL, LA US",2023-06-28,30.02916,-91.88456,4.8,36.7,26.1,0.0,,5.4,2.1,7.2,,
USW00053915,"NEW IBERIA AIRPORT ACADIANA REGIONAL, LA US",2023-06-29,30.02916,-91.88456,4.8,37.2,26.1,0.0,,5.4,1.7,7.2,,
USW00053915,"NEW IBERIA AIRPORT ACADIANA REGIONAL, LA US",2023-06-30,30.02916,-91.88456,4.8,38.3,26.7,0.0,,4.5,1.4,5.8,,
