STATION,NAME,DATE,LATITUDE,LONGITUDE,ELEVATION,TMAX,TMIN,PRCP,WSF2,AWND,WSF5,WT01,WT03
USW00023230,"OAKLAND INTERNATIONAL AIRPORT, CA US",2024-06-01,37.7178,-122.23301,1.5,17.2,11.7,0.0,9.8,6.7,16.1,    1,
USW00023230,"OAKLAND INTERNATIONAL AIRPORT, CA US",2024-06-02,37.7178,-122.23301,1.5,18.9,12.2,0.0,9.4,5.0,14.3,,
USW00023230,"OAKLAND INTERNATIONAL AIRPORT, CA US",2024-06-03,37.7178,-122.23301,1.5,21.1,12.8,0.0,13.4,5.1,19.2,,
USW00023230,"OAKLAND INTERNATIONAL AIRPORT, CA US",2024-06-04,37.7178,-122.23301,1.5,26.1,12.2,0.0,8.1,3.1,13.4,,
USW00023230,"OAKLAND INTERNATIONAL AIRPORT, CA US",2024-06-05,37.7178,-122.23301,1.5,28.3,15.0,0.0,7.2,3.6,8.5,,
USW00023230,"OAKLAND INTERNATIONAL AIRPORT, CA US",2024-06-06,37.7178,-122.23301,1.5,19.4,12.2,0.0,10.3,4.7,15.2,    1,
USW00023230,"OAKLAND INTERNATIONAL AIRPORT, CA US",2024-06-07,37.7178,-122.23301,1.5,21.1,11.7,0.0,10.7,4.3,15.2,,
USW00023230,"OAKLAND INTERNATIONAL AIRPORT, CA US",2024-06-08,37.7178,-122.23301,1.5,18.9,12.8,0.0,8.9,5.1,14.3,,
USW00023230,"OAKLAND INTERNATIONAL AIRPORT, CA US",2024-06-09,37.7178,-122.23301,1.5,18.9,12.8,0.0,8.1,5.1,14.3,,
USW00023230,"OAKLAND INTERNATIONAL AIRPORT, CA US",2024-06-10,37.7178,-122.23301,1.5,20.6,12.2,0.0,9.4,4.3,15.2,,
USW00023230,"OAKLAND INTERNATIONAL AIRPORT, CA US",2024-06-11,37.7178,-122.23301,1.5,29.4,11.7,0.0,7.6,3.5,9.4,,
USW00023230,"OAKLAND INTERNATIONAL AIRPORT, CA US",2024-06-12,37.7178,-122.23301,1.5,21.7,13.3,0.0,7.6,3.1,14.8,    1,
USW00023230,"OAKLAND INTERNATIONAL AIRPORT, CA US",2024-06-13,37.7178,-122.23301,1.5,18.3,12.8,0.0,8.9,4.1,14.8,,
USW00023230,"OAKLAND INTERNATIONAL AIRPORT, CA US",2024-06-14,37.7178,-122.23301,1.5,20.6,13.3,0.0,11.2,5.2,15.7,,
USW00023230,"OAKLAND INTERNATIONAL AIRPORT, CA US",2024-06-15,37.7178,-122.23301,1.5,23.9,13.3,0.0,8.9,3.9,13.4,,
USW00023230,"OAKLAND INTERNATIONAL AIRPORT, CA US",2024-06-16,37.7178,-122.23301,1.5,23.3,11.7,0.0,12.5,4.2,16.5,,
USW00023230,"OAKLAND INTERNATIONAL AIRPORT, CA US",2024-06-17,37.7178,-122.23301,1.5,26.1,13.3,0.0,11.2,4.4,15.2,,
USW00023230,"OAKLAND INTERNATIONAL AIRPORT, CA US",2024-06-18,37.7178,-122.23301,1.5,25.0,12.8,0.0,9.4,3.7,15.7,,
USW00023230,"OAKLAND INTERNATIONAL AIRPORT, CA US",2024-06-19,37.7178,-122.23301,1.5,17.8,11.1,0.0,10.3,5.1,14.8,,
USW00023230,"OAKLAND INTERNATIONAL AIRPORT, CA US",2024-06-20,37.7178,-122.23301,1.5,17.8,12.2,0.0,8.9,4.4,14.3,,
USW00023230,"OAKLAND INTERNATIONAL AIRPORT, CA US",2024-06-21,37.7178,-122.23301,1.5,21.1,12.2,0.0,13.4,4.9,16.5,,
USW00023230,"OAKLAND INTERNATIONAL AIRPORT, CA US",2024-06-22,37.7178,-122.23301,1.5,24.4,12.8,0.0,7.2,3.4,8.5,    1,
USW00023230,"OAKLAND INTERNATIONAL AIRPORT, CA US",2024-06-23,37.7178,-122.23301,1.5,21.7,13.3,0.0,11.2,5.1,17.0,,
USW00023230,"OAKLAND INTERNATIONAL AIRPORT, CA US",2024-06-24,37.7178,-122.23301,1.5,26.1,11.7,0.0,7.6,3.7,9.4,,
USW00023230,"OAKLAND INTERNATIONAL AIRPORT, CA US",2024-06-25,37.7178,-122.23301,1.5,23.9,12.8,0.0,8.9,5.0,15.7,,
USW00023230,"OAKLAND INTERNATIONAL AIRPORT, CA US",2024-06-26,37.7178,-122.23301,1.5,20.0,13.3,0.0,8.9,5.1,14.3,,
USW00023230,"OAKLAND INTERNATIONAL AIRPORT, CA US",2024-06-27,37.7178,-122.23301,1.5,20.6,12.2,0.0,7.6,4.2,10.7,,
USW00023230,"OAKLAND INTERNATIONAL AIRPORT, CA US",2024-06-28,37.7178,-122.23301,1.5,23.9,12.2,0.0,7.6,3.4,9.4,,
USW00023230,"OAKLAND INTERNATIONAL AIRPORT, CA US",2024-06-29,37.7178,-122.23301,1.5,22.8,12.8,0.0,10.3,3.6,15.7,,
USW00023230,"OAKLAND INTERNATIONAL AIRPORT, CA US",2024-06-30,37.7178,-122.23301,1.5,23.9,14.4,0.0,8.1,2.9,15.2,,
