STATION,NAME,DATE,LATITUDE,LONGITUDE,ELEVATION,TMAX,TMIN,PRCP,WSF2,AWND,WSF5,WT01,WT03
USW00023230,"OAKLAND INTERNATIONAL AIRPORT, CA US",2024-07-01,37.7178,-122.23301,1.5,25.6,13.9,0.0,8.1,3.4,9.8,,
USW00023230,"OAKLAND INTERNATIONAL AIRPORT, CA US",2024-07-02,37.7178,-122.23301,1.5,33.9,14.4,0.0,7.2,2.4,9.4,,
USW00023230,"OAKLAND INTERNATIONAL AIRPORT, CA US",2024-07-03,37.7178,-122.23301,1.5,34.4,16.7,0.0,7.6,3.0,11.2,,
USW00023230,"OAKLAND INTERNATIONAL AIRPORT, CA US",2024-07-04,37.7178,-122.23301,1.5,28.9,16.1,0.0,7.6,3.2,9.4,,
USW00023230,"OAKLAND INTERNATIONAL AIRPORT, CA US",2024-07-05,37.7178,-122.23301,1.5,26.7,13.9,0.0,8.1,3.8,13.4,,
USW00023230,"OAKLAND INTERNATIONAL AIRPORT, CA US",2024-07-06,37.7178,-122.23301,1.5,27.2,15.0,0.0,7.6,3.7,9.8,,
USW00023230,"OAKLAND INTERNATIONAL AIRPORT, CA US",2024-07-07,37.7178,-122.23301,1.5,22.8,15.0,0.0,7.6,5.1,9.8,,
USW00023230,"OAKLAND INTERNATIONAL AIRPORT, CA US",2024-07-08,37.7178,-122.23301,1.5,22.2,14.4,0.0,13.0,4.8,16.1,,
USW00023230,"OAKLAND INTERNATIONAL AIRPORT, CA US",2024-07-09,37.7178,-122.23301,1.5,22.2,15.6,0.0,9.4,4.6,15.2,,
USW00023230,"OAKLAND INTERNATIONAL AIRPORT, CA US",2024-07-10,37.7178,-122.23301,1.5,26.1,15.6,0.0,7.2,3.4,9.4,    1,
USW00023230,"OAKLAND INTERNATIONAL AIRPORT, CA US",2024-07-11,37.7178,-122.23301,1.5,31.1,15.0,0.0,7.2,3.5,8.9,,
USW00023230,"OAKLAND INTERNATIONAL AIRPORT, CA US",2024-07-12,37.7178,-122.23301,1.5,23.9,13.9,0.0,11.2,4.8,17.0,    1,
USW00023230,"OAKLAND INTERNATIONAL AIRPORT, CA US",2024-07-13,37.7178,-122.23301,1.5,21.1,13.9,0.0,10.3,5.2,17.0,,
USW00023230,"OAKLAND INTERNATIONAL AIRPORT, CA US",2024-07-14,37.7178,-122.23301,1.5,21.1,15.0,0.0,9.4,5.1,17.0,,
USW00023230,"OAKLAND INTERNATIONAL AIRPORT, CA US",2024-07-15,37.7178,-122.23301,1.5,21.7,15.0,0.0,8.1,5.4,14.3,,
USW00023230,"OAKLAND INTERNATIONAL AIRPORT, CA US",2024-07-16,37.7178,-122.23301,1.5,22.2,15.6,0.0,10.7,5.4,16.1,,
USW00023230,"OAKLAND INTERNATIONAL AIRPORT, CA US",2024-07-17,37.7178,-122.23301,1.5,21.7,14.4,0.0,8.1,4.6,14.3,,
USW00023230,"OAKLAND INTERNATIONAL AIRPORT, CA US",2024-07-18,37.7178,-122.23301,1.5,23.9,15.0,0.0,8.1,3.7,14.8,,
USW00023230,"OAKLAND INTERNATIONAL AIRPORT, CA US",2024-07-19,37.7178,-122.23301,1.5,28.9,13.3,0.0,8.1,3.7,14.3,,
USW00023230,"OAKLAND INTERNATIONAL AIRPORT, CA US",2024-07-20,37.7178,-122.23301,1.5,22.8,15.0,0.0,9.4,4.2,14.8,,
USW00023230,"OAKLAND INTERNATIONAL AIRPORT, CA US",2024-07-21,37.7178,-122.23301,1.5,18.9,14.4,0.0,8.1,3.7,10.3,,
USW00023230,"OAKLAND INTERNATIONAL AIRPORT, CA US",2024-07-22,37.7178,-122.23301,1.5,25.0,13.9,0.0,7.2,3.2,8.9,,
USW00023230,"OAKLAND INTERNATIONAL AIRPORT, CA US",2024-07-23,37.7178,-122.23301,1.5,28.9,15.6,0.0,8.1,3.2,9.8,,
USW00023230,"OAKLAND INTERNATIONAL AIRPORT, CA US",2024-07-24,37.7178,-122.23301,1.5,26.7,17.8,0.0,11.2,4.5,17.9,,
USW00023230,"OAKLAND INTERNATIONAL AIRPORT, CA US",2024-07-25,37.7178,-122.23301,1.5,27.2,16.1,0.0,7.2,4.2,8.9,,
USW00023230,"OAKLAND INTERNATIONAL AIRPORT, CA US",2024-07-26,37.7178,-122.23301,1.5,21.1,14.4,0.0,12.5,4.8,17.9,,
USW00023230,"OAKLAND INTERNATIONAL AIRPORT, CA US",2024-07-27,37.7178,-122.23301,1.5,17.2,14.4,0.0,8.1,5.3,11.2,,
USW00023230,"OAKLAND INTERNATIONAL AIRPORT, CA US",2024-07-28,37.7178,-122.23301,1.5,22.2,14.4,0.0,8.9,4.2,15.7,,
USW00023230,"OAKLAND INTERNATIONAL AIRPORT, CA US",2024-07-29,37.7178,-122.23301,1.5,20.6,15.0,0.0,7.6,4.4,13.4,,
USW00023230,"OAKLAND INTERNATIONAL AIRPORT, CA US",2024-07-30,37.7178,-122.23301,1.5,22.2,15.6,0.0,10.3,4.3,15.2,    1,
USW00023230,"OAKLAND INTERNATIONAL AIRPORT, CA US",2024-07-31,37.7178,-122.23301,1.5,23.3,15.0,0.0,7.6,3.9,9.4,,
