STATION,NAME,DATE,LATITUDE,LONGITUDE,ELEVATION,TMAX,TMIN,PRCP,WSF2,AWND,WSF5,WT01,WT03
USW00023230,"OAKLAND INTERNATIONAL AIRPORT, CA US",2021-08-01,37.7178,-122.23301,1.5,22.2,15.6,0.0,8.9,4.5,9.8,,
USW00023230,"OAKLAND INTERNATIONAL AIRPORT, CA US",2021-08-02,37.7178,-122.23301,1.5,23.3,13.9,0.0,8.1,4.9,8.9,,
USW00023230,"OAKLAND INTERNATIONAL AIRPORT, CA US",2021-08-03,37.7178,-122.23301,1.5,21.7,13.9,0.0,9.4,4.1,10.3,,
USW00023230,"OAKLAND INTERNATIONAL AIRPORT, CA US",2021-08-04,37.7178,-122.23301,1.5,20.0,13.9,0.0,9.8,4.8,11.2,    1,
USW00023230,"OAKLAND INTERNATIONAL AIRPORT, CA US",2021-08-05,37.7178,-122.23301,1.5,20.0,15.0,0.0,8.1,4.8,9.8,,
USW00023230,"OAKLAND INTERNATIONAL AIRPORT, CA US",2021-08-06,37.7178,-122.23301,1.5,23.9,14.4,0.0,7.6,4.1,8.9,,
USW00023230,"OAKLAND INTERNATIONAL AIRPORT, CA US",2021-08-07,37.7178,-122.23301,1.5,23.3,13.3,0.0,9.4,4.1,11.6,,
USW00023230,"OAKLAND INTERNATIONAL AIRPORT, CA US",2021-08-08,37.7178,-122.23301,1.5,23.9,14.4,0.0,9.4,3.9,11.2,,
USW00023230,"OAKLAND INTERNATIONAL AIRPORT, CA US",2021-08-09,37.7178,-122.23301,1.5,22.2,13.3,0.0,9.8,4.1,11.2,,
USW00023230,"OAKLAND INTERNATIONAL AIRPORT, CA US",2021-08-10,37.7178,-122.23301,1.5,25.6,14.4,0.0,8.9,3.9,10.3,,
USW00023230,"OAKLAND INTERNATIONAL AIRPORT, CA US",2021-08-11,37.7178,-122.23301,1.5,22.2,14.4,0.0,9.8,4.7,10.7,,
USW00023230,"OAKLAND INTERNATIONAL AIRPORT, CA US",2021-08-12,37.7178,-122.23301,1.5,22.8,15.6,0.0,9.4,4.5,10.7,,
USW00023230,"OAKLAND INTERNATIONAL AIRPORT, CA US",2021-08-13,37.7178,-122.23301,1.5,21.7,14.4,0.0,9.8,4.6,10.7,,
USW00023230,"OAKLAND INTERNATIONAL AIRPORT, CA US",2021-08-14,37.7178,-122.23301,1.5,21.7,15.0,0.0,9.4,4.4,10.7,,
USW00023230,"OAKLAND INTERNATIONAL AIRPORT, CA US",2021-08-15,37.7178,-122.23301,1.5,22.2,15.6,0.0,9.8,3.9,10.7,,
USW00023230,"OAKLAND INTERNATIONAL AIRPORT, CA US",2021-08-16,37.7178,-122.23301,1.5,22.8,15.0,0.0,8.9,3.7,9.8,,
USW00023230,"OAKLAND INTERNATIONAL AIRPORT, CA US",2021-08-17,37.7178,-122.23301,1.5,21.7,15.0,0.0,8.1,4.5,10.7,,
USW00023230,"OAKLAND INTERNATIONAL AIRPORT, CA US",2021-08-18,37.7178,-122.23301,1.5,23.3,13.9,0.0,8.1,3.8,10.3,,
USW00023230,"OAKLAND INTERNATIONAL AIRPORT, CA US",2021-08-19,37.7178,-122.23301,1.5,22.2,15.0,0.0,8.1,4.0,10.7,,
USW00023230,"OAKLAND INTERNATIONAL AIRPORT, CA US",2021-08-20,37.7178,-122.23301,1.5,20.6,16.1,0.0,8.1,4.0,10.3,,
USW00023230,"OAKLAND INTERNATIONAL AIRPORT, CA US",2021-08-21,37.7178,-122.23301,1.5,21.1,15.6,0.0,8.9,5.2,11.2,,
USW00023230,"OAKLAND INTERNATIONAL AIRPORT, CA US",2021-08-22,37.7178,-122.23301,1.5,22.2,14.4,0.0,8.1,3.6,9.8,,
USW00023230,"OAKLAND INTERNATIONAL AIRPORT, CA US",2021-08-23,37.7178,-122.23301,1.5,22.2,14.4,0.0,8.1,3.5,10.3,,
USW00023230,"OAKLAND INTERNATIONAL AIRPORT, CA US",2021-08-24,37.7178,-122.23301,1.5,21.7,15.0,0.0,8.1,4.1,9.8,,
USW00023230,"OAKLAND INTERNATIONAL AIRPORT, CA US",2021-08-25,37.7178,-122.23301,1.5,21.1,12.8,0.0,8.1,4.3,10.7,,
USW00023230,"OAKLAND INTERNATIONAL AIRPORT, CA US",2021-08-26,37.7178,-122.23301,1.5,25.6,11.7,0.0,7.2,3.1,8.5,,
USW00023230,"OAKLAND INTERNATIONAL AIRPORT, CA US",2021-08-27,37.7178,-122.23301,1.5,30.6,13.9,0.0,7.2,2.8,8.5,,
USW00023230,"OAKLAND INTERNATIONAL AIRPORT, CA US",2021-08-28,37.7178,-122.23301,1.5,31.7,15.0,0.0,7.2,2.7,8.9,    1,
USW00023230,"OAKLAND INTERNATIONAL AIRPORT, CA US",2021-08-29,37.7178,-122.23301,1.5,25.0,15.0,0.0,8.9,4.6,9.8,,
USW00023230,"OAKLAND INTERNATIONAL AIRPORT, CA US",2021-08-30,37.7178,-122.23301,1.5,22.8,13.3,0.0,9.4,3.6,10.7,,
USW00023230,"OAKLAND INTERNATIONAL AIRPORT, CA US",2021-08-31,37.7178,-122.23301,1.5,21.7,11.7,0.0,8.1,3.6,10.3,,
