STATION,NAME,DATE,LATITUDE,LONGITUDE,ELEVATION,TMAX,TMIN,PRCP,WSF2,AWND,WSF5,WT01,WT03
USW00023230,"OAKLAND INTERNATIONAL AIRPORT, CA US",2023-05-01,37.7178,-122.23301,1.5,15.6,10.6,0.0,16.5,9.4,21.5,,
USW00023230,"OAKLAND INTERNATIONAL AIRPORT, CA US",2023-05-02,37.7178,-122.23301,1.5,14.4,9.4,8.9,11.2,5.0,14.3,    1,
USW00023230,"OAKLAND INTERNATIONAL AIRPORT, CA US",2023-05-03,37.7178,-122.23301,1.5,15.6,9.4,10.2,8.1,3.6,10.3,    1,
USW00023230,"OAKLAND INTERNATIONAL AIRPORT, CA US",2023-05-04,37.7178,-122.23301,1.5,15.6,9.4,0.0,7.2,3.0,13.0,,
USW00023230,"OAKLAND INTERNATIONAL AIRPORT, CA US",2023-05-05,37.7178,-122.23301,1.5,16.1,11.7,2.5,7.6,3.8,10.7,,
USW00023230,"OAKLAND INTERNATIONAL AIRPORT, CA US",2023-05-06,37.7178,-122.23301,1.5,16.7,10.6,2.5,7.6,3.9,10.3,    1,
USW00023230,"OAKLAND INTERNATIONAL AIRPORT, CA US",2023-05-07,37.7178,-122.23301,1.5,17.8,8.9,0.0,7.6,3.4,9.8,,
USW00023230,"OAKLAND INTERNATIONAL AIRPORT, CA US",2023-05-08,37.7178,-122.23301,1.5,17.8,10.6,0.8,8.1,5.0,13.4,    1,
USW00023230,"OAKLAND INTERNATIONAL AIRPORT, CA US",2023-05-09,37.7178,-122.23301,1.5,17.8,8.3,0.0,12.5,5.0,17.0,,
USW00023230,"OAKLAND INTERNATIONAL AIRPORT, CA US",2023-05-10,37.7178,-122.23301,1.5,16.1,11.7,0.0,9.4,6.3,14.3,,
USW00023230,"OAKLAND INTERNATIONAL AIRPORT, CA US",2023-05-11,37.7178,-122.23301,1.5,17.2,11.7,0.0,7.6,4.3,12.5,,
USW00023230,"OAKLAND INTERNATIONAL AIRPORT, CA US",2023-05-12,37.7178,-122.23301,1.5,19.4,11.1,0.0,10.3,4.3,14.8,,
USW00023230,"OAKLAND INTERNATIONAL AIRPORT, CA US",2023-05-13,37.7178,-122.23301,1.5,26.7,11.7,0.0,6.7,2.6,8.9,    1,
USW00023230,"OAKLAND INTERNATIONAL AIRPORT, CA US",2023-05-14,37.7178,-122.23301,1.5,22.2,11.7,0.0,7.6,4.0,10.3,,
USW00023230,"OAKLAND INTERNATIONAL AIRPORT, CA US",2023-05-15,37.7178,-122.23301,1.5,19.4,12.2,0.0,7.6,4.4,9.4,,
USW00023230,"OAKLAND INTERNATIONAL AIRPORT, CA US",2023-05-16,37.7178,-122.23301,1.5,22.8,11.7,0.0,9.4,4.2,14.3,,
USW00023230,"OAKLAND INTERNATIONAL AIRPORT, CA US",2023-05-17,37.7178,-122.23301,1.5,18.9,11.7,0.0,9.8,3.9,14.8,,
USW00023230,"OAKLAND INTERNATIONAL AIRPORT, CA US",2023-05-18,37.7178,-122.23301,1.5,17.2,11.7,0.0,7.2,4.0,14.3,,
USW00023230,"OAKLAND INTERNATIONAL AIRPORT, CA US",2023-05-19,37.7178,-122.23301,1.5,17.2,12.2,0.0,7.6,4.9,14.8,,
USW00023230,"OAKLAND INTERNATIONAL AIRPORT, CA US",2023-05-20,37.7178,-122.23301,1.5,16.7,11.7,0.0,9.8,5.6,14.3,    1,
USW00023230,"OAKLAND INTERNATIONAL AIRPORT, CA US",2023-05-21,37.7178,-122.23301,1.5,19.4,11.1,0.0,9.8,3.3,15.2,,
USW00023230,"OAKLAND INTERNATIONAL AIRPORT, CA US",2023-05-22,37.7178,-122.23301,1.5,21.1,11.7,0.0,8.1,4.2,15.2,    1,
USW00023230,"OAKLAND INTERNATIONAL AIRPORT, CA US",2023-05-23,37.7178,-122.23301,1.5,19.4,12.2,0.0,8.1,6.2,11.6,,
USW00023230,"OAKLAND INTERNATIONAL AIRPORT, CA US",2023-05-24,37.7178,-122.23301,1.5,18.3,11.7,0.0,8.9,5.1,14.8,,
USW00023230,"OAKLAND INTERNATIONAL AIRPORT, CA US",2023-05-25,37.7178,-122.23301,1.5,18.3,12.2,0.0,10.3,5.6,17.9,,
USW00023230,"OAKLAND INTERNATIONAL AIRPORT, CA US",2023-05-26,37.7178,-122.23301,1.5,18.3,11.7,0.0,7.6,5.4,14.3,,
USW00023230,"OAKLAND INTERNATIONAL AIRPORT, CA US",2023-05-27,37.7178,-122.23301,1.5,17.8,11.7,0.0,9.8,5.5,15.7,,
USW00023230,"OAKLAND INTERNATIONAL AIRPORT, CA US",2023-05-28,37.7178,-122.23301,1.5,15.0,12.2,0.0,7.6,5.2,13.4,    1,
USW00023230,"OAKLAND INTERNATIONAL AIRPORT, CA US",2023-05-29,37.7178,-122.23301,1.5,19.4,12.8,0.0,8.1,4.5,10.7,,
USW00023230,"OAKLAND INTERNATIONAL AIRPORT, CA US",2023-05-30,37.7178,-122.23301,1.5,18.3,12.8,0.0,8.9,5.8,14.8,,
USW00023230,"OAKLAND INTERNATIONAL AIRPORT, CA US",2023-05-31,37.7178,-122.23301,1.5,16.7,11.7,0.0,7.6,5.0,10.7,,
