STATION,NAME,DATE,LATITUDE,LONGITUDE,ELEVATION,TMAX,TMIN,PRCP,SNOW,WSF2,WSF5,AWND,WT03,WT01
USW00003954,"OKLAHOMA CITY WILEY POST AIRPORT, OK US",2024-08-01,35.54113,-97.64725,390.2,39.4,25.0,0.0,,10.7,14.8,5.5,,
USW00003954,"OKLAHOMA CITY WILEY POST AIRPORT, OK US",2024-08-02,35.54113,-97.64725,390.2,33.9,22.2,1.5,,8.9,12.1,2.4,    1,    1
USW00003954,"OKLAHOMA CITY WILEY POST AIRPORT, OK US",2024-08-03,35.54113,-97.64725,390.2,36.7,18.3,0.0,,6.7,9.8,2.8,,
USW00003954,"OKLAHOMA CITY WILEY POST AIRPORT, OK US",2024-08-04,35.54113,-97.64725,390.2,36.7,20.6,0.0,,5.8,8.5,2.0,,
USW00003954,"OKLAHOMA CITY WILEY POST AIRPORT, OK US",2024-08-05,35.54113,-97.64725,390.2,36.7,22.2,0.0,,7.6,10.3,4.6,,
USW00003954,"OKLAHOMA CITY WILEY POST AIRPORT, OK US",2024-08-06,35.54113,-97.64725,390.2,39.4,24.4,0.0,,6.7,8.5,3.9,,
USW00003954,"OKLAHOMA CITY WILEY POST AIRPORT, OK US",2024-08-07,35.54113,-97.64725,390.2,39.4,23.3,0.0,,6.3,8.5,3.9,,
USW00003954,"OKLAHOMA CITY WILEY POST AIRPORT, OK US",2024-08-08,35.54113,-97.64725,390.2,35.6,25.0,0.0,,10.3,13.0,4.9,,
USW00003954,"OKLAHOMA CITY WILEY POST AIRPORT, OK US",2024-08-09,35.54113,-97.64725,390.2,28.9,18.3,5.6,,8.1,10.7,5.1,    1,    1
USW00003954,"OKLAHOMA CITY WILEY POST AIRPORT, OK US",2024-08-10,35.54113,-97.64725,390.2,25.6,16.7,2.3,,7.2,9.8,3.8,,    1
USW00003954,"OKLAHOMA CITY WILEY POST AIRPORT, OK US",2024-08-11,35.54113,-97.64725,390.2,29.4,17.8,83.6,,10.7,14.8,6.3,    1,    1
USW00003954,"OKLAHOMA CITY WILEY POST AIRPORT, OK US",2024-08-12,35.54113,-97.64725,390.2,33.9,22.8,0.0,,11.2,14.3,5.7,,
USW00003954,"OKLAHOMA CITY WILEY POST AIRPORT, OK US",2024-08-13,35.54113,-97.64725,390.2,36.7,25.0,0.0,,9.4,12.1,6.5,,
USW00003954,"OKLAHOMA CITY WILEY POST AIRPORT, OK US",2024-08-14,35.54113,-97.64725,390.2,36.7,26.1,0.0,,10.3,13.4,6.8,,
USW00003954,"OKLAHOMA CITY WILEY POST AIRPORT, OK US",2024-08-15,35.54113,-97.64725,390.2,37.8,25.6,0.0,,8.9,12.1,4.9,,
USW00003954,"OKLAHOMA CITY WILEY POST AIRPORT, OK US",2024-08-16,35.54113,-97.64725,390.2,37.2,24.4,0.0,,8.9,12.1,4.3,    1,
USW00003954,"OKLAHOMA CITY WILEY POST AIRPORT, OK US",2024-08-17,35.54113,-97.64725,390.2,35.6,25.6,0.0,,10.7,15.7,5.7,    1,
USW00003954,"OKLAHOMA CITY WILEY POST AIRPORT, OK US",2024-08-18,35.54113,-97.64725,390.2,39.4,26.7,0.0,,8.9,11.2,4.8,,
USW00003954,"OKLAHOMA CITY WILEY POST AIRPORT, OK US",2024-08-19,35.54113,-97.64725,390.2,36.7,23.9,0.0,,8.9,11.2,4.1,,
USW00003954,"OKLAHOMA CITY WILEY POST AIRPORT, OK US",2024-08-20,35.54113,-97.64725,390.2,32.2,23.9,0.0,,8.1,11.6,5.1,,
USW00003954,"OKLAHOMA CITY WILEY POST AIRPORT, OK US",2024-08-21,35.54113,-97.64725,390.2,31.7,23.3,0.0,,9.4,13.0,6.0,,
USW00003954,"OKLAHOMA CITY WILEY POST AIRPORT, OK US",2024-08-22,35.54113,-97.64725,390.2,31.7,22.2,0.0,,9.8,14.3,6.4,,
USW00003954,"OKLAHOMA CITY WILEY POST AIRPORT, OK US",2024-08-23,35.54113,-97.64725,390.2,35.6,23.3,0.0,,12.5,18.3,7.6,,
USW00003954,"OKLAHOMA CITY WILEY POST AIRPORT, OK US",2024-08-24,35.54113,-97.64725,390.2,36.7,25.6,0.0,,12.5,17.0,7.8,,
USW00003954,"OKLAHOMA CITY WILEY POST AIRPORT, OK US",2024-08-25,35.54113,-97.64725,390.2,35.6,25.6,0.0,,8.9,12.1,5.8,,
USW00003954,"OKLAHOMA CITY WILEY POST AIRPORT, OK US",2024-08-26,35.54113,-97.64725,390.2,35.0,22.2,0.0,,7.6,10.3,3.4,,
USW00003954,"OKLAHOMA CITY WILEY POST AIRPORT, OK US",2024-08-27,35.54113,-97.64725,390.2,34.4,20.6,0.0,,6.3,8.1,3.6,,
USW00003954,"OKLAHOMA CITY WILEY POST AIRPORT, OK US",2024-08-28,35.54113,-97.64725,390.2,35.0,22.8,0.0,,9.4,12.1,4.8,,
USW00003954,"OKLAHOMA CITY WILEY POST AIRPORT, OK US",2024-08-29,35.54113,-97.64725,390.2,35.6,23.3,0.0,,9.4,13.4,5.6,,
USW00003954,"OKLAHOMA CITY WILEY POST AIRPORT, OK US",2024-08-30,35.54113,-97.64725,390.2,32.2,22.8,0.0,,8.9,12.5,4.8,,
USW00003954,"OKLAHOMA CITY WILEY POST AIRPORT, OK US",2024-08-31,35.54113,-97.64725,390.2,30.6,22.2,0.0,0.0,,,,,
