STATION,NAME,DATE,LATITUDE,LONGITUDE,ELEVATION,TMAX,TAVG,TMIN,SNOW,PRCP,WSF2,WSF5,AWND,WT01,WT03
USW00094846,"CHICAGO OHARE INTERNATIONAL AIRPORT, IL US",2023-07-01,41.96017,-87.93164,204.8,30.0,25.6,22.2,0.0,11.9,6.7,8.5,1.4,    1,    1
USW00094846,"CHICAGO OHARE INTERNATIONAL AIRPORT, IL US",2023-07-02,41.96017,-87.93164,204.8,22.8,21.7,18.9,0.0,85.1,8.1,10.3,4.0,    1,    1
USW00094846,"CHICAGO OHARE INTERNATIONAL AIRPORT, IL US",2023-07-03,41.96017,-87.93164,204.8,31.1,23.2,17.8,0.0,0.0,5.4,7.2,3.0,,
USW00094846,"CHICAGO OHARE INTERNATIONAL AIRPORT, IL US",2023-07-04,41.96017,-87.93164,204.8,33.3,26.7,21.1,0.0,0.0,6.3,8.9,2.9,,
USW00094846,"CHICAGO OHARE INTERNATIONAL AIRPORT, IL US",2023-07-05,41.96017,-87.93164,204.8,32.8,27.8,21.7,0.0,11.7,10.7,15.2,2.6,    1,    1
USW00094846,"CHICAGO OHARE INTERNATIONAL AIRPORT, IL US",2023-07-06,41.96017,-87.93164,204.8,27.8,23.3,18.9,0.0,0.0,7.2,8.9,3.6,    1,
USW00094846,"CHICAGO OHARE INTERNATIONAL AIRPORT, IL US",2023-07-07,41.96017,-87.93164,204.8,27.2,22.4,17.8,0.0,0.3,5.8,7.6,2.7,,
USW00094846,"CHICAGO OHARE INTERNATIONAL AIRPORT, IL US",2023-07-08,41.96017,-87.93164,204.8,24.4,20.7,17.8,0.0,3.6,7.2,8.5,2.8,    1,
USW00094846,"CHICAGO OHARE INTERNATIONAL AIRPORT, IL US",2023-07-09,41.96017,-87.93164,204.8,29.4,22.6,16.1,0.0,0.0,6.3,8.9,2.4,,
USW00094846,"CHICAGO OHARE INTERNATIONAL AIRPORT, IL US",2023-07-10,41.96017,-87.93164,204.8,30.6,24.8,18.3,0.0,0.0,8.1,12.1,4.0,,
USW00094846,"CHICAGO OHARE INTERNATIONAL AIRPORT, IL US",2023-07-11,41.96017,-87.93164,204.8,30.0,24.4,20.6,0.0,4.6,10.3,13.0,4.6,    1,    1
USW00094846,"CHICAGO OHARE INTERNATIONAL AIRPORT, IL US",2023-07-12,41.96017,-87.93164,204.8,24.4,20.3,17.8,0.0,23.1,8.9,13.9,4.0,    1,    1
USW00094846,"CHICAGO OHARE INTERNATIONAL AIRPORT, IL US",2023-07-13,41.96017,-87.93164,204.8,25.6,20.4,17.2,0.0,0.8,5.4,7.2,2.2,,    1
USW00094846,"CHICAGO OHARE INTERNATIONAL AIRPORT, IL US",2023-07-14,41.96017,-87.93164,204.8,32.2,25.2,20.0,0.0,5.3,16.1,25.9,4.4,    1,    1
USW00094846,"CHICAGO OHARE INTERNATIONAL AIRPORT, IL US",2023-07-15,41.96017,-87.93164,204.8,29.4,25.3,21.1,0.0,0.3,7.2,10.3,3.9,,    1
USW00094846,"CHICAGO OHARE INTERNATIONAL AIRPORT, IL US",2023-07-16,41.96017,-87.93164,204.8,27.2,23.8,19.4,0.0,0.0,8.1,10.7,4.3,,
USW00094846,"CHICAGO OHARE INTERNATIONAL AIRPORT, IL US",2023-07-17,41.96017,-87.93164,204.8,26.7,23.2,18.9,0.0,0.0,7.2,10.3,3.6,,
USW00094846,"CHICAGO OHARE INTERNATIONAL AIRPORT, IL US",2023-07-18,41.96017,-87.93164,204.8,27.2,22.3,17.2,0.0,0.0,5.8,8.9,2.3,,
USW00094846,"CHICAGO OHARE INTERNATIONAL AIRPORT, IL US",2023-07-19,41.96017,-87.93164,204.8,30.0,23.3,17.2,0.0,0.0,5.8,8.5,1.9,,
USW00094846,"CHICAGO OHARE INTERNATIONAL AIRPORT, IL US",2023-07-20,41.96017,-87.93164,204.8,30.6,26.0,20.0,0.0,0.0,9.8,14.3,5.0,,
USW00094846,"CHICAGO OHARE INTERNATIONAL AIRPORT, IL US",2023-07-21,41.96017,-87.93164,204.8,27.8,23.0,17.8,0.0,0.0,6.3,8.9,2.9,,
USW00094846,"CHICAGO OHARE INTERNATIONAL AIRPORT, IL US",2023-07-22,41.96017,-87.93164,204.8,29.4,23.6,18.3,0.0,0.5,8.9,12.1,3.5,    1,    1
USW00094846,"CHICAGO OHARE INTERNATIONAL AIRPORT, IL US",2023-07-23,41.96017,-87.93164,204.8,28.9,22.3,17.8,0.0,2.5,6.3,11.2,2.3,    1,    1
USW00094846,"CHICAGO OHARE INTERNATIONAL AIRPORT, IL US",2023-07-24,41.96017,-87.93164,204.8,31.7,25.6,20.0,0.0,0.0,5.4,7.2,1.7,,
USW00094846,"CHICAGO OHARE INTERNATIONAL AIRPORT, IL US",2023-07-25,41.96017,-87.93164,204.8,32.8,26.3,21.1,0.0,0.0,6.7,9.4,3.0,,
USW00094846,"CHICAGO OHARE INTERNATIONAL AIRPORT, IL US",2023-07-26,41.96017,-87.93164,204.8,32.2,27.3,21.7,0.0,9.7,8.1,11.2,3.6,    1,    1
USW00094846,"CHICAGO OHARE INTERNATIONAL AIRPORT, IL US",2023-07-27,41.96017,-87.93164,204.8,33.3,28.2,22.2,0.0,0.0,5.8,8.5,1.7,,
USW00094846,"CHICAGO OHARE INTERNATIONAL AIRPORT, IL US",2023-07-28,41.96017,-87.93164,204.8,33.9,28.7,21.1,0.0,34.0,16.5,23.7,4.6,    1,    1
USW00094846,"CHICAGO OHARE INTERNATIONAL AIRPORT, IL US",2023-07-29,41.96017,-87.93164,204.8,28.3,24.6,20.6,0.0,0.0,8.9,12.5,3.4,,
USW00094846,"CHICAGO OHARE INTERNATIONAL AIRPORT, IL US",2023-07-30,41.96017,-87.93164,204.8,26.7,23.3,19.4,0.0,0.0,8.1,11.6,3.2,,
USW00094846,"CHICAGO OHARE INTERNATIONAL AIRPORT, IL US",2023-07-31,41.96017,-87.93164,204.8,28.3,22.8,17.8,0.0,0.0,5.8,7.6,2.0,,
