STATION,NAME,DATE,LATITUDE,LONGITUDE,ELEVATION,TMAX,TAVG,TMIN,SNOW,PRCP,WSF2,WSF5,AWND,WT01,WT03
USW00094846,"CHICAGO OHARE INTERNATIONAL AIRPORT, IL US",2023-06-01,41.96017,-87.93164,204.8,32.8,25.4,20.0,0.0,22.4,14.3,23.3,2.1,,    1
USW00094846,"CHICAGO OHARE INTERNATIONAL AIRPORT, IL US",2023-06-02,41.96017,-87.93164,204.8,32.8,25.6,18.3,0.0,0.0,7.2,10.7,3.4,,
USW00094846,"CHICAGO OHARE INTERNATIONAL AIRPORT, IL US",2023-06-03,41.96017,-87.93164,204.8,30.6,24.7,17.2,0.0,0.0,8.9,10.7,4.5,,
USW00094846,"CHICAGO OHARE INTERNATIONAL AIRPORT, IL US",2023-06-04,41.96017,-87.93164,204.8,25.0,22.5,15.0,0.0,0.0,6.7,8.9,4.1,,
USW00094846,"CHICAGO OHARE INTERNATIONAL AIRPORT, IL US",2023-06-05,41.96017,-87.93164,204.8,28.9,20.7,13.3,0.0,0.0,6.3,8.1,1.8,,
USW00094846,"CHICAGO OHARE INTERNATIONAL AIRPORT, IL US",2023-06-06,41.96017,-87.93164,204.8,25.0,21.4,16.1,0.0,0.0,9.4,11.6,3.7,,
USW00094846,"CHICAGO OHARE INTERNATIONAL AIRPORT, IL US",2023-06-07,41.96017,-87.93164,204.8,23.9,18.7,12.8,0.0,0.0,10.7,14.3,4.9,,
USW00094846,"CHICAGO OHARE INTERNATIONAL AIRPORT, IL US",2023-06-08,41.96017,-87.93164,204.8,23.9,17.4,10.6,0.0,0.0,7.2,10.3,3.7,,
USW00094846,"CHICAGO OHARE INTERNATIONAL AIRPORT, IL US",2023-06-09,41.96017,-87.93164,204.8,28.3,19.6,12.8,0.0,0.0,6.7,8.9,2.7,,
USW00094846,"CHICAGO OHARE INTERNATIONAL AIRPORT, IL US",2023-06-10,41.96017,-87.93164,204.8,30.0,23.2,16.7,0.0,0.0,9.8,12.5,3.8,,
USW00094846,"CHICAGO OHARE INTERNATIONAL AIRPORT, IL US",2023-06-11,41.96017,-87.93164,204.8,17.8,16.7,10.0,0.0,1.3,12.5,17.0,8.3,    1,
USW00094846,"CHICAGO OHARE INTERNATIONAL AIRPORT, IL US",2023-06-12,41.96017,-87.93164,204.8,21.1,14.1,9.4,0.0,0.0,8.9,13.4,4.2,,
USW00094846,"CHICAGO OHARE INTERNATIONAL AIRPORT, IL US",2023-06-13,41.96017,-87.93164,204.8,18.3,16.2,12.8,0.0,13.7,9.8,16.1,4.3,    1,
USW00094846,"CHICAGO OHARE INTERNATIONAL AIRPORT, IL US",2023-06-14,41.96017,-87.93164,204.8,25.0,18.5,15.0,0.0,0.0,5.8,7.2,2.1,,
USW00094846,"CHICAGO OHARE INTERNATIONAL AIRPORT, IL US",2023-06-15,41.96017,-87.93164,204.8,26.7,19.5,11.7,0.0,0.0,9.4,12.1,5.1,,
USW00094846,"CHICAGO OHARE INTERNATIONAL AIRPORT, IL US",2023-06-16,41.96017,-87.93164,204.8,20.0,14.6,11.1,0.0,0.0,8.1,10.7,4.5,,
USW00094846,"CHICAGO OHARE INTERNATIONAL AIRPORT, IL US",2023-06-17,41.96017,-87.93164,204.8,27.2,18.7,11.7,0.0,0.0,5.8,8.5,2.0,    1,
USW00094846,"CHICAGO OHARE INTERNATIONAL AIRPORT, IL US",2023-06-18,41.96017,-87.93164,204.8,30.0,22.5,15.6,0.0,0.0,8.9,11.6,3.6,,
USW00094846,"CHICAGO OHARE INTERNATIONAL AIRPORT, IL US",2023-06-19,41.96017,-87.93164,204.8,30.6,24.1,16.1,0.0,0.0,7.6,10.7,3.8,,
USW00094846,"CHICAGO OHARE INTERNATIONAL AIRPORT, IL US",2023-06-20,41.96017,-87.93164,204.8,28.3,22.8,15.6,0.0,0.0,9.8,12.5,4.9,,
USW00094846,"CHICAGO OHARE INTERNATIONAL AIRPORT, IL US",2023-06-21,41.96017,-87.93164,204.8,31.1,23.8,16.1,0.0,0.0,9.4,11.2,4.6,,
USW00094846,"CHICAGO OHARE INTERNATIONAL AIRPORT, IL US",2023-06-22,41.96017,-87.93164,204.8,30.0,24.4,18.9,0.0,0.0,9.4,12.5,4.4,,
USW00094846,"CHICAGO OHARE INTERNATIONAL AIRPORT, IL US",2023-06-23,41.96017,-87.93164,204.8,30.0,23.9,18.3,0.0,0.0,7.6,10.7,3.2,,
USW00094846,"CHICAGO OHARE INTERNATIONAL AIRPORT, IL US",2023-06-24,41.96017,-87.93164,204.8,33.9,25.8,18.9,0.0,0.5,9.4,13.9,2.9,,    1
USW00094846,"CHICAGO OHARE INTERNATIONAL AIRPORT, IL US",2023-06-25,41.96017,-87.93164,204.8,30.0,25.3,20.0,0.0,19.6,13.9,19.7,6.0,    1,    1
USW00094846,"CHICAGO OHARE INTERNATIONAL AIRPORT, IL US",2023-06-26,41.96017,-87.93164,204.8,23.9,21.4,20.0,0.0,1.0,10.3,14.3,5.5,    1,
USW00094846,"CHICAGO OHARE INTERNATIONAL AIRPORT, IL US",2023-06-27,41.96017,-87.93164,204.8,25.6,21.4,17.2,0.0,0.0,7.2,10.3,3.9,,
USW00094846,"CHICAGO OHARE INTERNATIONAL AIRPORT, IL US",2023-06-28,41.96017,-87.93164,204.8,29.4,21.4,14.4,0.0,0.0,8.1,10.7,3.0,,
USW00094846,"CHICAGO OHARE INTERNATIONAL AIRPORT, IL US",2023-06-29,41.96017,-87.93164,204.8,31.1,25.7,22.2,0.0,1.5,6.3,8.5,3.7,    1,    1
USW00094846,"CHICAGO OHARE INTERNATIONAL AIRPORT, IL US",2023-06-30,41.96017,-87.93164,204.8,32.8,26.5,22.2,0.0,0.0,8.1,11.6,2.6,    1,    1
