STATION,NAME,DATE,LATITUDE,LONGITUDE,ELEVATION,TMAX,TMIN,PRCP,WSF2,WSF5,AWND,WT01,WT03
USW00094892,"CHICAGO WEST CHICAGO DUPAGE AIRPORT, IL US",2024-05-01,41.89641,-88.25119,228.3,23.9,10.6,0.0,11.2,15.7,4.6,,
USW00094892,"CHICAGO WEST CHICAGO DUPAGE AIRPORT, IL US",2024-05-02,41.89641,-88.25119,228.3,25.0,10.6,16.3,14.8,24.6,4.0,    1,    1
USW00094892,"CHICAGO WEST CHICAGO DUPAGE AIRPORT, IL US",2024-05-03,41.89641,-88.25119,228.3,22.2,6.7,1.3,8.1,10.7,3.4,    1,
USW00094892,"CHICAGO WEST CHICAGO DUPAGE AIRPORT, IL US",2024-05-04,41.89641,-88.25119,228.3,26.1,5.6,6.4,9.4,18.8,3.5,    1,    1
USW00094892,"CHICAGO WEST CHICAGO DUPAGE AIRPORT, IL US",2024-05-05,41.89641,-88.25119,228.3,18.9,7.8,0.0,6.3,9.4,3.0,,
USW00094892,"CHICAGO WEST CHICAGO DUPAGE AIRPORT, IL US",2024-05-06,41.89641,-88.25119,228.3,22.2,7.2,0.0,7.2,10.3,3.4,,
USW00094892,"CHICAGO WEST CHICAGO DUPAGE AIRPORT, IL US",2024-05-07,41.89641,-88.25119,228.3,24.4,13.9,11.4,11.2,16.1,4.9,    1,    1
USW00094892,"CHICAGO WEST CHICAGO DUPAGE AIRPORT, IL US",2024-05-08,41.89641,-88.25119,228.3,26.1,10.0,0.0,8.1,11.2,3.4,,
USW00094892,"CHICAGO WEST CHICAGO DUPAGE AIRPORT, IL US",2024-05-09,41.89641,-88.25119,228.3,16.1,8.3,13.2,8.1,11.2,4.6,    1,    1
USW00094892,"CHICAGO WEST CHICAGO DUPAGE AIRPORT, IL US",2024-05-10,41.89641,-88.25119,228.3,19.4,6.7,0.5,9.8,13.0,3.8,,    1
USW00094892,"CHICAGO WEST CHICAGO DUPAGE AIRPORT, IL US",2024-05-11,41.89641,-88.25119,228.3,21.7,8.9,0.0,11.2,15.2,4.7,,
USW00094892,"CHICAGO WEST CHICAGO DUPAGE AIRPORT, IL US",2024-05-12,41.89641,-88.25119,228.3,27.8,7.2,0.0,9.4,12.5,4.3,    1,
USW00094892,"CHICAGO WEST CHICAGO DUPAGE AIRPORT, IL US",2024-05-13,41.89641,-88.25119,228.3,26.7,15.6,3.0,10.3,14.3,4.1,    1,
USW00094892,"CHICAGO WEST CHICAGO DUPAGE AIRPORT, IL US",2024-05-14,41.89641,-88.25119,228.3,18.3,9.4,0.5,9.4,13.0,4.9,    1,
USW00094892,"CHICAGO WEST CHICAGO DUPAGE AIRPORT, IL US",2024-05-15,41.89641,-88.25119,228.3,21.1,9.4,0.0,7.6,10.7,4.2,,
USW00094892,"CHICAGO WEST CHICAGO DUPAGE AIRPORT, IL US",2024-05-16,41.89641,-88.25119,228.3,23.9,8.9,0.0,9.8,13.0,3.4,    1,
USW00094892,"CHICAGO WEST CHICAGO DUPAGE AIRPORT, IL US",2024-05-17,41.89641,-88.25119,228.3,27.2,11.7,0.0,6.3,8.1,1.8,    1,
USW00094892,"CHICAGO WEST CHICAGO DUPAGE AIRPORT, IL US",2024-05-18,41.89641,-88.25119,228.3,29.4,13.3,0.0,7.2,10.3,3.0,    1,
USW00094892,"CHICAGO WEST CHICAGO DUPAGE AIRPORT, IL US",2024-05-19,41.89641,-88.25119,228.3,25.6,15.6,0.0,6.7,8.5,3.3,,
USW00094892,"CHICAGO WEST CHICAGO DUPAGE AIRPORT, IL US",2024-05-20,41.89641,-88.25119,228.3,28.9,13.9,1.3,13.0,18.3,4.7,,    1
USW00094892,"CHICAGO WEST CHICAGO DUPAGE AIRPORT, IL US",2024-05-21,41.89641,-88.25119,228.3,31.7,16.7,0.0,17.0,25.0,7.2,    1,
USW00094892,"CHICAGO WEST CHICAGO DUPAGE AIRPORT, IL US",2024-05-22,41.89641,-88.25119,228.3,25.6,15.0,0.0,16.1,21.9,7.0,,
USW00094892,"CHICAGO WEST CHICAGO DUPAGE AIRPORT, IL US",2024-05-23,41.89641,-88.25119,228.3,26.7,11.7,0.0,5.8,8.1,2.1,,
USW00094892,"CHICAGO WEST CHICAGO DUPAGE AIRPORT, IL US",2024-05-24,41.89641,-88.25119,228.3,23.9,15.6,3.8,12.5,16.1,4.3,,    1
USW00094892,"CHICAGO WEST CHICAGO DUPAGE AIRPORT, IL US",2024-05-25,41.89641,-88.25119,228.3,25.0,12.2,0.0,7.6,11.2,3.3,,
USW00094892,"CHICAGO WEST CHICAGO DUPAGE AIRPORT, IL US",2024-05-26,41.89641,-88.25119,228.3,22.8,13.3,21.8,9.8,13.4,4.7,    1,    1
USW00094892,"CHICAGO WEST CHICAGO DUPAGE AIRPORT, IL US",2024-05-27,41.89641,-88.25119,228.3,23.9,12.8,0.0,9.4,14.8,5.6,    1,
USW00094892,"CHICAGO WEST CHICAGO DUPAGE AIRPORT, IL US",2024-05-28,41.89641,-88.25119,228.3,22.8,11.7,7.4,9.8,14.3,4.0,    1,    1
USW00094892,"CHICAGO WEST CHICAGO DUPAGE AIRPORT, IL US",2024-05-29,41.89641,-88.25119,228.3,21.7,8.3,0.0,7.6,11.6,3.7,,
USW00094892,"CHICAGO WEST CHICAGO DUPAGE AIRPORT, IL US",2024-05-30,41.89641,-88.25119,228.3,22.2,5.0,0.0,7.6,10.3,2.9,,
USW00094892,"CHICAGO WEST CHICAGO DUPAGE AIRPORT, IL US",2024-05-31,41.89641,-88.25119,228.3,26.1,6.7,0.0,7.2,10.3,2.8,,
