STATION,NAME,DATE,LATITUDE,LONGITUDE,ELEVATION,TMAX,TMIN,PRCP,WSF2,WSF5,AWND,WT01,WT03
USW00094892,"CHICAGO WEST CHICAGO DUPAGE AIRPORT, IL US",2023-06-01,41.89641,-88.25119,228.3,32.8,16.7,1.5,11.6,16.5,2.0,,    1
USW00094892,"CHICAGO WEST CHICAGO DUPAGE AIRPORT, IL US",2023-06-02,41.89641,-88.25119,228.3,32.8,16.1,0.0,7.2,9.8,3.1,    1,
USW00094892,"CHICAGO WEST CHICAGO DUPAGE AIRPORT, IL US",2023-06-03,41.89641,-88.25119,228.3,32.2,16.1,0.0,8.9,11.2,3.9,,
USW00094892,"CHICAGO WEST CHICAGO DUPAGE AIRPORT, IL US",2023-06-04,41.89641,-88.25119,228.3,26.1,11.7,0.0,8.1,10.7,3.8,,
USW00094892,"CHICAGO WEST CHICAGO DUPAGE AIRPORT, IL US",2023-06-05,41.89641,-88.25119,228.3,30.0,9.4,0.0,5.4,7.6,1.3,,
USW00094892,"CHICAGO WEST CHICAGO DUPAGE AIRPORT, IL US",2023-06-06,41.89641,-88.25119,228.3,27.2,15.0,0.0,7.6,10.7,2.2,,
USW00094892,"CHICAGO WEST CHICAGO DUPAGE AIRPORT, IL US",2023-06-07,41.89641,-88.25119,228.3,24.4,9.4,0.0,8.1,11.2,4.0,,
USW00094892,"CHICAGO WEST CHICAGO DUPAGE AIRPORT, IL US",2023-06-08,41.89641,-88.25119,228.3,23.9,6.7,0.0,8.1,9.8,2.6,,
USW00094892,"CHICAGO WEST CHICAGO DUPAGE AIRPORT, IL US",2023-06-09,41.89641,-88.25119,228.3,27.8,7.8,0.0,5.8,7.6,2.3,,
USW00094892,"CHICAGO WEST CHICAGO DUPAGE AIRPORT, IL US",2023-06-10,41.89641,-88.25119,228.3,29.4,11.7,0.0,9.4,12.1,2.0,,
USW00094892,"CHICAGO WEST CHICAGO DUPAGE AIRPORT, IL US",2023-06-11,41.89641,-88.25119,228.3,18.3,11.1,1.0,10.3,13.9,6.4,    1,
USW00094892,"CHICAGO WEST CHICAGO DUPAGE AIRPORT, IL US",2023-06-12,41.89641,-88.25119,228.3,21.7,7.8,0.0,10.3,14.3,4.7,,
USW00094892,"CHICAGO WEST CHICAGO DUPAGE AIRPORT, IL US",2023-06-13,41.89641,-88.25119,228.3,20.0,12.8,3.6,11.2,15.2,4.7,    1,
USW00094892,"CHICAGO WEST CHICAGO DUPAGE AIRPORT, IL US",2023-06-14,41.89641,-88.25119,228.3,26.1,15.0,0.0,5.4,7.2,1.6,    1,
USW00094892,"CHICAGO WEST CHICAGO DUPAGE AIRPORT, IL US",2023-06-15,41.89641,-88.25119,228.3,27.8,8.9,0.0,8.1,11.2,3.9,    1,
USW00094892,"CHICAGO WEST CHICAGO DUPAGE AIRPORT, IL US",2023-06-16,41.89641,-88.25119,228.3,21.7,8.3,0.0,6.7,9.4,3.5,,
USW00094892,"CHICAGO WEST CHICAGO DUPAGE AIRPORT, IL US",2023-06-17,41.89641,-88.25119,228.3,28.3,8.3,0.0,6.3,7.6,2.2,    1,
USW00094892,"CHICAGO WEST CHICAGO DUPAGE AIRPORT, IL US",2023-06-18,41.89641,-88.25119,228.3,30.0,10.6,0.0,7.6,11.6,2.8,,
USW00094892,"CHICAGO WEST CHICAGO DUPAGE AIRPORT, IL US",2023-06-19,41.89641,-88.25119,228.3,30.0,13.9,0.0,9.8,13.9,3.8,    1,
USW00094892,"CHICAGO WEST CHICAGO DUPAGE AIRPORT, IL US",2023-06-20,41.89641,-88.25119,228.3,30.0,12.8,0.0,8.9,11.6,4.1,,
USW00094892,"CHICAGO WEST CHICAGO DUPAGE AIRPORT, IL US",2023-06-21,41.89641,-88.25119,228.3,31.1,14.4,0.0,9.4,12.5,4.2,,
USW00094892,"CHICAGO WEST CHICAGO DUPAGE AIRPORT, IL US",2023-06-22,41.89641,-88.25119,228.3,30.0,15.6,0.0,7.6,12.5,3.6,,
USW00094892,"CHICAGO WEST CHICAGO DUPAGE AIRPORT, IL US",2023-06-23,41.89641,-88.25119,228.3,31.1,15.0,0.0,6.7,9.4,2.7,,
USW00094892,"CHICAGO WEST CHICAGO DUPAGE AIRPORT, IL US",2023-06-24,41.89641,-88.25119,228.3,32.8,15.6,3.6,12.5,15.2,2.3,    1,    1
USW00094892,"CHICAGO WEST CHICAGO DUPAGE AIRPORT, IL US",2023-06-25,41.89641,-88.25119,228.3,28.9,19.4,17.8,13.4,19.2,6.5,    1,    1
USW00094892,"CHICAGO WEST CHICAGO DUPAGE AIRPORT, IL US",2023-06-26,41.89641,-88.25119,228.3,23.9,18.3,0.0,10.7,14.8,5.8,,
USW00094892,"CHICAGO WEST CHICAGO DUPAGE AIRPORT, IL US",2023-06-27,41.89641,-88.25119,228.3,26.1,13.9,0.0,6.7,9.8,2.9,    1,
USW00094892,"CHICAGO WEST CHICAGO DUPAGE AIRPORT, IL US",2023-06-28,41.89641,-88.25119,228.3,28.9,11.7,0.0,6.7,8.9,2.5,    1,
USW00094892,"CHICAGO WEST CHICAGO DUPAGE AIRPORT, IL US",2023-06-29,41.89641,-88.25119,228.3,30.0,20.0,2.3,7.2,8.9,3.3,    1,    1
USW00094892,"CHICAGO WEST CHICAGO DUPAGE AIRPORT, IL US",2023-06-30,41.89641,-88.25119,228.3,31.1,18.9,0.0,10.3,13.0,2.2,    1,    1
