STATION,NAME,DATE,LATITUDE,LONGITUDE,ELEVATION,TMAX,TMIN,PRCP,WSF2,WSF5,AWND,WT01,WT03
USW00004808,"CHICAGO AURORA MUNICIPAL AIRPORT, IL US",2022-05-01,41.77132,-88.48148,213.7,12.2,9.4,0.0,11.2,16.5,6.3,,
USW00004808,"CHICAGO AURORA MUNICIPAL AIRPORT, IL US",2022-05-02,41.77132,-88.48148,213.7,12.8,7.8,0.0,7.6,9.8,3.7,,
USW00004808,"CHICAGO AURORA MUNICIPAL AIRPORT, IL US",2022-05-03,41.77132,-88.48148,213.7,10.0,5.6,23.1,11.2,14.3,6.9,    1,
USW00004808,"CHICAGO AURORA MUNICIPAL AIRPORT, IL US",2022-05-04,41.77132,-88.48148,213.7,16.1,1.7,0.0,6.3,8.5,3.6,,
USW00004808,"CHICAGO AURORA MUNICIPAL AIRPORT, IL US",2022-05-05,41.77132,-88.48148,213.7,12.8,6.1,5.8,7.6,10.3,4.1,    1,
USW00004808,"CHICAGO AURORA MUNICIPAL AIRPORT, IL US",2022-05-06,41.77132,-88.48148,213.7,11.7,8.9,3.8,10.7,14.8,6.1,    1,
USW00004808,"CHICAGO AURORA MUNICIPAL AIRPORT, IL US",2022-05-07,41.77132,-88.48148,213.7,18.9,7.2,0.0,9.4,12.5,5.2,,
USW00004808,"CHICAGO AURORA MUNICIPAL AIRPORT, IL US",2022-05-08,41.77132,-88.48148,213.7,18.9,4.4,0.0,10.7,14.3,5.9,,
USW00004808,"CHICAGO AURORA MUNICIPAL AIRPORT, IL US",2022-05-09,41.77132,-88.48148,213.7,28.3,13.3,0.0,15.7,21.5,9.6,,
USW00004808,"CHICAGO AURORA MUNICIPAL AIRPORT, IL US",2022-05-10,41.77132,-88.48148,213.7,32.8,19.4,0.0,9.8,13.4,5.1,    1,
USW00004808,"CHICAGO AURORA MUNICIPAL AIRPORT, IL US",2022-05-11,41.77132,-88.48148,213.7,33.3,22.2,0.0,7.6,10.3,3.4,    1,
USW00004808,"CHICAGO AURORA MUNICIPAL AIRPORT, IL US",2022-05-12,41.77132,-88.48148,213.7,32.8,20.0,0.0,9.4,13.4,5.1,    1,
USW00004808,"CHICAGO AURORA MUNICIPAL AIRPORT, IL US",2022-05-13,41.77132,-88.48148,213.7,31.7,16.1,0.0,9.4,11.6,4.3,,
USW00004808,"CHICAGO AURORA MUNICIPAL AIRPORT, IL US",2022-05-14,41.77132,-88.48148,213.7,30.0,15.0,0.0,5.8,8.5,2.0,    1,
USW00004808,"CHICAGO AURORA MUNICIPAL AIRPORT, IL US",2022-05-15,41.77132,-88.48148,213.7,23.3,11.1,0.3,8.9,10.7,3.4,,
USW00004808,"CHICAGO AURORA MUNICIPAL AIRPORT, IL US",2022-05-16,41.77132,-88.48148,213.7,25.6,7.2,0.0,12.5,16.1,5.0,    1,
USW00004808,"CHICAGO AURORA MUNICIPAL AIRPORT, IL US",2022-05-17,41.77132,-88.48148,213.7,22.2,8.9,0.0,8.1,9.8,3.5,,
USW00004808,"CHICAGO AURORA MUNICIPAL AIRPORT, IL US",2022-05-18,41.77132,-88.48148,213.7,17.8,10.0,5.8,7.6,9.8,3.3,    1,    1
USW00004808,"CHICAGO AURORA MUNICIPAL AIRPORT, IL US",2022-05-19,41.77132,-88.48148,213.7,29.4,8.3,0.0,9.8,13.4,4.6,    1,
USW00004808,"CHICAGO AURORA MUNICIPAL AIRPORT, IL US",2022-05-20,41.77132,-88.48148,213.7,29.4,15.0,8.4,13.0,18.3,6.0,    1,    1
USW00004808,"CHICAGO AURORA MUNICIPAL AIRPORT, IL US",2022-05-21,41.77132,-88.48148,213.7,15.6,11.7,18.0,8.1,13.0,2.6,    1,    1
USW00004808,"CHICAGO AURORA MUNICIPAL AIRPORT, IL US",2022-05-22,41.77132,-88.48148,213.7,16.7,7.2,0.0,8.9,12.5,4.5,,
USW00004808,"CHICAGO AURORA MUNICIPAL AIRPORT, IL US",2022-05-23,41.77132,-88.48148,213.7,16.7,5.6,0.0,7.6,10.7,3.6,,
USW00004808,"CHICAGO AURORA MUNICIPAL AIRPORT, IL US",2022-05-24,41.77132,-88.48148,213.7,20.6,7.8,0.0,11.2,15.2,6.0,,
USW00004808,"CHICAGO AURORA MUNICIPAL AIRPORT, IL US",2022-05-25,41.77132,-88.48148,213.7,25.0,12.8,20.8,11.6,17.0,5.4,    1,    1
USW00004808,"CHICAGO AURORA MUNICIPAL AIRPORT, IL US",2022-05-26,41.77132,-88.48148,213.7,25.0,16.7,15.7,7.6,10.7,4.2,    1,    1
USW00004808,"CHICAGO AURORA MUNICIPAL AIRPORT, IL US",2022-05-27,41.77132,-88.48148,213.7,16.7,9.4,14.2,8.9,11.6,3.6,    1,
USW00004808,"CHICAGO AURORA MUNICIPAL AIRPORT, IL US",2022-05-28,41.77132,-88.48148,213.7,22.8,8.3,0.0,11.2,13.9,3.7,    1,
USW00004808,"CHICAGO AURORA MUNICIPAL AIRPORT, IL US",2022-05-29,41.77132,-88.48148,213.7,28.9,15.6,0.0,11.6,16.5,7.7,,
USW00004808,"CHICAGO AURORA MUNICIPAL AIRPORT, IL US",2022-05-30,41.77132,-88.48148,213.7,31.1,18.9,0.0,12.5,17.9,7.6,,
USW00004808,"CHICAGO AURORA MUNICIPAL AIRPORT, IL US",2022-05-31,41.77132,-88.48148,213.7,28.9,20.0,10.2,9.8,14.3,5.9,    1,    1
