STATION,NAME,DATE,LATITUDE,LONGITUDE,ELEVATION,TMAX,TMIN,PRCP,WSF2,WSF5,AWND,WT01,WT03
USW00014880,"CHICAGO WAUKEGAN REGIONAL AIRPORT, IL US",2023-07-01,42.42546,-87.8634,216.5,30.0,20.0,13.2,5.4,6.3,1.7,    1,    1
USW00014880,"CHICAGO WAUKEGAN REGIONAL AIRPORT, IL US",2023-07-02,42.42546,-87.8634,216.5,21.7,17.8,17.0,6.7,8.9,2.7,    1,    1
USW00014880,"CHICAGO WAUKEGAN REGIONAL AIRPORT, IL US",2023-07-03,42.42546,-87.8634,216.5,27.8,16.7,0.0,5.4,6.7,2.5,,
USW00014880,"CHICAGO WAUKEGAN REGIONAL AIRPORT, IL US",2023-07-04,42.42546,-87.8634,216.5,32.2,19.4,2.5,6.7,8.9,2.7,    1,    1
USW00014880,"CHICAGO WAUKEGAN REGIONAL AIRPORT, IL US",2023-07-05,42.42546,-87.8634,216.5,31.1,20.6,25.7,11.6,15.7,2.4,    1,    1
USW00014880,"CHICAGO WAUKEGAN REGIONAL AIRPORT, IL US",2023-07-06,42.42546,-87.8634,216.5,24.4,16.7,0.0,6.3,8.1,2.4,,
USW00014880,"CHICAGO WAUKEGAN REGIONAL AIRPORT, IL US",2023-07-07,42.42546,-87.8634,216.5,24.4,16.7,0.3,5.4,7.2,2.4,,
USW00014880,"CHICAGO WAUKEGAN REGIONAL AIRPORT, IL US",2023-07-08,42.42546,-87.8634,216.5,22.8,16.1,1.3,4.5,8.5,2.0,    1,
USW00014880,"CHICAGO WAUKEGAN REGIONAL AIRPORT, IL US",2023-07-09,42.42546,-87.8634,216.5,28.3,16.1,0.0,5.8,7.6,2.2,,
USW00014880,"CHICAGO WAUKEGAN REGIONAL AIRPORT, IL US",2023-07-10,42.42546,-87.8634,216.5,30.6,16.1,0.0,9.8,12.1,4.9,,
USW00014880,"CHICAGO WAUKEGAN REGIONAL AIRPORT, IL US",2023-07-11,42.42546,-87.8634,216.5,27.2,16.7,0.0,7.2,10.3,3.6,,    1
USW00014880,"CHICAGO WAUKEGAN REGIONAL AIRPORT, IL US",2023-07-12,42.42546,-87.8634,216.5,21.1,17.2,17.8,9.8,16.1,3.4,    1,    1
USW00014880,"CHICAGO WAUKEGAN REGIONAL AIRPORT, IL US",2023-07-13,42.42546,-87.8634,216.5,22.8,16.1,0.0,5.8,7.6,2.4,,
USW00014880,"CHICAGO WAUKEGAN REGIONAL AIRPORT, IL US",2023-07-14,42.42546,-87.8634,216.5,32.2,19.4,0.0,9.4,12.5,4.2,,    1
USW00014880,"CHICAGO WAUKEGAN REGIONAL AIRPORT, IL US",2023-07-15,42.42546,-87.8634,216.5,30.0,18.9,0.0,6.7,8.9,3.0,,    1
USW00014880,"CHICAGO WAUKEGAN REGIONAL AIRPORT, IL US",2023-07-16,42.42546,-87.8634,216.5,27.8,17.8,5.3,9.4,14.8,3.8,,    1
USW00014880,"CHICAGO WAUKEGAN REGIONAL AIRPORT, IL US",2023-07-17,42.42546,-87.8634,216.5,26.1,16.7,0.3,7.2,9.8,2.7,    1,    1
USW00014880,"CHICAGO WAUKEGAN REGIONAL AIRPORT, IL US",2023-07-18,42.42546,-87.8634,216.5,25.0,15.0,0.0,5.4,7.6,2.2,,
USW00014880,"CHICAGO WAUKEGAN REGIONAL AIRPORT, IL US",2023-07-19,42.42546,-87.8634,216.5,26.7,13.3,0.0,5.4,7.6,2.2,,
USW00014880,"CHICAGO WAUKEGAN REGIONAL AIRPORT, IL US",2023-07-20,42.42546,-87.8634,216.5,30.0,17.2,0.0,8.9,13.4,4.2,,
USW00014880,"CHICAGO WAUKEGAN REGIONAL AIRPORT, IL US",2023-07-21,42.42546,-87.8634,216.5,25.6,16.1,0.0,4.5,6.3,2.1,,
USW00014880,"CHICAGO WAUKEGAN REGIONAL AIRPORT, IL US",2023-07-22,42.42546,-87.8634,216.5,28.9,15.6,7.9,8.1,13.9,3.2,    1,    1
USW00014880,"CHICAGO WAUKEGAN REGIONAL AIRPORT, IL US",2023-07-23,42.42546,-87.8634,216.5,28.9,16.7,2.3,8.1,10.7,2.2,,
USW00014880,"CHICAGO WAUKEGAN REGIONAL AIRPORT, IL US",2023-07-24,42.42546,-87.8634,216.5,30.0,17.8,0.0,4.5,5.8,2.0,,
USW00014880,"CHICAGO WAUKEGAN REGIONAL AIRPORT, IL US",2023-07-25,42.42546,-87.8634,216.5,31.1,18.3,0.0,6.7,8.9,3.1,,
USW00014880,"CHICAGO WAUKEGAN REGIONAL AIRPORT, IL US",2023-07-26,42.42546,-87.8634,216.5,29.4,21.1,8.6,9.8,21.5,3.8,,    1
USW00014880,"CHICAGO WAUKEGAN REGIONAL AIRPORT, IL US",2023-07-27,42.42546,-87.8634,216.5,29.4,19.4,0.0,5.4,8.1,1.9,    1,
USW00014880,"CHICAGO WAUKEGAN REGIONAL AIRPORT, IL US",2023-07-28,42.42546,-87.8634,216.5,32.8,20.0,74.2,17.9,25.5,4.4,    1,    1
USW00014880,"CHICAGO WAUKEGAN REGIONAL AIRPORT, IL US",2023-07-29,42.42546,-87.8634,216.5,26.1,18.3,0.0,8.9,11.2,2.5,    1,
USW00014880,"CHICAGO WAUKEGAN REGIONAL AIRPORT, IL US",2023-07-30,42.42546,-87.8634,216.5,25.0,16.1,0.0,6.7,9.4,2.7,,
USW00014880,"CHICAGO WAUKEGAN REGIONAL AIRPORT, IL US",2023-07-31,42.42546,-87.8634,216.5,27.2,15.0,0.0,4.5,7.2,2.1,,
