STATION,NAME,DATE,LATITUDE,LONGITUDE,ELEVATION,TMAX,TMIN,PRCP,WSF2,WSF5,AWND,WT01,WT03
USW00014880,"CHICAGO WAUKEGAN REGIONAL AIRPORT, IL US",2024-05-01,42.42546,-87.8634,216.5,23.9,10.0,0.0,10.3,15.2,4.8,,
USW00014880,"CHICAGO WAUKEGAN REGIONAL AIRPORT, IL US",2024-05-02,42.42546,-87.8634,216.5,21.1,10.0,5.6,7.6,13.0,3.8,    1,    1
USW00014880,"CHICAGO WAUKEGAN REGIONAL AIRPORT, IL US",2024-05-03,42.42546,-87.8634,216.5,19.4,6.7,5.3,7.2,8.9,2.6,    1,
USW00014880,"CHICAGO WAUKEGAN REGIONAL AIRPORT, IL US",2024-05-04,42.42546,-87.8634,216.5,21.1,6.7,11.7,9.8,18.3,3.1,    1,    1
USW00014880,"CHICAGO WAUKEGAN REGIONAL AIRPORT, IL US",2024-05-05,42.42546,-87.8634,216.5,16.7,7.8,0.0,6.3,8.1,2.6,,
USW00014880,"CHICAGO WAUKEGAN REGIONAL AIRPORT, IL US",2024-05-06,42.42546,-87.8634,216.5,18.3,7.2,0.0,6.7,8.9,2.7,,
USW00014880,"CHICAGO WAUKEGAN REGIONAL AIRPORT, IL US",2024-05-07,42.42546,-87.8634,216.5,19.4,9.4,25.4,7.2,11.6,3.4,    1,    1
USW00014880,"CHICAGO WAUKEGAN REGIONAL AIRPORT, IL US",2024-05-08,42.42546,-87.8634,216.5,23.3,7.8,0.0,5.8,8.1,2.8,,
USW00014880,"CHICAGO WAUKEGAN REGIONAL AIRPORT, IL US",2024-05-09,42.42546,-87.8634,216.5,12.8,8.9,4.3,,,,,
USW00014880,"CHICAGO WAUKEGAN REGIONAL AIRPORT, IL US",2024-05-10,42.42546,-87.8634,216.5,20.0,7.2,2.3,9.4,14.8,3.2,    1,    1
USW00014880,"CHICAGO WAUKEGAN REGIONAL AIRPORT, IL US",2024-05-11,42.42546,-87.8634,216.5,18.9,7.8,0.0,8.9,14.3,3.5,    1,
USW00014880,"CHICAGO WAUKEGAN REGIONAL AIRPORT, IL US",2024-05-12,42.42546,-87.8634,216.5,28.3,8.3,3.8,9.8,15.7,5.0,    1,    1
USW00014880,"CHICAGO WAUKEGAN REGIONAL AIRPORT, IL US",2024-05-13,42.42546,-87.8634,216.5,27.8,11.1,19.3,8.1,11.6,4.0,    1,    1
USW00014880,"CHICAGO WAUKEGAN REGIONAL AIRPORT, IL US",2024-05-14,42.42546,-87.8634,216.5,12.8,9.4,0.5,8.9,12.5,5.1,,
USW00014880,"CHICAGO WAUKEGAN REGIONAL AIRPORT, IL US",2024-05-15,42.42546,-87.8634,216.5,17.8,8.3,0.0,6.7,10.3,3.9,,
USW00014880,"CHICAGO WAUKEGAN REGIONAL AIRPORT, IL US",2024-05-16,42.42546,-87.8634,216.5,23.3,7.8,0.0,8.1,10.7,3.3,,
USW00014880,"CHICAGO WAUKEGAN REGIONAL AIRPORT, IL US",2024-05-17,42.42546,-87.8634,216.5,21.7,11.1,0.0,5.8,7.2,2.2,    1,
USW00014880,"CHICAGO WAUKEGAN REGIONAL AIRPORT, IL US",2024-05-18,42.42546,-87.8634,216.5,26.1,11.1,0.0,7.2,9.4,2.2,    1,
USW00014880,"CHICAGO WAUKEGAN REGIONAL AIRPORT, IL US",2024-05-19,42.42546,-87.8634,216.5,22.8,11.7,0.0,7.6,10.3,3.1,,
USW00014880,"CHICAGO WAUKEGAN REGIONAL AIRPORT, IL US",2024-05-20,42.42546,-87.8634,216.5,23.9,11.7,28.7,9.4,13.4,2.6,    1,    1
USW00014880,"CHICAGO WAUKEGAN REGIONAL AIRPORT, IL US",2024-05-21,42.42546,-87.8634,216.5,30.0,12.8,0.0,16.5,24.1,5.7,    1,
USW00014880,"CHICAGO WAUKEGAN REGIONAL AIRPORT, IL US",2024-05-22,42.42546,-87.8634,216.5,26.7,12.8,0.0,16.1,23.7,6.7,,
USW00014880,"CHICAGO WAUKEGAN REGIONAL AIRPORT, IL US",2024-05-23,42.42546,-87.8634,216.5,25.0,11.1,0.0,7.2,8.9,2.6,,
USW00014880,"CHICAGO WAUKEGAN REGIONAL AIRPORT, IL US",2024-05-24,42.42546,-87.8634,216.5,22.8,11.7,3.3,10.7,16.1,3.4,,    1
USW00014880,"CHICAGO WAUKEGAN REGIONAL AIRPORT, IL US",2024-05-25,42.42546,-87.8634,216.5,22.2,11.7,0.0,6.3,9.4,3.0,,
USW00014880,"CHICAGO WAUKEGAN REGIONAL AIRPORT, IL US",2024-05-26,42.42546,-87.8634,216.5,17.2,12.2,17.8,7.2,10.3,3.5,    1,    1
USW00014880,"CHICAGO WAUKEGAN REGIONAL AIRPORT, IL US",2024-05-27,42.42546,-87.8634,216.5,22.8,14.4,3.3,8.1,13.9,3.8,    1,    1
USW00014880,"CHICAGO WAUKEGAN REGIONAL AIRPORT, IL US",2024-05-28,42.42546,-87.8634,216.5,21.7,12.2,26.4,8.1,12.1,2.9,    1,    1
USW00014880,"CHICAGO WAUKEGAN REGIONAL AIRPORT, IL US",2024-05-29,42.42546,-87.8634,216.5,18.9,5.6,3.0,8.1,13.0,3.1,,
USW00014880,"CHICAGO WAUKEGAN REGIONAL AIRPORT, IL US",2024-05-30,42.42546,-87.8634,216.5,18.3,5.6,0.0,5.8,8.5,2.5,,
USW00014880,"CHICAGO WAUKEGAN REGIONAL AIRPORT, IL US",2024-05-31,42.42546,-87.8634,216.5,23.9,6.1,0.0,6.7,9.4,2.6,    1,
