STATION,NAME,DATE,LATITUDE,LONGITUDE,ELEVATION,TMAX,TMIN,PRCP,WSF2,WSF5,AWND,WT03,WT01
USW00053803,"OWENSBORO DAVIESS CO REGIONAL AIRPORT, KY US",2021-05-01,37.75,-87.16667,122.8,25.0,7.8,0.0,7.2,8.1,3.6,,
USW00053803,"OWENSBORO DAVIESS CO REGIONAL AIRPORT, KY US",2021-05-02,37.75,-87.16667,122.8,22.8,14.4,7.9,7.2,8.9,3.1,,    1
USW00053803,"OWENSBORO DAVIESS CO REGIONAL AIRPORT, KY US",2021-05-03,37.75,-87.16667,122.8,26.7,16.1,8.9,9.4,10.3,4.7,    1,    1
USW00053803,"OWENSBORO DAVIESS CO REGIONAL AIRPORT, KY US",2021-05-04,37.75,-87.16667,122.8,23.9,13.9,19.3,11.6,14.8,4.7,    1,    1
USW00053803,"OWENSBORO DAVIESS CO REGIONAL AIRPORT, KY US",2021-05-05,37.75,-87.16667,122.8,18.3,8.9,0.0,8.1,9.8,4.0,,    1
USW00053803,"OWENSBORO DAVIESS CO REGIONAL AIRPORT, KY US",2021-05-06,37.75,-87.16667,122.8,20.0,7.2,4.8,16.1,19.7,3.2,    1,    1
USW00053803,"OWENSBORO DAVIESS CO REGIONAL AIRPORT, KY US",2021-05-07,37.75,-87.16667,122.8,21.1,6.7,0.5,11.2,13.9,4.0,,
USW00053803,"OWENSBORO DAVIESS CO REGIONAL AIRPORT, KY US",2021-05-08,37.75,-87.16667,122.8,15.0,8.9,0.0,7.2,9.4,3.6,,
USW00053803,"OWENSBORO DAVIESS CO REGIONAL AIRPORT, KY US",2021-05-09,37.75,-87.16667,122.8,19.4,9.4,1.5,11.2,16.5,7.1,    1,    1
USW00053803,"OWENSBORO DAVIESS CO REGIONAL AIRPORT, KY US",2021-05-10,37.75,-87.16667,122.8,17.2,6.7,,6.7,8.9,3.0,,
USW00053803,"OWENSBORO DAVIESS CO REGIONAL AIRPORT, KY US",2021-05-11,37.75,-87.16667,122.8,19.4,7.2,0.0,7.6,10.7,3.9,,
USW00053803,"OWENSBORO DAVIESS CO REGIONAL AIRPORT, KY US",2021-05-12,37.75,-87.16667,122.8,19.4,8.9,0.0,8.9,11.2,4.4,,
USW00053803,"OWENSBORO DAVIESS CO REGIONAL AIRPORT, KY US",2021-05-13,37.75,-87.16667,122.8,20.6,8.9,0.0,6.3,7.6,2.4,,
USW00053803,"OWENSBORO DAVIESS CO REGIONAL AIRPORT, KY US",2021-05-14,37.75,-87.16667,122.8,22.8,6.7,0.0,5.8,7.2,1.2,,
USW00053803,"OWENSBORO DAVIESS CO REGIONAL AIRPORT, KY US",2021-05-15,37.75,-87.16667,122.8,22.8,7.8,0.0,6.7,8.1,2.0,,
USW00053803,"OWENSBORO DAVIESS CO REGIONAL AIRPORT, KY US",2021-05-16,37.75,-87.16667,122.8,23.9,13.3,0.0,7.2,8.1,3.4,,    1
USW00053803,"OWENSBORO DAVIESS CO REGIONAL AIRPORT, KY US",2021-05-17,37.75,-87.16667,122.8,25.0,16.1,0.0,6.3,7.2,3.6,,
USW00053803,"OWENSBORO DAVIESS CO REGIONAL AIRPORT, KY US",2021-05-18,37.75,-87.16667,122.8,27.8,18.3,0.0,10.3,13.0,4.8,,
USW00053803,"OWENSBORO DAVIESS CO REGIONAL AIRPORT, KY US",2021-05-19,37.75,-87.16667,122.8,27.8,19.4,0.0,9.4,11.2,4.7,,
USW00053803,"OWENSBORO DAVIESS CO REGIONAL AIRPORT, KY US",2021-05-20,37.75,-87.16667,122.8,30.6,18.9,0.0,9.4,11.2,4.8,,
USW00053803,"OWENSBORO DAVIESS CO REGIONAL AIRPORT, KY US",2021-05-21,37.75,-87.16667,122.8,29.4,17.2,0.0,9.4,10.7,3.7,,
USW00053803,"OWENSBORO DAVIESS CO REGIONAL AIRPORT, KY US",2021-05-22,37.75,-87.16667,122.8,31.7,16.1,0.0,5.4,6.7,1.3,,    1
USW00053803,"OWENSBORO DAVIESS CO REGIONAL AIRPORT, KY US",2021-05-23,37.75,-87.16667,122.8,31.7,17.8,0.0,4.5,7.2,1.5,,
USW00053803,"OWENSBORO DAVIESS CO REGIONAL AIRPORT, KY US",2021-05-24,37.75,-87.16667,122.8,31.7,18.3,0.0,5.8,8.1,1.9,,
USW00053803,"OWENSBORO DAVIESS CO REGIONAL AIRPORT, KY US",2021-05-25,37.75,-87.16667,122.8,32.8,18.9,0.0,8.9,10.7,3.5,,
USW00053803,"OWENSBORO DAVIESS CO REGIONAL AIRPORT, KY US",2021-05-26,37.75,-87.16667,122.8,25.6,18.3,,5.8,7.2,2.5,,    1
USW00053803,"OWENSBORO DAVIESS CO REGIONAL AIRPORT, KY US",2021-05-27,37.75,-87.16667,122.8,29.4,16.7,,12.5,16.1,2.6,,    1
USW00053803,"OWENSBORO DAVIESS CO REGIONAL AIRPORT, KY US",2021-05-28,37.75,-87.16667,122.8,25.6,11.7,0.5,11.6,13.9,5.5,,    1
USW00053803,"OWENSBORO DAVIESS CO REGIONAL AIRPORT, KY US",2021-05-29,37.75,-87.16667,122.8,14.4,10.6,0.3,6.7,8.1,3.3,,    1
USW00053803,"OWENSBORO DAVIESS CO REGIONAL AIRPORT, KY US",2021-05-30,37.75,-87.16667,122.8,21.7,9.4,0.0,8.1,9.8,3.1,,
USW00053803,"OWENSBORO DAVIESS CO REGIONAL AIRPORT, KY US",2021-05-31,37.75,-87.16667,122.8,25.0,10.6,0.0,5.4,6.3,1.3,,
