STATION,NAME,DATE,LATITUDE,LONGITUDE,ELEVATION,TMAX,TMIN,PRCP,WSF2,WSF5,AWND,WT03,WT01
USW00053803,"OWENSBORO DAVIESS CO REGIONAL AIRPORT, KY US",2023-08-01,37.75,-87.16667,122.8,29.4,18.3,0.0,5.8,7.6,2.2,,
USW00053803,"OWENSBORO DAVIESS CO REGIONAL AIRPORT, KY US",2023-08-02,37.75,-87.16667,122.8,26.7,17.2,0.5,5.4,6.7,1.7,,    1
USW00053803,"OWENSBORO DAVIESS CO REGIONAL AIRPORT, KY US",2023-08-03,37.75,-87.16667,122.8,26.7,21.1,17.0,7.2,8.9,2.3,    1,    1
USW00053803,"OWENSBORO DAVIESS CO REGIONAL AIRPORT, KY US",2023-08-04,37.75,-87.16667,122.8,30.6,20.0,0.5,5.4,7.2,1.7,,    1
USW00053803,"OWENSBORO DAVIESS CO REGIONAL AIRPORT, KY US",2023-08-05,37.75,-87.16667,122.8,29.4,22.2,4.6,12.5,15.7,3.7,    1,
USW00053803,"OWENSBORO DAVIESS CO REGIONAL AIRPORT, KY US",2023-08-06,37.75,-87.16667,122.8,30.6,22.2,1.0,5.8,7.6,3.3,,
USW00053803,"OWENSBORO DAVIESS CO REGIONAL AIRPORT, KY US",2023-08-07,37.75,-87.16667,122.8,27.8,20.6,5.1,10.3,12.5,4.4,    1,    1
USW00053803,"OWENSBORO DAVIESS CO REGIONAL AIRPORT, KY US",2023-08-08,37.75,-87.16667,122.8,27.8,17.8,0.0,6.3,7.2,2.2,,    1
USW00053803,"OWENSBORO DAVIESS CO REGIONAL AIRPORT, KY US",2023-08-09,37.75,-87.16667,122.8,27.2,18.9,1.3,7.6,9.4,2.9,    1,    1
USW00053803,"OWENSBORO DAVIESS CO REGIONAL AIRPORT, KY US",2023-08-10,37.75,-87.16667,122.8,28.3,20.6,0.5,5.8,7.6,1.9,,    1
USW00053803,"OWENSBORO DAVIESS CO REGIONAL AIRPORT, KY US",2023-08-11,37.75,-87.16667,122.8,30.6,18.9,0.0,6.3,7.6,1.9,,    1
USW00053803,"OWENSBORO DAVIESS CO REGIONAL AIRPORT, KY US",2023-08-12,37.75,-87.16667,122.8,30.6,21.7,1.3,7.6,9.4,3.0,    1,
USW00053803,"OWENSBORO DAVIESS CO REGIONAL AIRPORT, KY US",2023-08-13,37.75,-87.16667,122.8,32.2,21.1,,4.5,5.8,1.6,    1,    1
USW00053803,"OWENSBORO DAVIESS CO REGIONAL AIRPORT, KY US",2023-08-14,37.75,-87.16667,122.8,29.4,20.0,42.9,9.4,12.5,3.6,    1,    1
USW00053803,"OWENSBORO DAVIESS CO REGIONAL AIRPORT, KY US",2023-08-15,37.75,-87.16667,122.8,25.0,17.8,0.0,7.6,9.4,3.4,,
USW00053803,"OWENSBORO DAVIESS CO REGIONAL AIRPORT, KY US",2023-08-16,37.75,-87.16667,122.8,27.2,16.7,0.0,5.8,6.7,1.9,,
USW00053803,"OWENSBORO DAVIESS CO REGIONAL AIRPORT, KY US",2023-08-17,37.75,-87.16667,122.8,28.3,16.1,0.0,8.1,9.8,3.2,,    1
USW00053803,"OWENSBORO DAVIESS CO REGIONAL AIRPORT, KY US",2023-08-18,37.75,-87.16667,122.8,26.7,15.6,0.0,5.4,6.7,2.1,,
USW00053803,"OWENSBORO DAVIESS CO REGIONAL AIRPORT, KY US",2023-08-19,37.75,-87.16667,122.8,29.4,15.6,0.0,5.8,6.7,1.9,,
USW00053803,"OWENSBORO DAVIESS CO REGIONAL AIRPORT, KY US",2023-08-20,37.75,-87.16667,122.8,32.8,19.4,0.0,5.8,7.2,2.4,,
USW00053803,"OWENSBORO DAVIESS CO REGIONAL AIRPORT, KY US",2023-08-21,37.75,-87.16667,122.8,33.9,24.4,0.0,3.6,5.4,0.9,,
USW00053803,"OWENSBORO DAVIESS CO REGIONAL AIRPORT, KY US",2023-08-22,37.75,-87.16667,122.8,33.9,24.4,0.0,5.4,6.7,1.8,,    1
USW00053803,"OWENSBORO DAVIESS CO REGIONAL AIRPORT, KY US",2023-08-23,37.75,-87.16667,122.8,33.9,22.8,0.0,4.0,5.4,1.1,,    1
USW00053803,"OWENSBORO DAVIESS CO REGIONAL AIRPORT, KY US",2023-08-24,37.75,-87.16667,122.8,35.0,23.3,0.0,6.3,6.7,2.4,,    1
USW00053803,"OWENSBORO DAVIESS CO REGIONAL AIRPORT, KY US",2023-08-25,37.75,-87.16667,122.8,36.1,23.3,0.0,6.7,7.6,2.9,,    1
USW00053803,"OWENSBORO DAVIESS CO REGIONAL AIRPORT, KY US",2023-08-26,37.75,-87.16667,122.8,31.1,22.2,15.2,13.4,17.4,2.6,    1,    1
USW00053803,"OWENSBORO DAVIESS CO REGIONAL AIRPORT, KY US",2023-08-27,37.75,-87.16667,122.8,27.8,21.7,0.0,7.6,9.4,4.1,,
USW00053803,"OWENSBORO DAVIESS CO REGIONAL AIRPORT, KY US",2023-08-28,37.75,-87.16667,122.8,28.3,19.4,0.0,6.3,7.6,3.4,,
USW00053803,"OWENSBORO DAVIESS CO REGIONAL AIRPORT, KY US",2023-08-29,37.75,-87.16667,122.8,27.2,16.7,0.0,5.8,8.1,1.8,,
USW00053803,"OWENSBORO DAVIESS CO REGIONAL AIRPORT, KY US",2023-08-30,37.75,-87.16667,122.8,26.7,17.2,0.0,7.2,9.8,3.8,,
USW00053803,"OWENSBORO DAVIESS CO REGIONAL AIRPORT, KY US",2023-08-31,37.75,-87.16667,122.8,25.6,15.0,0.0,6.7,8.1,3.2,,
