STATION,NAME,DATE,LATITUDE,LONGITUDE,ELEVATION,TMAX,TMIN,PRCP,SNOW,WSF2,AWND,WSF5,WT01,WT03
USW00064776,"PLATTSBURGH INTERNATIONAL AIRPORT, NY US",2024-08-01,44.63923,-73.46312,50.4,31.1,21.1,0.5,,5.4,1.3,7.6,    1,
USW00064776,"PLATTSBURGH INTERNATIONAL AIRPORT, NY US",2024-08-02,44.63923,-73.46312,50.4,31.1,20.6,0.0,,5.8,1.8,7.6,    1,
USW00064776,"PLATTSBURGH INTERNATIONAL AIRPORT, NY US",2024-08-03,44.63923,-73.46312,50.4,32.8,23.3,0.3,,5.8,1.3,7.2,    1,
USW00064776,"PLATTSBURGH INTERNATIONAL AIRPORT, NY US",2024-08-04,44.63923,-73.46312,50.4,29.4,21.7,21.8,,13.4,2.2,20.6,    1,    1
USW00064776,"PLATTSBURGH INTERNATIONAL AIRPORT, NY US",2024-08-05,44.63923,-73.46312,50.4,22.8,17.2,3.8,,9.4,1.8,13.0,    1,
USW00064776,"PLATTSBURGH INTERNATIONAL AIRPORT, NY US",2024-08-06,44.63923,-73.46312,50.4,23.3,15.0,0.0,,4.5,1.7,6.3,    1,
USW00064776,"PLATTSBURGH INTERNATIONAL AIRPORT, NY US",2024-08-07,44.63923,-73.46312,50.4,26.1,13.3,0.0,,5.4,1.5,6.7,,
USW00064776,"PLATTSBURGH INTERNATIONAL AIRPORT, NY US",2024-08-08,44.63923,-73.46312,50.4,26.7,12.8,6.9,,8.1,3.4,13.0,    1,
USW00064776,"PLATTSBURGH INTERNATIONAL AIRPORT, NY US",2024-08-09,44.63923,-73.46312,50.4,25.6,18.9,52.1,,13.9,3.7,22.8,    1,    1
USW00064776,"PLATTSBURGH INTERNATIONAL AIRPORT, NY US",2024-08-10,44.63923,-73.46312,50.4,28.9,20.0,0.0,,5.8,2.0,9.8,,
USW00064776,"PLATTSBURGH INTERNATIONAL AIRPORT, NY US",2024-08-11,44.63923,-73.46312,50.4,24.4,15.0,3.3,,4.0,1.4,7.6,,
USW00064776,"PLATTSBURGH INTERNATIONAL AIRPORT, NY US",2024-08-12,44.63923,-73.46312,50.4,24.4,14.4,0.0,,6.3,1.7,10.3,,
USW00064776,"PLATTSBURGH INTERNATIONAL AIRPORT, NY US",2024-08-13,44.63923,-73.46312,50.4,28.9,15.0,0.0,,6.3,2.0,7.6,,
USW00064776,"PLATTSBURGH INTERNATIONAL AIRPORT, NY US",2024-08-14,44.63923,-73.46312,50.4,28.9,16.1,0.8,,5.8,1.3,8.1,,    1
USW00064776,"PLATTSBURGH INTERNATIONAL AIRPORT, NY US",2024-08-15,44.63923,-73.46312,50.4,27.8,17.2,0.0,,5.8,1.5,7.6,    1,
USW00064776,"PLATTSBURGH INTERNATIONAL AIRPORT, NY US",2024-08-16,44.63923,-73.46312,50.4,28.3,17.2,0.0,,6.3,1.6,8.5,    1,
USW00064776,"PLATTSBURGH INTERNATIONAL AIRPORT, NY US",2024-08-17,44.63923,-73.46312,50.4,27.8,17.8,0.3,,8.9,3.4,12.5,    1,
USW00064776,"PLATTSBURGH INTERNATIONAL AIRPORT, NY US",2024-08-18,44.63923,-73.46312,50.4,25.6,21.7,0.0,,9.4,5.7,13.4,,
USW00064776,"PLATTSBURGH INTERNATIONAL AIRPORT, NY US",2024-08-19,44.63923,-73.46312,50.4,25.6,13.3,5.1,,10.3,4.7,14.3,    1,    1
USW00064776,"PLATTSBURGH INTERNATIONAL AIRPORT, NY US",2024-08-20,44.63923,-73.46312,50.4,20.6,12.8,1.8,,7.6,3.0,11.6,,
USW00064776,"PLATTSBURGH INTERNATIONAL AIRPORT, NY US",2024-08-21,44.63923,-73.46312,50.4,17.8,14.4,3.3,,6.7,2.0,8.9,    1,
USW00064776,"PLATTSBURGH INTERNATIONAL AIRPORT, NY US",2024-08-22,44.63923,-73.46312,50.4,21.1,14.4,1.3,,4.5,0.8,6.3,,
USW00064776,"PLATTSBURGH INTERNATIONAL AIRPORT, NY US",2024-08-23,44.63923,-73.46312,50.4,25.6,13.3,0.0,,7.2,1.8,8.9,    1,
USW00064776,"PLATTSBURGH INTERNATIONAL AIRPORT, NY US",2024-08-24,44.63923,-73.46312,50.4,27.2,13.3,0.0,,7.2,2.0,9.4,,
USW00064776,"PLATTSBURGH INTERNATIONAL AIRPORT, NY US",2024-08-25,44.63923,-73.46312,50.4,27.2,14.4,0.0,,5.4,1.4,,,
USW00064776,"PLATTSBURGH INTERNATIONAL AIRPORT, NY US",2024-08-26,44.63923,-73.46312,50.4,27.2,16.7,0.0,,3.6,1.1,5.8,    1,    1
USW00064776,"PLATTSBURGH INTERNATIONAL AIRPORT, NY US",2024-08-27,44.63923,-73.46312,50.4,28.9,15.6,0.3,,7.6,2.6,9.8,    1,
USW00064776,"PLATTSBURGH INTERNATIONAL AIRPORT, NY US",2024-08-28,44.63923,-73.46312,50.4,26.1,14.4,0.0,,10.3,3.3,14.3,,
USW00064776,"PLATTSBURGH INTERNATIONAL AIRPORT, NY US",2024-08-29,44.63923,-73.46312,50.4,21.7,11.7,0.0,,3.6,2.3,,,
USW00064776,"PLATTSBURGH INTERNATIONAL AIRPORT, NY US",2024-08-30,44.63923,-73.46312,50.4,26.7,10.6,0.0,,9.8,3.9,13.9,,
USW00064776,"PLATTSBURGH INTERNATIONAL AIRPORT, NY US",2024-08-31,44.63923,-73.46312,50.4,22.8,18.9,3.6,,7.6,3.5,11.6,,
