STATION,NAME,DATE,LATITUDE,LONGITUDE,ELEVATION,TMAX,TMIN,PRCP,SNOW,WSF2,AWND,WSF5,WT01,WT03
USW00064776,"PLATTSBURGH INTERNATIONAL AIRPORT, NY US",2021-06-01,44.63923,-73.46312,50.4,25.6,8.3,0.0,,7.6,2.2,10.7,,
USW00064776,"PLATTSBURGH INTERNATIONAL AIRPORT, NY US",2021-06-02,44.63923,-73.46312,50.4,26.1,10.6,0.0,,7.6,3.5,13.9,,
USW00064776,"PLATTSBURGH INTERNATIONAL AIRPORT, NY US",2021-06-03,44.63923,-73.46312,50.4,21.1,13.9,10.2,,6.7,1.8,9.8,    1,
USW00064776,"PLATTSBURGH INTERNATIONAL AIRPORT, NY US",2021-06-04,44.63923,-73.46312,50.4,27.8,14.4,0.0,,8.1,2.2,10.7,    1,
USW00064776,"PLATTSBURGH INTERNATIONAL AIRPORT, NY US",2021-06-05,44.63923,-73.46312,50.4,30.6,12.2,0.3,,5.8,2.5,10.3,    1,
USW00064776,"PLATTSBURGH INTERNATIONAL AIRPORT, NY US",2021-06-06,44.63923,-73.46312,50.4,33.9,18.3,0.0,,7.2,3.3,12.1,,
USW00064776,"PLATTSBURGH INTERNATIONAL AIRPORT, NY US",2021-06-07,44.63923,-73.46312,50.4,35.0,18.3,0.0,,6.7,3.3,12.1,,
USW00064776,"PLATTSBURGH INTERNATIONAL AIRPORT, NY US",2021-06-08,44.63923,-73.46312,50.4,30.0,20.6,1.0,,6.3,2.9,11.2,    1,
USW00064776,"PLATTSBURGH INTERNATIONAL AIRPORT, NY US",2021-06-09,44.63923,-73.46312,50.4,30.0,18.9,0.0,,9.8,3.7,14.3,,    1
USW00064776,"PLATTSBURGH INTERNATIONAL AIRPORT, NY US",2021-06-10,44.63923,-73.46312,50.4,21.7,11.1,0.0,,7.2,3.2,11.6,,
USW00064776,"PLATTSBURGH INTERNATIONAL AIRPORT, NY US",2021-06-11,44.63923,-73.46312,50.4,20.0,11.1,0.3,,5.8,1.3,7.6,    1,
USW00064776,"PLATTSBURGH INTERNATIONAL AIRPORT, NY US",2021-06-12,44.63923,-73.46312,50.4,25.6,8.9,0.0,,4.5,1.7,6.3,    1,
USW00064776,"PLATTSBURGH INTERNATIONAL AIRPORT, NY US",2021-06-13,44.63923,-73.46312,50.4,27.8,8.3,0.0,,6.7,1.9,8.1,,
USW00064776,"PLATTSBURGH INTERNATIONAL AIRPORT, NY US",2021-06-14,44.63923,-73.46312,50.4,21.7,15.0,13.2,,10.7,3.7,14.8,    1,    1
USW00064776,"PLATTSBURGH INTERNATIONAL AIRPORT, NY US",2021-06-15,44.63923,-73.46312,50.4,24.4,12.2,1.0,,8.1,2.6,10.7,    1,    1
USW00064776,"PLATTSBURGH INTERNATIONAL AIRPORT, NY US",2021-06-16,44.63923,-73.46312,50.4,21.1,10.6,0.0,,7.6,3.6,11.2,,
USW00064776,"PLATTSBURGH INTERNATIONAL AIRPORT, NY US",2021-06-17,44.63923,-73.46312,50.4,25.6,12.2,0.0,,7.2,2.6,10.7,,
USW00064776,"PLATTSBURGH INTERNATIONAL AIRPORT, NY US",2021-06-18,44.63923,-73.46312,50.4,23.9,10.0,0.5,,8.1,2.4,10.3,,
USW00064776,"PLATTSBURGH INTERNATIONAL AIRPORT, NY US",2021-06-19,44.63923,-73.46312,50.4,28.3,15.0,8.4,,8.1,2.6,12.5,    1,    1
USW00064776,"PLATTSBURGH INTERNATIONAL AIRPORT, NY US",2021-06-20,44.63923,-73.46312,50.4,27.8,13.3,0.0,,6.3,2.5,7.6,,
USW00064776,"PLATTSBURGH INTERNATIONAL AIRPORT, NY US",2021-06-21,44.63923,-73.46312,50.4,32.8,15.0,2.0,,10.3,3.4,17.0,    1,    1
USW00064776,"PLATTSBURGH INTERNATIONAL AIRPORT, NY US",2021-06-22,44.63923,-73.46312,50.4,22.2,8.3,0.0,,6.7,3.0,8.5,,
USW00064776,"PLATTSBURGH INTERNATIONAL AIRPORT, NY US",2021-06-23,44.63923,-73.46312,50.4,21.7,7.8,0.0,,5.8,2.0,8.5,,
USW00064776,"PLATTSBURGH INTERNATIONAL AIRPORT, NY US",2021-06-24,44.63923,-73.46312,50.4,26.1,5.6,0.0,,11.2,4.6,15.2,,
USW00064776,"PLATTSBURGH INTERNATIONAL AIRPORT, NY US",2021-06-25,44.63923,-73.46312,50.4,25.6,11.7,0.0,,9.4,3.4,18.8,,
USW00064776,"PLATTSBURGH INTERNATIONAL AIRPORT, NY US",2021-06-26,44.63923,-73.46312,50.4,27.2,15.6,3.3,,7.6,3.3,12.1,    1,
USW00064776,"PLATTSBURGH INTERNATIONAL AIRPORT, NY US",2021-06-27,44.63923,-73.46312,50.4,33.9,21.1,0.0,,8.1,4.0,12.5,,
USW00064776,"PLATTSBURGH INTERNATIONAL AIRPORT, NY US",2021-06-28,44.63923,-73.46312,50.4,34.4,22.8,6.4,,7.6,3.1,12.5,    1,
USW00064776,"PLATTSBURGH INTERNATIONAL AIRPORT, NY US",2021-06-29,44.63923,-73.46312,50.4,32.2,21.1,0.0,,6.7,3.3,8.5,,
USW00064776,"PLATTSBURGH INTERNATIONAL AIRPORT, NY US",2021-06-30,44.63923,-73.46312,50.4,30.6,19.4,2.3,,7.6,2.9,12.5,    1,    1
