STATION,NAME,DATE,LATITUDE,LONGITUDE,ELEVATION,TMAX,TMIN,PRCP,SNOW,WSF2,WSF5,AWND,WT01,WT03
USW00093741,"NEWPORT NEWS INTERNATIONAL AIRPORT, VA US",2022-07-01,37.13216,-76.49399,10.9,32.2,22.2,0.0,,6.3,,4.2,,
USW00093741,"NEWPORT NEWS INTERNATIONAL AIRPORT, VA US",2022-07-02,37.13216,-76.49399,10.9,32.2,22.8,0.0,,7.6,10.7,5.6,,
USW00093741,"NEWPORT NEWS INTERNATIONAL AIRPORT, VA US",2022-07-03,37.13216,-76.49399,10.9,31.1,19.4,23.9,,6.3,,2.5,    1,    1
USW00093741,"NEWPORT NEWS INTERNATIONAL AIRPORT, VA US",2022-07-04,37.13216,-76.49399,10.9,30.0,17.2,0.0,,5.4,,1.9,    1,
USW00093741,"NEWPORT NEWS INTERNATIONAL AIRPORT, VA US",2022-07-05,37.13216,-76.49399,10.9,27.2,18.3,0.0,,4.5,,1.2,    1,
USW00093741,"NEWPORT NEWS INTERNATIONAL AIRPORT, VA US",2022-07-06,37.13216,-76.49399,10.9,33.9,23.3,0.0,,4.5,,2.7,,
USW00093741,"NEWPORT NEWS INTERNATIONAL AIRPORT, VA US",2022-07-07,37.13216,-76.49399,10.9,30.6,23.9,0.3,,5.4,,3.1,,
USW00093741,"NEWPORT NEWS INTERNATIONAL AIRPORT, VA US",2022-07-08,37.13216,-76.49399,10.9,29.4,22.2,0.0,,4.5,,2.7,,
USW00093741,"NEWPORT NEWS INTERNATIONAL AIRPORT, VA US",2022-07-09,37.13216,-76.49399,10.9,28.9,20.0,17.8,,6.7,10.3,3.4,    1,    1
USW00093741,"NEWPORT NEWS INTERNATIONAL AIRPORT, VA US",2022-07-10,37.13216,-76.49399,10.9,21.7,18.3,9.1,,5.8,10.3,3.2,    1,
USW00093741,"NEWPORT NEWS INTERNATIONAL AIRPORT, VA US",2022-07-11,37.13216,-76.49399,10.9,26.1,19.4,0.0,,4.0,,2.5,,
USW00093741,"NEWPORT NEWS INTERNATIONAL AIRPORT, VA US",2022-07-12,37.13216,-76.49399,10.9,31.7,17.8,0.0,,7.2,10.7,4.2,,
USW00093741,"NEWPORT NEWS INTERNATIONAL AIRPORT, VA US",2022-07-13,37.13216,-76.49399,10.9,31.1,23.3,0.0,,4.5,,3.0,,
USW00093741,"NEWPORT NEWS INTERNATIONAL AIRPORT, VA US",2022-07-14,37.13216,-76.49399,10.9,31.1,22.2,0.0,,4.5,,2.2,,
USW00093741,"NEWPORT NEWS INTERNATIONAL AIRPORT, VA US",2022-07-15,37.13216,-76.49399,10.9,30.0,18.9,17.8,,8.9,16.5,1.6,    1,    1
USW00093741,"NEWPORT NEWS INTERNATIONAL AIRPORT, VA US",2022-07-16,37.13216,-76.49399,10.9,30.6,17.2,5.8,,8.9,11.2,1.8,    1,    1
USW00093741,"NEWPORT NEWS INTERNATIONAL AIRPORT, VA US",2022-07-17,37.13216,-76.49399,10.9,32.2,20.6,0.0,,6.3,,3.6,,
USW00093741,"NEWPORT NEWS INTERNATIONAL AIRPORT, VA US",2022-07-18,37.13216,-76.49399,10.9,32.2,23.9,0.0,,6.7,9.8,5.1,,
USW00093741,"NEWPORT NEWS INTERNATIONAL AIRPORT, VA US",2022-07-19,37.13216,-76.49399,10.9,32.2,22.8,51.1,,12.1,16.1,4.0,    1,    1
USW00093741,"NEWPORT NEWS INTERNATIONAL AIRPORT, VA US",2022-07-20,37.13216,-76.49399,10.9,33.3,22.2,0.0,,6.7,8.9,3.4,,
USW00093741,"NEWPORT NEWS INTERNATIONAL AIRPORT, VA US",2022-07-21,37.13216,-76.49399,10.9,32.2,22.8,3.6,,11.2,14.3,5.8,    1,    1
USW00093741,"NEWPORT NEWS INTERNATIONAL AIRPORT, VA US",2022-07-22,37.13216,-76.49399,10.9,32.8,22.8,0.0,,5.4,6.7,2.9,,
USW00093741,"NEWPORT NEWS INTERNATIONAL AIRPORT, VA US",2022-07-23,37.13216,-76.49399,10.9,33.3,23.3,0.0,,5.8,6.7,2.6,,
USW00093741,"NEWPORT NEWS INTERNATIONAL AIRPORT, VA US",2022-07-24,37.13216,-76.49399,10.9,34.4,23.3,5.8,,11.2,13.9,4.3,    1,    1
USW00093741,"NEWPORT NEWS INTERNATIONAL AIRPORT, VA US",2022-07-25,37.13216,-76.49399,10.9,33.3,23.9,0.0,,9.4,12.5,6.5,,
USW00093741,"NEWPORT NEWS INTERNATIONAL AIRPORT, VA US",2022-07-26,37.13216,-76.49399,10.9,31.1,23.9,26.4,,8.9,12.5,4.8,    1,    1
USW00093741,"NEWPORT NEWS INTERNATIONAL AIRPORT, VA US",2022-07-27,37.13216,-76.49399,10.9,32.2,23.3,0.0,,8.1,10.3,3.8,,
USW00093741,"NEWPORT NEWS INTERNATIONAL AIRPORT, VA US",2022-07-28,37.13216,-76.49399,10.9,33.9,23.9,0.0,,6.7,9.4,4.6,,
USW00093741,"NEWPORT NEWS INTERNATIONAL AIRPORT, VA US",2022-07-29,37.13216,-76.49399,10.9,33.9,23.9,13.0,,7.2,10.3,3.2,    1,    1
USW00093741,"NEWPORT NEWS INTERNATIONAL AIRPORT, VA US",2022-07-30,37.13216,-76.49399,10.9,30.0,20.0,0.0,,4.5,,2.0,,
USW00093741,"NEWPORT NEWS INTERNATIONAL AIRPORT, VA US",2022-07-31,37.13216,-76.49399,10.9,28.9,18.9,2.3,,4.5,,1.7,,
