STATION,NAME,DATE,LATITUDE,LONGITUDE,ELEVATION,TMAX,TMIN,PRCP,SNOW,WSF2,WSF5,AWND,WT01,WT03
USW00093741,"NEWPORT NEWS INTERNATIONAL AIRPORT, VA US",2022-06-01,37.13216,-76.49399,10.9,32.8,19.4,0.0,,4.0,,2.0,,
USW00093741,"NEWPORT NEWS INTERNATIONAL AIRPORT, VA US",2022-06-02,37.13216,-76.49399,10.9,33.3,20.6,14.5,,11.2,19.2,3.3,    1,    1
USW00093741,"NEWPORT NEWS INTERNATIONAL AIRPORT, VA US",2022-06-03,37.13216,-76.49399,10.9,26.1,16.7,0.5,,5.4,7.6,2.2,,
USW00093741,"NEWPORT NEWS INTERNATIONAL AIRPORT, VA US",2022-06-04,37.13216,-76.49399,10.9,27.2,13.9,0.0,,4.0,,2.0,,
USW00093741,"NEWPORT NEWS INTERNATIONAL AIRPORT, VA US",2022-06-05,37.13216,-76.49399,10.9,27.2,12.2,0.0,,8.9,10.7,2.9,,
USW00093741,"NEWPORT NEWS INTERNATIONAL AIRPORT, VA US",2022-06-06,37.13216,-76.49399,10.9,25.0,10.0,0.0,,6.3,,2.6,,
USW00093741,"NEWPORT NEWS INTERNATIONAL AIRPORT, VA US",2022-06-07,37.13216,-76.49399,10.9,28.3,14.4,0.0,,6.7,8.9,4.0,,
USW00093741,"NEWPORT NEWS INTERNATIONAL AIRPORT, VA US",2022-06-08,37.13216,-76.49399,10.9,31.7,21.7,1.8,,8.9,13.9,4.2,    1,    1
USW00093741,"NEWPORT NEWS INTERNATIONAL AIRPORT, VA US",2022-06-09,37.13216,-76.49399,10.9,30.6,19.4,0.3,,7.6,11.2,4.7,,
USW00093741,"NEWPORT NEWS INTERNATIONAL AIRPORT, VA US",2022-06-10,37.13216,-76.49399,10.9,25.0,15.0,0.0,,3.6,,2.3,,
USW00093741,"NEWPORT NEWS INTERNATIONAL AIRPORT, VA US",2022-06-11,37.13216,-76.49399,10.9,28.3,13.3,0.0,,5.4,,2.0,,
USW00093741,"NEWPORT NEWS INTERNATIONAL AIRPORT, VA US",2022-06-12,37.13216,-76.49399,10.9,27.8,20.6,14.5,,6.3,8.1,3.6,    1,    1
USW00093741,"NEWPORT NEWS INTERNATIONAL AIRPORT, VA US",2022-06-13,37.13216,-76.49399,10.9,33.3,21.1,0.0,,7.2,10.7,2.8,,    1
USW00093741,"NEWPORT NEWS INTERNATIONAL AIRPORT, VA US",2022-06-14,37.13216,-76.49399,10.9,30.0,21.1,15.0,,19.7,27.7,3.0,    1,    1
USW00093741,"NEWPORT NEWS INTERNATIONAL AIRPORT, VA US",2022-06-15,37.13216,-76.49399,10.9,29.4,17.2,0.0,,4.0,,2.0,    1,
USW00093741,"NEWPORT NEWS INTERNATIONAL AIRPORT, VA US",2022-06-16,37.13216,-76.49399,10.9,27.8,20.6,1.0,,9.4,12.1,4.3,,
USW00093741,"NEWPORT NEWS INTERNATIONAL AIRPORT, VA US",2022-06-17,37.13216,-76.49399,10.9,35.6,22.2,0.0,,6.7,9.4,3.9,,
USW00093741,"NEWPORT NEWS INTERNATIONAL AIRPORT, VA US",2022-06-18,37.13216,-76.49399,10.9,27.8,12.8,0.0,,9.8,13.9,4.1,,
USW00093741,"NEWPORT NEWS INTERNATIONAL AIRPORT, VA US",2022-06-19,37.13216,-76.49399,10.9,25.0,12.2,0.0,,9.4,11.6,3.5,,
USW00093741,"NEWPORT NEWS INTERNATIONAL AIRPORT, VA US",2022-06-20,37.13216,-76.49399,10.9,26.1,11.1,0.0,,4.0,,1.8,,
USW00093741,"NEWPORT NEWS INTERNATIONAL AIRPORT, VA US",2022-06-21,37.13216,-76.49399,10.9,27.2,13.9,0.0,,6.3,8.9,2.9,,
USW00093741,"NEWPORT NEWS INTERNATIONAL AIRPORT, VA US",2022-06-22,37.13216,-76.49399,10.9,30.6,20.0,18.8,,10.7,15.7,3.3,    1,    1
USW00093741,"NEWPORT NEWS INTERNATIONAL AIRPORT, VA US",2022-06-23,37.13216,-76.49399,10.9,22.2,17.8,4.1,,5.4,,2.4,    1,
USW00093741,"NEWPORT NEWS INTERNATIONAL AIRPORT, VA US",2022-06-24,37.13216,-76.49399,10.9,25.6,16.1,0.0,,4.5,,2.0,    1,
USW00093741,"NEWPORT NEWS INTERNATIONAL AIRPORT, VA US",2022-06-25,37.13216,-76.49399,10.9,28.9,13.9,0.0,,5.4,,1.7,    1,
USW00093741,"NEWPORT NEWS INTERNATIONAL AIRPORT, VA US",2022-06-26,37.13216,-76.49399,10.9,30.6,14.4,0.0,,6.7,14.8,3.1,    1,
USW00093741,"NEWPORT NEWS INTERNATIONAL AIRPORT, VA US",2022-06-27,37.13216,-76.49399,10.9,31.7,19.4,25.4,,9.8,20.6,4.7,    1,    1
USW00093741,"NEWPORT NEWS INTERNATIONAL AIRPORT, VA US",2022-06-28,37.13216,-76.49399,10.9,25.6,15.0,0.0,,5.4,8.9,2.5,    1,
USW00093741,"NEWPORT NEWS INTERNATIONAL AIRPORT, VA US",2022-06-29,37.13216,-76.49399,10.9,28.3,13.9,0.0,,4.5,,1.8,,
USW00093741,"NEWPORT NEWS INTERNATIONAL AIRPORT, VA US",2022-06-30,37.13216,-76.49399,10.9,31.7,20.6,0.0,,6.7,9.4,3.6,,
