STATION,NAME,DATE,LATITUDE,LONGITUDE,ELEVATION,TMAX,TMIN,PRCP,WSF2,AWND,WSF5,WT01,WT03
USW00014762,"PITTSBURGH ALLEGHENY CO AIRPORT, PA US",2021-05-01,40.3551,-79.92145,379.2,17.2,2.2,0.0,8.9,4.1,12.5,,
USW00014762,"PITTSBURGH ALLEGHENY CO AIRPORT, PA US",2021-05-02,40.3551,-79.92145,379.2,25.6,15.0,0.0,8.9,5.6,12.5,,
USW00014762,"PITTSBURGH ALLEGHENY CO AIRPORT, PA US",2021-05-03,40.3551,-79.92145,379.2,20.6,13.3,19.0,9.4,3.1,13.0,,
USW00014762,"PITTSBURGH ALLEGHENY CO AIRPORT, PA US",2021-05-04,40.3551,-79.92145,379.2,23.9,15.6,1.5,9.8,3.6,13.9,,
USW00014762,"PITTSBURGH ALLEGHENY CO AIRPORT, PA US",2021-05-05,40.3551,-79.92145,379.2,15.6,5.6,9.9,8.1,3.9,13.0,,
USW00014762,"PITTSBURGH ALLEGHENY CO AIRPORT, PA US",2021-05-06,40.3551,-79.92145,379.2,14.4,4.4,0.0,5.8,1.8,8.9,,
USW00014762,"PITTSBURGH ALLEGHENY CO AIRPORT, PA US",2021-05-07,40.3551,-79.92145,379.2,11.7,5.6,4.1,7.2,2.2,11.6,,
USW00014762,"PITTSBURGH ALLEGHENY CO AIRPORT, PA US",2021-05-08,40.3551,-79.92145,379.2,11.7,5.0,0.0,8.1,3.2,13.4,,
USW00014762,"PITTSBURGH ALLEGHENY CO AIRPORT, PA US",2021-05-09,40.3551,-79.92145,379.2,7.8,3.9,24.9,6.7,3.1,12.1,,
USW00014762,"PITTSBURGH ALLEGHENY CO AIRPORT, PA US",2021-05-10,40.3551,-79.92145,379.2,15.6,3.9,0.0,5.8,2.9,10.3,,
USW00014762,"PITTSBURGH ALLEGHENY CO AIRPORT, PA US",2021-05-11,40.3551,-79.92145,379.2,14.4,5.0,0.0,9.4,3.4,14.3,,
USW00014762,"PITTSBURGH ALLEGHENY CO AIRPORT, PA US",2021-05-12,40.3551,-79.92145,379.2,16.7,2.8,0.0,6.7,3.0,10.3,,
USW00014762,"PITTSBURGH ALLEGHENY CO AIRPORT, PA US",2021-05-13,40.3551,-79.92145,379.2,19.4,5.6,0.0,5.4,2.0,8.9,,
USW00014762,"PITTSBURGH ALLEGHENY CO AIRPORT, PA US",2021-05-14,40.3551,-79.92145,379.2,20.6,6.7,0.0,4.5,1.5,7.6,,
USW00014762,"PITTSBURGH ALLEGHENY CO AIRPORT, PA US",2021-05-15,40.3551,-79.92145,379.2,22.2,6.7,0.0,4.5,1.2,6.7,,
USW00014762,"PITTSBURGH ALLEGHENY CO AIRPORT, PA US",2021-05-16,40.3551,-79.92145,379.2,20.6,11.7,0.0,4.5,1.5,7.6,,
USW00014762,"PITTSBURGH ALLEGHENY CO AIRPORT, PA US",2021-05-17,40.3551,-79.92145,379.2,22.2,9.4,0.0,4.5,1.1,5.8,,
USW00014762,"PITTSBURGH ALLEGHENY CO AIRPORT, PA US",2021-05-18,40.3551,-79.92145,379.2,26.7,10.6,0.0,5.8,1.1,7.6,,
USW00014762,"PITTSBURGH ALLEGHENY CO AIRPORT, PA US",2021-05-19,40.3551,-79.92145,379.2,28.9,12.2,0.0,4.5,1.9,7.2,,
USW00014762,"PITTSBURGH ALLEGHENY CO AIRPORT, PA US",2021-05-20,40.3551,-79.92145,379.2,30.0,14.4,0.0,5.8,2.0,7.2,,
USW00014762,"PITTSBURGH ALLEGHENY CO AIRPORT, PA US",2021-05-21,40.3551,-79.92145,379.2,30.0,16.1,0.0,6.3,2.8,8.9,,
USW00014762,"PITTSBURGH ALLEGHENY CO AIRPORT, PA US",2021-05-22,40.3551,-79.92145,379.2,28.3,16.1,0.0,7.2,2.8,10.3,,
USW00014762,"PITTSBURGH ALLEGHENY CO AIRPORT, PA US",2021-05-23,40.3551,-79.92145,379.2,30.0,20.0,0.0,7.2,3.3,12.5,,
USW00014762,"PITTSBURGH ALLEGHENY CO AIRPORT, PA US",2021-05-24,40.3551,-79.92145,379.2,24.4,18.3,1.3,4.0,1.5,7.2,    1,
USW00014762,"PITTSBURGH ALLEGHENY CO AIRPORT, PA US",2021-05-25,40.3551,-79.92145,379.2,31.1,17.2,0.0,8.9,3.9,12.1,,
USW00014762,"PITTSBURGH ALLEGHENY CO AIRPORT, PA US",2021-05-26,40.3551,-79.92145,379.2,29.4,18.3,3.8,14.8,4.7,25.5,,
USW00014762,"PITTSBURGH ALLEGHENY CO AIRPORT, PA US",2021-05-27,40.3551,-79.92145,379.2,24.4,15.6,0.0,6.3,2.4,9.4,,
USW00014762,"PITTSBURGH ALLEGHENY CO AIRPORT, PA US",2021-05-28,40.3551,-79.92145,379.2,21.1,10.0,11.9,6.3,2.9,11.2,,
USW00014762,"PITTSBURGH ALLEGHENY CO AIRPORT, PA US",2021-05-29,40.3551,-79.92145,379.2,10.0,8.3,4.3,5.8,3.0,10.3,,
USW00014762,"PITTSBURGH ALLEGHENY CO AIRPORT, PA US",2021-05-30,40.3551,-79.92145,379.2,12.8,8.3,0.0,4.5,2.1,7.2,,
USW00014762,"PITTSBURGH ALLEGHENY CO AIRPORT, PA US",2021-05-31,40.3551,-79.92145,379.2,21.7,8.3,0.0,4.0,1.3,7.2,,
