STATION,NAME,DATE,LATITUDE,LONGITUDE,ELEVATION,TMAX,TMIN,PRCP,WSF2,AWND,WSF5,WT01,WT03
USW00014762,"PITTSBURGH ALLEGHENY CO AIRPORT, PA US",2023-08-01,40.3551,-79.92145,379.2,24.4,15.0,0.0,3.1,0.9,5.8,,
USW00014762,"PITTSBURGH ALLEGHENY CO AIRPORT, PA US",2023-08-02,40.3551,-79.92145,379.2,26.1,14.4,0.0,4.0,1.3,5.8,,
USW00014762,"PITTSBURGH ALLEGHENY CO AIRPORT, PA US",2023-08-03,40.3551,-79.92145,379.2,30.0,16.1,0.0,5.4,2.2,6.7,,
USW00014762,"PITTSBURGH ALLEGHENY CO AIRPORT, PA US",2023-08-04,40.3551,-79.92145,379.2,31.1,18.9,0.0,6.3,2.4,10.7,,
USW00014762,"PITTSBURGH ALLEGHENY CO AIRPORT, PA US",2023-08-05,40.3551,-79.92145,379.2,27.8,17.2,0.0,3.6,1.0,5.8,,
USW00014762,"PITTSBURGH ALLEGHENY CO AIRPORT, PA US",2023-08-06,40.3551,-79.92145,379.2,30.0,18.3,0.0,8.9,3.2,12.1,,
USW00014762,"PITTSBURGH ALLEGHENY CO AIRPORT, PA US",2023-08-07,40.3551,-79.92145,379.2,23.3,17.8,11.4,7.2,2.0,12.5,,
USW00014762,"PITTSBURGH ALLEGHENY CO AIRPORT, PA US",2023-08-08,40.3551,-79.92145,379.2,27.2,16.7,0.0,7.6,3.9,13.9,,
USW00014762,"PITTSBURGH ALLEGHENY CO AIRPORT, PA US",2023-08-09,40.3551,-79.92145,379.2,28.3,18.3,0.0,8.9,3.9,12.1,,
USW00014762,"PITTSBURGH ALLEGHENY CO AIRPORT, PA US",2023-08-10,40.3551,-79.92145,379.2,26.1,19.4,4.3,6.7,2.6,10.7,,
USW00014762,"PITTSBURGH ALLEGHENY CO AIRPORT, PA US",2023-08-11,40.3551,-79.92145,379.2,27.8,17.8,0.0,6.7,3.4,11.6,,
USW00014762,"PITTSBURGH ALLEGHENY CO AIRPORT, PA US",2023-08-12,40.3551,-79.92145,379.2,29.4,18.3,21.3,8.9,3.9,12.1,,
USW00014762,"PITTSBURGH ALLEGHENY CO AIRPORT, PA US",2023-08-13,40.3551,-79.92145,379.2,28.9,19.4,0.0,5.4,2.7,8.9,,
USW00014762,"PITTSBURGH ALLEGHENY CO AIRPORT, PA US",2023-08-14,40.3551,-79.92145,379.2,25.6,18.9,15.0,4.5,1.7,7.2,,
USW00014762,"PITTSBURGH ALLEGHENY CO AIRPORT, PA US",2023-08-15,40.3551,-79.92145,379.2,26.7,19.4,5.3,8.1,3.5,11.2,,
USW00014762,"PITTSBURGH ALLEGHENY CO AIRPORT, PA US",2023-08-16,40.3551,-79.92145,379.2,25.0,18.3,0.0,5.4,2.0,7.2,,
USW00014762,"PITTSBURGH ALLEGHENY CO AIRPORT, PA US",2023-08-17,40.3551,-79.92145,379.2,27.2,17.8,10.2,8.1,3.6,12.5,,
USW00014762,"PITTSBURGH ALLEGHENY CO AIRPORT, PA US",2023-08-18,40.3551,-79.92145,379.2,22.8,16.1,0.0,6.7,3.4,13.0,,
USW00014762,"PITTSBURGH ALLEGHENY CO AIRPORT, PA US",2023-08-19,40.3551,-79.92145,379.2,25.0,11.7,0.0,4.5,2.4,8.9,,
USW00014762,"PITTSBURGH ALLEGHENY CO AIRPORT, PA US",2023-08-20,40.3551,-79.92145,379.2,28.3,13.9,0.0,5.4,2.6,7.2,,
USW00014762,"PITTSBURGH ALLEGHENY CO AIRPORT, PA US",2023-08-21,40.3551,-79.92145,379.2,31.7,18.9,0.0,4.5,1.7,8.5,,
USW00014762,"PITTSBURGH ALLEGHENY CO AIRPORT, PA US",2023-08-22,40.3551,-79.92145,379.2,26.1,17.8,0.0,4.0,1.8,8.1,,
USW00014762,"PITTSBURGH ALLEGHENY CO AIRPORT, PA US",2023-08-23,40.3551,-79.92145,379.2,25.0,15.0,9.7,10.3,2.6,17.0,,
USW00014762,"PITTSBURGH ALLEGHENY CO AIRPORT, PA US",2023-08-24,40.3551,-79.92145,379.2,27.2,18.9,2.5,7.2,3.7,10.7,,
USW00014762,"PITTSBURGH ALLEGHENY CO AIRPORT, PA US",2023-08-25,40.3551,-79.92145,379.2,27.8,20.0,30.5,11.6,3.8,20.6,,
USW00014762,"PITTSBURGH ALLEGHENY CO AIRPORT, PA US",2023-08-26,40.3551,-79.92145,379.2,27.8,19.4,0.0,4.0,1.4,8.5,,
USW00014762,"PITTSBURGH ALLEGHENY CO AIRPORT, PA US",2023-08-27,40.3551,-79.92145,379.2,26.7,17.2,0.0,3.6,1.9,6.7,,
USW00014762,"PITTSBURGH ALLEGHENY CO AIRPORT, PA US",2023-08-28,40.3551,-79.92145,379.2,26.7,16.7,0.0,3.6,1.0,4.9,,
USW00014762,"PITTSBURGH ALLEGHENY CO AIRPORT, PA US",2023-08-29,40.3551,-79.92145,379.2,26.7,18.3,0.0,4.5,1.7,6.7,,
USW00014762,"PITTSBURGH ALLEGHENY CO AIRPORT, PA US",2023-08-30,40.3551,-79.92145,379.2,22.2,16.1,0.0,6.3,2.8,11.6,,
USW00014762,"PITTSBURGH ALLEGHENY CO AIRPORT, PA US",2023-08-31,40.3551,-79.92145,379.2,23.9,13.9,0.0,5.4,2.2,8.9,,
