STATION,NAME,DATE,LATITUDE,LONGITUDE,ELEVATION,TMAX,TMIN,PRCP,SNOW,WSF2,AWND,WSF5,WT01,WT03
USW00094129,"PULLMAN MOSCOW REGIONAL AIRPORT, WA US",2023-08-01,46.74376,-117.11581,775.7,31.7,7.8,0.0,,4.5,1.2,6.7,,
USW00094129,"PULLMAN MOSCOW REGIONAL AIRPORT, WA US",2023-08-02,46.74376,-117.11581,775.7,32.2,8.9,0.0,,5.4,1.7,7.6,,
USW00094129,"PULLMAN MOSCOW REGIONAL AIRPORT, WA US",2023-08-03,46.74376,-117.11581,775.7,32.2,11.1,0.0,,6.3,1.8,7.6,,
USW00094129,"PULLMAN MOSCOW REGIONAL AIRPORT, WA US",2023-08-04,46.74376,-117.11581,775.7,28.9,13.9,0.0,,8.9,2.7,12.1,,
USW00094129,"PULLMAN MOSCOW REGIONAL AIRPORT, WA US",2023-08-05,46.74376,-117.11581,775.7,26.7,16.1,0.0,,7.6,1.7,9.8,,
USW00094129,"PULLMAN MOSCOW REGIONAL AIRPORT, WA US",2023-08-06,46.74376,-117.11581,775.7,23.9,15.0,0.5,,5.4,2.2,6.7,    1,
USW00094129,"PULLMAN MOSCOW REGIONAL AIRPORT, WA US",2023-08-07,46.74376,-117.11581,775.7,23.3,14.4,0.3,,8.9,3.0,12.1,    1,    1
USW00094129,"PULLMAN MOSCOW REGIONAL AIRPORT, WA US",2023-08-08,46.74376,-117.11581,775.7,27.2,13.9,0.0,,5.4,2.1,6.7,    1,
USW00094129,"PULLMAN MOSCOW REGIONAL AIRPORT, WA US",2023-08-09,46.74376,-117.11581,775.7,26.1,13.9,0.8,,6.7,2.1,8.9,,
USW00094129,"PULLMAN MOSCOW REGIONAL AIRPORT, WA US",2023-08-10,46.74376,-117.11581,775.7,26.1,10.6,0.0,,8.9,3.7,11.2,,
USW00094129,"PULLMAN MOSCOW REGIONAL AIRPORT, WA US",2023-08-11,46.74376,-117.11581,775.7,27.8,8.3,0.0,,6.7,1.6,9.8,,
USW00094129,"PULLMAN MOSCOW REGIONAL AIRPORT, WA US",2023-08-12,46.74376,-117.11581,775.7,28.9,10.0,0.0,,6.3,2.0,8.1,,
USW00094129,"PULLMAN MOSCOW REGIONAL AIRPORT, WA US",2023-08-13,46.74376,-117.11581,775.7,32.8,10.6,0.0,,5.4,1.2,6.7,,
USW00094129,"PULLMAN MOSCOW REGIONAL AIRPORT, WA US",2023-08-14,46.74376,-117.11581,775.7,36.1,13.3,0.0,,5.8,1.5,6.7,,
USW00094129,"PULLMAN MOSCOW REGIONAL AIRPORT, WA US",2023-08-15,46.74376,-117.11581,775.7,37.8,16.7,0.0,,6.7,2.4,8.9,,
USW00094129,"PULLMAN MOSCOW REGIONAL AIRPORT, WA US",2023-08-16,46.74376,-117.11581,775.7,36.7,16.1,0.0,,7.2,1.9,9.8,,
USW00094129,"PULLMAN MOSCOW REGIONAL AIRPORT, WA US",2023-08-17,46.74376,-117.11581,775.7,37.2,14.4,0.0,,10.7,3.5,14.3,,
USW00094129,"PULLMAN MOSCOW REGIONAL AIRPORT, WA US",2023-08-18,46.74376,-117.11581,775.7,29.4,12.2,0.0,,11.6,5.3,15.7,,
USW00094129,"PULLMAN MOSCOW REGIONAL AIRPORT, WA US",2023-08-19,46.74376,-117.11581,775.7,29.4,5.6,0.0,,4.5,1.2,6.3,,
USW00094129,"PULLMAN MOSCOW REGIONAL AIRPORT, WA US",2023-08-20,46.74376,-117.11581,775.7,26.1,9.4,0.0,,5.4,1.7,6.3,,
USW00094129,"PULLMAN MOSCOW REGIONAL AIRPORT, WA US",2023-08-21,46.74376,-117.11581,775.7,22.2,16.1,2.8,,8.1,3.5,10.3,    1,
USW00094129,"PULLMAN MOSCOW REGIONAL AIRPORT, WA US",2023-08-22,46.74376,-117.11581,775.7,16.7,12.8,7.9,,5.4,1.7,7.2,    1,
USW00094129,"PULLMAN MOSCOW REGIONAL AIRPORT, WA US",2023-08-23,46.74376,-117.11581,775.7,21.7,8.3,0.0,,6.3,1.8,8.1,    1,
USW00094129,"PULLMAN MOSCOW REGIONAL AIRPORT, WA US",2023-08-24,46.74376,-117.11581,775.7,27.8,5.0,0.0,,5.4,1.0,8.1,    1,
USW00094129,"PULLMAN MOSCOW REGIONAL AIRPORT, WA US",2023-08-25,46.74376,-117.11581,775.7,23.9,11.1,2.3,,7.6,2.3,9.8,,
USW00094129,"PULLMAN MOSCOW REGIONAL AIRPORT, WA US",2023-08-26,46.74376,-117.11581,775.7,33.3,14.4,0.0,,9.4,2.4,11.2,,
USW00094129,"PULLMAN MOSCOW REGIONAL AIRPORT, WA US",2023-08-27,46.74376,-117.11581,775.7,34.4,15.6,0.0,,6.3,2.0,7.6,,
USW00094129,"PULLMAN MOSCOW REGIONAL AIRPORT, WA US",2023-08-28,46.74376,-117.11581,775.7,35.0,13.3,0.0,,6.3,1.9,8.9,,
USW00094129,"PULLMAN MOSCOW REGIONAL AIRPORT, WA US",2023-08-29,46.74376,-117.11581,775.7,24.4,13.9,3.0,,11.6,5.4,15.7,    1,    1
USW00094129,"PULLMAN MOSCOW REGIONAL AIRPORT, WA US",2023-08-30,46.74376,-117.11581,775.7,19.4,11.7,0.0,,9.4,4.6,13.4,    1,
USW00094129,"PULLMAN MOSCOW REGIONAL AIRPORT, WA US",2023-08-31,46.74376,-117.11581,775.7,20.0,10.0,0.0,,5.8,2.1,7.2,,
