STATION,NAME,DATE,LATITUDE,LONGITUDE,ELEVATION,TMAX,TMIN,PRCP,SNOW,WSF2,AWND,WSF5,WT01,WT03
USW00094129,"PULLMAN MOSCOW REGIONAL AIRPORT, WA US",2021-05-01,46.74376,-117.11581,775.7,18.3,8.9,0.0,,9.8,5.3,13.9,,
USW00094129,"PULLMAN MOSCOW REGIONAL AIRPORT, WA US",2021-05-02,46.74376,-117.11581,775.7,15.6,3.3,0.0,,9.4,4.2,12.1,,
USW00094129,"PULLMAN MOSCOW REGIONAL AIRPORT, WA US",2021-05-03,46.74376,-117.11581,775.7,17.2,1.7,0.0,,6.7,1.8,8.9,,
USW00094129,"PULLMAN MOSCOW REGIONAL AIRPORT, WA US",2021-05-04,46.74376,-117.11581,775.7,17.8,4.4,0.0,,8.1,3.8,11.6,,
USW00094129,"PULLMAN MOSCOW REGIONAL AIRPORT, WA US",2021-05-05,46.74376,-117.11581,775.7,22.8,4.4,0.0,,8.1,4.4,10.3,,
USW00094129,"PULLMAN MOSCOW REGIONAL AIRPORT, WA US",2021-05-06,46.74376,-117.11581,775.7,29.4,10.6,0.0,,12.5,7.5,16.5,,
USW00094129,"PULLMAN MOSCOW REGIONAL AIRPORT, WA US",2021-05-07,46.74376,-117.11581,775.7,12.8,4.4,0.3,,13.0,6.3,16.5,,
USW00094129,"PULLMAN MOSCOW REGIONAL AIRPORT, WA US",2021-05-08,46.74376,-117.11581,775.7,12.8,1.7,0.0,,10.7,5.1,13.9,,
USW00094129,"PULLMAN MOSCOW REGIONAL AIRPORT, WA US",2021-05-09,46.74376,-117.11581,775.7,15.6,0.0,0.0,,7.2,2.2,9.4,,
USW00094129,"PULLMAN MOSCOW REGIONAL AIRPORT, WA US",2021-05-10,46.74376,-117.11581,775.7,17.2,3.9,0.0,,7.6,2.1,8.9,,
USW00094129,"PULLMAN MOSCOW REGIONAL AIRPORT, WA US",2021-05-11,46.74376,-117.11581,775.7,20.6,5.0,0.0,,6.3,2.5,8.1,,
USW00094129,"PULLMAN MOSCOW REGIONAL AIRPORT, WA US",2021-05-12,46.74376,-117.11581,775.7,21.7,5.6,0.0,,7.2,3.4,9.4,,
USW00094129,"PULLMAN MOSCOW REGIONAL AIRPORT, WA US",2021-05-13,46.74376,-117.11581,775.7,22.2,4.4,0.0,,8.1,2.1,10.7,,
USW00094129,"PULLMAN MOSCOW REGIONAL AIRPORT, WA US",2021-05-14,46.74376,-117.11581,775.7,23.9,5.6,0.0,,6.7,1.6,8.9,,
USW00094129,"PULLMAN MOSCOW REGIONAL AIRPORT, WA US",2021-05-15,46.74376,-117.11581,775.7,25.0,3.9,0.0,,7.2,1.6,8.9,,
USW00094129,"PULLMAN MOSCOW REGIONAL AIRPORT, WA US",2021-05-16,46.74376,-117.11581,775.7,26.7,5.6,0.0,,5.8,0.9,8.1,,
USW00094129,"PULLMAN MOSCOW REGIONAL AIRPORT, WA US",2021-05-17,46.74376,-117.11581,775.7,24.4,7.8,0.0,,10.7,4.3,13.9,,
USW00094129,"PULLMAN MOSCOW REGIONAL AIRPORT, WA US",2021-05-18,46.74376,-117.11581,775.7,15.0,7.2,0.0,,11.6,5.6,15.2,,
USW00094129,"PULLMAN MOSCOW REGIONAL AIRPORT, WA US",2021-05-19,46.74376,-117.11581,775.7,10.0,6.1,2.5,,7.2,2.3,8.5,    1,
USW00094129,"PULLMAN MOSCOW REGIONAL AIRPORT, WA US",2021-05-20,46.74376,-117.11581,775.7,9.4,4.4,5.3,,8.9,3.9,11.2,    1,
USW00094129,"PULLMAN MOSCOW REGIONAL AIRPORT, WA US",2021-05-21,46.74376,-117.11581,775.7,13.3,2.2,0.0,,8.1,3.0,10.3,,
USW00094129,"PULLMAN MOSCOW REGIONAL AIRPORT, WA US",2021-05-22,46.74376,-117.11581,775.7,17.2,6.1,0.0,,6.3,3.0,8.9,,
USW00094129,"PULLMAN MOSCOW REGIONAL AIRPORT, WA US",2021-05-23,46.74376,-117.11581,775.7,17.2,3.9,0.0,,13.9,6.4,17.9,,
USW00094129,"PULLMAN MOSCOW REGIONAL AIRPORT, WA US",2021-05-24,46.74376,-117.11581,775.7,18.9,7.8,0.0,,14.8,7.3,18.3,,
USW00094129,"PULLMAN MOSCOW REGIONAL AIRPORT, WA US",2021-05-25,46.74376,-117.11581,775.7,16.7,5.6,0.8,,6.7,1.7,8.1,,
USW00094129,"PULLMAN MOSCOW REGIONAL AIRPORT, WA US",2021-05-26,46.74376,-117.11581,775.7,20.6,8.3,0.0,,6.7,3.3,9.8,,
USW00094129,"PULLMAN MOSCOW REGIONAL AIRPORT, WA US",2021-05-27,46.74376,-117.11581,775.7,21.7,8.3,0.0,,13.0,6.8,17.9,,
USW00094129,"PULLMAN MOSCOW REGIONAL AIRPORT, WA US",2021-05-28,46.74376,-117.11581,775.7,16.1,6.1,0.0,,9.8,5.1,11.6,,
USW00094129,"PULLMAN MOSCOW REGIONAL AIRPORT, WA US",2021-05-29,46.74376,-117.11581,775.7,21.7,5.0,0.0,,6.3,2.3,8.1,,
USW00094129,"PULLMAN MOSCOW REGIONAL AIRPORT, WA US",2021-05-30,46.74376,-117.11581,775.7,23.9,3.9,0.0,,4.5,1.2,7.6,,
USW00094129,"PULLMAN MOSCOW REGIONAL AIRPORT, WA US",2021-05-31,46.74376,-117.11581,775.7,26.7,7.2,0.0,,5.8,1.6,8.5,,
