STATION,NAME,DATE,LATITUDE,LONGITUDE,ELEVATION,TMAX,TMIN,PRCP,WSF2,WSF5,AWND,WT01,WT03
USW00012970,"SAN ANTONIO STINSON MUNICIPAL AIRPORT, TX US",2023-06-01,29.33896,-98.47198,173.1,32.2,19.4,0.0,8.1,11.6,4.1,,
USW00012970,"SAN ANTONIO STINSON MUNICIPAL AIRPORT, TX US",2023-06-02,29.33896,-98.47198,173.1,31.7,22.2,9.7,11.6,25.9,3.4,    1,    1
USW00012970,"SAN ANTONIO STINSON MUNICIPAL AIRPORT, TX US",2023-06-03,29.33896,-98.47198,173.1,31.7,17.8,0.3,8.1,14.8,2.7,    1,    1
USW00012970,"SAN ANTONIO STINSON MUNICIPAL AIRPORT, TX US",2023-06-04,29.33896,-98.47198,173.1,29.4,21.1,3.8,6.3,8.5,2.1,    1,    1
USW00012970,"SAN ANTONIO STINSON MUNICIPAL AIRPORT, TX US",2023-06-05,29.33896,-98.47198,173.1,31.7,20.6,10.7,11.2,17.0,1.9,    1,    1
USW00012970,"SAN ANTONIO STINSON MUNICIPAL AIRPORT, TX US",2023-06-06,29.33896,-98.47198,173.1,30.6,19.4,30.2,7.6,11.2,1.4,    1,    1
USW00012970,"SAN ANTONIO STINSON MUNICIPAL AIRPORT, TX US",2023-06-07,29.33896,-98.47198,173.1,32.8,20.6,0.0,3.6,5.8,0.8,    1,
USW00012970,"SAN ANTONIO STINSON MUNICIPAL AIRPORT, TX US",2023-06-08,29.33896,-98.47198,173.1,34.4,22.2,0.0,7.2,9.4,1.9,,    1
USW00012970,"SAN ANTONIO STINSON MUNICIPAL AIRPORT, TX US",2023-06-09,29.33896,-98.47198,173.1,36.1,21.7,0.0,5.4,7.6,1.6,,
USW00012970,"SAN ANTONIO STINSON MUNICIPAL AIRPORT, TX US",2023-06-10,29.33896,-98.47198,173.1,35.6,24.4,0.0,7.6,10.7,3.1,,
USW00012970,"SAN ANTONIO STINSON MUNICIPAL AIRPORT, TX US",2023-06-11,29.33896,-98.47198,173.1,37.2,25.0,0.0,8.1,13.0,4.1,,
USW00012970,"SAN ANTONIO STINSON MUNICIPAL AIRPORT, TX US",2023-06-12,29.33896,-98.47198,173.1,35.6,25.6,0.0,8.1,10.3,3.9,,
USW00012970,"SAN ANTONIO STINSON MUNICIPAL AIRPORT, TX US",2023-06-13,29.33896,-98.47198,173.1,36.1,26.1,0.0,8.9,11.6,4.5,    1,
USW00012970,"SAN ANTONIO STINSON MUNICIPAL AIRPORT, TX US",2023-06-14,29.33896,-98.47198,173.1,33.9,26.1,0.0,7.6,11.2,2.0,    1,
USW00012970,"SAN ANTONIO STINSON MUNICIPAL AIRPORT, TX US",2023-06-15,29.33896,-98.47198,173.1,37.2,27.2,0.0,8.1,11.6,4.0,    1,
USW00012970,"SAN ANTONIO STINSON MUNICIPAL AIRPORT, TX US",2023-06-16,29.33896,-98.47198,173.1,38.9,26.7,0.0,6.7,9.4,3.4,    1,
USW00012970,"SAN ANTONIO STINSON MUNICIPAL AIRPORT, TX US",2023-06-17,29.33896,-98.47198,173.1,36.1,26.7,0.0,8.1,10.7,3.2,    1,
USW00012970,"SAN ANTONIO STINSON MUNICIPAL AIRPORT, TX US",2023-06-18,29.33896,-98.47198,173.1,40.0,26.1,0.0,6.7,9.8,3.8,    1,
USW00012970,"SAN ANTONIO STINSON MUNICIPAL AIRPORT, TX US",2023-06-19,29.33896,-98.47198,173.1,40.6,26.1,0.0,6.7,9.8,3.4,,
USW00012970,"SAN ANTONIO STINSON MUNICIPAL AIRPORT, TX US",2023-06-20,29.33896,-98.47198,173.1,40.0,25.6,0.0,5.8,8.9,2.7,    1,
USW00012970,"SAN ANTONIO STINSON MUNICIPAL AIRPORT, TX US",2023-06-21,29.33896,-98.47198,173.1,40.0,26.1,0.0,11.2,16.1,3.0,    1,    1
USW00012970,"SAN ANTONIO STINSON MUNICIPAL AIRPORT, TX US",2023-06-22,29.33896,-98.47198,173.1,34.4,25.6,0.3,9.4,12.5,3.7,,    1
USW00012970,"SAN ANTONIO STINSON MUNICIPAL AIRPORT, TX US",2023-06-23,29.33896,-98.47198,173.1,38.3,24.4,0.0,9.4,12.5,4.6,    1,
USW00012970,"SAN ANTONIO STINSON MUNICIPAL AIRPORT, TX US",2023-06-24,29.33896,-98.47198,173.1,38.9,24.4,0.0,9.4,12.5,4.3,,
USW00012970,"SAN ANTONIO STINSON MUNICIPAL AIRPORT, TX US",2023-06-25,29.33896,-98.47198,173.1,39.4,25.6,0.0,8.1,11.2,4.3,,
USW00012970,"SAN ANTONIO STINSON MUNICIPAL AIRPORT, TX US",2023-06-26,29.33896,-98.47198,173.1,40.6,25.0,0.0,7.2,10.7,3.5,,
USW00012970,"SAN ANTONIO STINSON MUNICIPAL AIRPORT, TX US",2023-06-27,29.33896,-98.47198,173.1,40.6,24.4,0.0,7.6,11.2,3.5,,
USW00012970,"SAN ANTONIO STINSON MUNICIPAL AIRPORT, TX US",2023-06-28,29.33896,-98.47198,173.1,38.9,23.3,0.0,8.9,13.0,4.3,,
USW00012970,"SAN ANTONIO STINSON MUNICIPAL AIRPORT, TX US",2023-06-29,29.33896,-98.47198,173.1,37.8,25.0,0.0,9.4,14.3,4.3,,
USW00012970,"SAN ANTONIO STINSON MUNICIPAL AIRPORT, TX US",2023-06-30,29.33896,-98.47198,173.1,37.8,26.1,0.0,9.4,13.9,5.7,,
