STATION,NAME,DATE,LATITUDE,LONGITUDE,ELEVATION,TMAX,TMIN,PRCP,WSF2,WSF5,AWND,WT01,WT03
USW00012970,"SAN ANTONIO STINSON MUNICIPAL AIRPORT, TX US",2024-05-01,29.33896,-98.47198,173.1,28.3,23.9,0.0,8.9,12.1,4.7,    1,
USW00012970,"SAN ANTONIO STINSON MUNICIPAL AIRPORT, TX US",2024-05-02,29.33896,-98.47198,173.1,27.8,23.3,1.8,6.7,9.8,3.4,    1,
USW00012970,"SAN ANTONIO STINSON MUNICIPAL AIRPORT, TX US",2024-05-03,29.33896,-98.47198,173.1,30.0,23.9,0.3,10.3,13.0,3.9,    1,
USW00012970,"SAN ANTONIO STINSON MUNICIPAL AIRPORT, TX US",2024-05-04,29.33896,-98.47198,173.1,29.4,22.2,0.5,8.1,11.2,4.6,    1,
USW00012970,"SAN ANTONIO STINSON MUNICIPAL AIRPORT, TX US",2024-05-05,29.33896,-98.47198,173.1,26.7,20.0,6.6,8.9,12.1,3.9,,    1
USW00012970,"SAN ANTONIO STINSON MUNICIPAL AIRPORT, TX US",2024-05-06,29.33896,-98.47198,173.1,30.6,23.9,0.0,8.9,12.1,4.2,    1,
USW00012970,"SAN ANTONIO STINSON MUNICIPAL AIRPORT, TX US",2024-05-07,29.33896,-98.47198,173.1,33.3,22.8,0.0,6.3,9.8,2.8,    1,
USW00012970,"SAN ANTONIO STINSON MUNICIPAL AIRPORT, TX US",2024-05-08,29.33896,-98.47198,173.1,32.8,24.4,0.0,6.7,8.9,2.7,    1,
USW00012970,"SAN ANTONIO STINSON MUNICIPAL AIRPORT, TX US",2024-05-09,29.33896,-98.47198,173.1,35.6,24.4,0.0,11.6,17.9,3.3,    1,
USW00012970,"SAN ANTONIO STINSON MUNICIPAL AIRPORT, TX US",2024-05-10,29.33896,-98.47198,173.1,31.7,23.3,0.0,9.4,13.4,5.7,,
USW00012970,"SAN ANTONIO STINSON MUNICIPAL AIRPORT, TX US",2024-05-11,29.33896,-98.47198,173.1,30.0,20.6,0.0,7.6,11.2,4.7,,
USW00012970,"SAN ANTONIO STINSON MUNICIPAL AIRPORT, TX US",2024-05-12,29.33896,-98.47198,173.1,33.3,20.6,0.0,6.3,8.9,2.8,,
USW00012970,"SAN ANTONIO STINSON MUNICIPAL AIRPORT, TX US",2024-05-13,29.33896,-98.47198,173.1,26.1,18.9,12.7,14.3,23.3,2.6,    1,    1
USW00012970,"SAN ANTONIO STINSON MUNICIPAL AIRPORT, TX US",2024-05-14,29.33896,-98.47198,173.1,34.4,17.2,0.0,4.5,6.3,2.2,,
USW00012970,"SAN ANTONIO STINSON MUNICIPAL AIRPORT, TX US",2024-05-15,29.33896,-98.47198,173.1,33.9,17.8,0.0,7.6,10.7,3.3,,
USW00012970,"SAN ANTONIO STINSON MUNICIPAL AIRPORT, TX US",2024-05-16,29.33896,-98.47198,173.1,28.9,20.0,0.0,11.2,18.3,5.0,,
USW00012970,"SAN ANTONIO STINSON MUNICIPAL AIRPORT, TX US",2024-05-17,29.33896,-98.47198,173.1,31.7,18.9,0.0,6.7,8.9,2.6,,
USW00012970,"SAN ANTONIO STINSON MUNICIPAL AIRPORT, TX US",2024-05-18,29.33896,-98.47198,173.1,36.1,18.3,0.0,6.7,8.9,2.3,    1,
USW00012970,"SAN ANTONIO STINSON MUNICIPAL AIRPORT, TX US",2024-05-19,29.33896,-98.47198,173.1,35.6,23.3,0.0,7.6,11.6,3.9,    1,
USW00012970,"SAN ANTONIO STINSON MUNICIPAL AIRPORT, TX US",2024-05-20,29.33896,-98.47198,173.1,36.7,21.7,0.0,8.9,12.5,3.9,    1,
USW00012970,"SAN ANTONIO STINSON MUNICIPAL AIRPORT, TX US",2024-05-21,29.33896,-98.47198,173.1,37.2,25.0,0.0,9.4,13.4,5.1,    1,
USW00012970,"SAN ANTONIO STINSON MUNICIPAL AIRPORT, TX US",2024-05-22,29.33896,-98.47198,173.1,36.7,26.7,0.0,9.4,13.0,5.2,    1,
USW00012970,"SAN ANTONIO STINSON MUNICIPAL AIRPORT, TX US",2024-05-23,29.33896,-98.47198,173.1,37.2,26.7,0.0,9.8,13.4,6.4,,
USW00012970,"SAN ANTONIO STINSON MUNICIPAL AIRPORT, TX US",2024-05-24,29.33896,-98.47198,173.1,38.3,26.1,0.0,7.6,10.3,3.9,,
USW00012970,"SAN ANTONIO STINSON MUNICIPAL AIRPORT, TX US",2024-05-25,29.33896,-98.47198,173.1,38.9,26.1,0.0,9.8,13.9,5.5,    1,
USW00012970,"SAN ANTONIO STINSON MUNICIPAL AIRPORT, TX US",2024-05-26,29.33896,-98.47198,173.1,36.1,25.0,0.0,5.8,7.6,3.0,,
USW00012970,"SAN ANTONIO STINSON MUNICIPAL AIRPORT, TX US",2024-05-27,29.33896,-98.47198,173.1,38.3,25.6,0.0,8.9,11.2,3.2,    1,
USW00012970,"SAN ANTONIO STINSON MUNICIPAL AIRPORT, TX US",2024-05-28,29.33896,-98.47198,173.1,37.8,22.8,2.5,13.4,17.4,4.7,    1,    1
USW00012970,"SAN ANTONIO STINSON MUNICIPAL AIRPORT, TX US",2024-05-29,29.33896,-98.47198,173.1,36.1,22.2,0.0,7.6,11.2,3.3,,
USW00012970,"SAN ANTONIO STINSON MUNICIPAL AIRPORT, TX US",2024-05-30,29.33896,-98.47198,173.1,37.2,26.1,0.0,12.5,17.9,5.1,,
USW00012970,"SAN ANTONIO STINSON MUNICIPAL AIRPORT, TX US",2024-05-31,29.33896,-98.47198,173.1,33.9,20.0,0.0,11.2,16.5,4.9,,
