STATION,NAME,DATE,LATITUDE,LONGITUDE,ELEVATION,TMAX,TMIN,PRCP,WSF2,WSF5,AWND,WT01,WT03
USW00012970,"SAN ANTONIO STINSON MUNICIPAL AIRPORT, TX US",2023-07-01,29.33896,-98.47198,173.1,38.3,26.7,0.0,7.6,11.2,4.2,,
USW00012970,"SAN ANTONIO STINSON MUNICIPAL AIRPORT, TX US",2023-07-02,29.33896,-98.47198,173.1,35.0,24.4,0.0,5.4,8.1,1.9,,
USW00012970,"SAN ANTONIO STINSON MUNICIPAL AIRPORT, TX US",2023-07-03,29.33896,-98.47198,173.1,36.1,25.6,0.0,7.2,9.8,3.0,,
USW00012970,"SAN ANTONIO STINSON MUNICIPAL AIRPORT, TX US",2023-07-04,29.33896,-98.47198,173.1,37.2,25.6,0.0,9.4,13.4,2.9,,
USW00012970,"SAN ANTONIO STINSON MUNICIPAL AIRPORT, TX US",2023-07-05,29.33896,-98.47198,173.1,35.6,26.1,0.0,9.4,12.1,4.2,,
USW00012970,"SAN ANTONIO STINSON MUNICIPAL AIRPORT, TX US",2023-07-06,29.33896,-98.47198,173.1,35.0,26.1,0.0,11.6,17.0,4.7,,
USW00012970,"SAN ANTONIO STINSON MUNICIPAL AIRPORT, TX US",2023-07-07,29.33896,-98.47198,173.1,33.9,25.0,0.0,8.1,10.7,3.9,,
USW00012970,"SAN ANTONIO STINSON MUNICIPAL AIRPORT, TX US",2023-07-08,29.33896,-98.47198,173.1,38.3,25.0,0.0,8.1,11.6,3.1,,
USW00012970,"SAN ANTONIO STINSON MUNICIPAL AIRPORT, TX US",2023-07-09,29.33896,-98.47198,173.1,39.4,25.0,0.0,8.9,11.6,4.2,,
USW00012970,"SAN ANTONIO STINSON MUNICIPAL AIRPORT, TX US",2023-07-10,29.33896,-98.47198,173.1,40.0,25.6,0.0,8.9,12.5,3.7,,
USW00012970,"SAN ANTONIO STINSON MUNICIPAL AIRPORT, TX US",2023-07-11,29.33896,-98.47198,173.1,40.6,26.1,0.0,9.8,13.4,4.3,,
USW00012970,"SAN ANTONIO STINSON MUNICIPAL AIRPORT, TX US",2023-07-12,29.33896,-98.47198,173.1,41.1,27.2,0.0,11.6,16.1,4.7,,
USW00012970,"SAN ANTONIO STINSON MUNICIPAL AIRPORT, TX US",2023-07-13,29.33896,-98.47198,173.1,41.1,26.1,0.0,9.4,13.0,4.5,,
USW00012970,"SAN ANTONIO STINSON MUNICIPAL AIRPORT, TX US",2023-07-14,29.33896,-98.47198,173.1,41.1,26.1,0.0,9.8,13.4,5.0,,
USW00012970,"SAN ANTONIO STINSON MUNICIPAL AIRPORT, TX US",2023-07-15,29.33896,-98.47198,173.1,41.1,26.1,0.0,8.1,11.6,3.9,,
USW00012970,"SAN ANTONIO STINSON MUNICIPAL AIRPORT, TX US",2023-07-16,29.33896,-98.47198,173.1,40.6,25.0,0.0,8.9,12.5,3.1,,
USW00012970,"SAN ANTONIO STINSON MUNICIPAL AIRPORT, TX US",2023-07-17,29.33896,-98.47198,173.1,40.6,23.3,0.0,8.9,12.1,3.0,,
USW00012970,"SAN ANTONIO STINSON MUNICIPAL AIRPORT, TX US",2023-07-18,29.33896,-98.47198,173.1,41.1,24.4,0.0,9.4,13.0,3.1,,
USW00012970,"SAN ANTONIO STINSON MUNICIPAL AIRPORT, TX US",2023-07-19,29.33896,-98.47198,173.1,41.1,25.6,0.0,9.8,13.4,4.3,,
USW00012970,"SAN ANTONIO STINSON MUNICIPAL AIRPORT, TX US",2023-07-20,29.33896,-98.47198,173.1,40.0,25.6,0.0,9.4,12.5,3.9,,
USW00012970,"SAN ANTONIO STINSON MUNICIPAL AIRPORT, TX US",2023-07-21,29.33896,-98.47198,173.1,39.4,25.0,0.0,7.6,12.1,2.4,,
USW00012970,"SAN ANTONIO STINSON MUNICIPAL AIRPORT, TX US",2023-07-22,29.33896,-98.47198,173.1,40.6,24.4,0.0,6.3,9.8,1.7,,
USW00012970,"SAN ANTONIO STINSON MUNICIPAL AIRPORT, TX US",2023-07-23,29.33896,-98.47198,173.1,39.4,25.6,3.8,9.4,14.8,1.8,,    1
USW00012970,"SAN ANTONIO STINSON MUNICIPAL AIRPORT, TX US",2023-07-24,29.33896,-98.47198,173.1,39.4,23.3,0.0,10.7,13.9,2.4,,
USW00012970,"SAN ANTONIO STINSON MUNICIPAL AIRPORT, TX US",2023-07-25,29.33896,-98.47198,173.1,38.9,23.9,0.0,7.6,10.7,2.5,,
USW00012970,"SAN ANTONIO STINSON MUNICIPAL AIRPORT, TX US",2023-07-26,29.33896,-98.47198,173.1,40.0,26.1,0.0,9.4,13.9,4.2,,
USW00012970,"SAN ANTONIO STINSON MUNICIPAL AIRPORT, TX US",2023-07-27,29.33896,-98.47198,173.1,38.9,25.6,0.0,9.4,13.4,3.8,,
USW00012970,"SAN ANTONIO STINSON MUNICIPAL AIRPORT, TX US",2023-07-28,29.33896,-98.47198,173.1,39.4,23.9,0.0,9.4,12.1,2.8,,
USW00012970,"SAN ANTONIO STINSON MUNICIPAL AIRPORT, TX US",2023-07-29,29.33896,-98.47198,173.1,38.3,22.8,0.0,7.2,10.7,2.6,,
USW00012970,"SAN ANTONIO STINSON MUNICIPAL AIRPORT, TX US",2023-07-30,29.33896,-98.47198,173.1,38.9,24.4,0.0,6.3,8.9,2.5,,
USW00012970,"SAN ANTONIO STINSON MUNICIPAL AIRPORT, TX US",2023-07-31,29.33896,-98.47198,173.1,39.4,25.0,0.0,8.1,12.5,2.4,,
