STATION,NAME,DATE,LATITUDE,LONGITUDE,ELEVATION,TMAX,TAVG,TMIN,SNOW,PRCP,WSF2,WSF5,AWND,WT01,WT03
USW00003822,"SAVANNAH HILTON HEAD INTERNATIONAL AIRPORT, GA US",2024-06-01,32.13133,-81.2023,8.7,28.9,23.8,15.6,0.0,0.0,7.6,12.1,4.0,,
USW00003822,"SAVANNAH HILTON HEAD INTERNATIONAL AIRPORT, GA US",2024-06-02,32.13133,-81.2023,8.7,29.4,24.9,19.4,0.0,0.0,7.6,10.3,3.4,,
USW00003822,"SAVANNAH HILTON HEAD INTERNATIONAL AIRPORT, GA US",2024-06-03,32.13133,-81.2023,8.7,30.6,25.3,19.4,0.0,0.0,7.6,10.3,3.0,,
USW00003822,"SAVANNAH HILTON HEAD INTERNATIONAL AIRPORT, GA US",2024-06-04,32.13133,-81.2023,8.7,31.7,26.1,21.1,0.0,0.0,7.6,10.7,3.2,,
USW00003822,"SAVANNAH HILTON HEAD INTERNATIONAL AIRPORT, GA US",2024-06-05,32.13133,-81.2023,8.7,31.7,25.9,22.2,0.0,14.7,11.2,15.2,3.0,    1,    1
USW00003822,"SAVANNAH HILTON HEAD INTERNATIONAL AIRPORT, GA US",2024-06-06,32.13133,-81.2023,8.7,33.9,27.9,23.9,0.0,0.0,7.6,10.3,3.9,,
USW00003822,"SAVANNAH HILTON HEAD INTERNATIONAL AIRPORT, GA US",2024-06-07,32.13133,-81.2023,8.7,34.4,29.4,23.9,0.0,1.0,7.6,13.0,4.0,,
USW00003822,"SAVANNAH HILTON HEAD INTERNATIONAL AIRPORT, GA US",2024-06-08,32.13133,-81.2023,8.7,34.4,28.1,21.7,0.0,0.0,6.3,8.9,2.5,,
USW00003822,"SAVANNAH HILTON HEAD INTERNATIONAL AIRPORT, GA US",2024-06-09,32.13133,-81.2023,8.7,35.6,28.5,22.2,0.0,0.0,7.2,9.4,3.3,    1,
USW00003822,"SAVANNAH HILTON HEAD INTERNATIONAL AIRPORT, GA US",2024-06-10,32.13133,-81.2023,8.7,33.3,28.4,23.3,0.0,12.2,11.2,14.3,2.9,    1,    1
USW00003822,"SAVANNAH HILTON HEAD INTERNATIONAL AIRPORT, GA US",2024-06-11,32.13133,-81.2023,8.7,31.7,25.8,22.2,0.0,0.0,7.6,9.8,3.0,    1,
USW00003822,"SAVANNAH HILTON HEAD INTERNATIONAL AIRPORT, GA US",2024-06-12,32.13133,-81.2023,8.7,31.7,26.4,20.6,0.0,0.0,9.8,12.5,3.6,,
USW00003822,"SAVANNAH HILTON HEAD INTERNATIONAL AIRPORT, GA US",2024-06-13,32.13133,-81.2023,8.7,32.8,26.7,22.8,0.0,0.0,9.8,13.0,4.4,,
USW00003822,"SAVANNAH HILTON HEAD INTERNATIONAL AIRPORT, GA US",2024-06-14,32.13133,-81.2023,8.7,33.9,27.4,21.7,0.0,0.0,6.7,9.4,2.9,,
USW00003822,"SAVANNAH HILTON HEAD INTERNATIONAL AIRPORT, GA US",2024-06-15,32.13133,-81.2023,8.7,35.6,28.4,21.1,0.0,0.0,6.7,8.9,2.5,,
USW00003822,"SAVANNAH HILTON HEAD INTERNATIONAL AIRPORT, GA US",2024-06-16,32.13133,-81.2023,8.7,33.3,28.6,22.8,0.0,0.0,7.6,10.7,3.2,,
USW00003822,"SAVANNAH HILTON HEAD INTERNATIONAL AIRPORT, GA US",2024-06-17,32.13133,-81.2023,8.7,32.2,28.7,22.8,0.0,0.0,9.8,13.9,4.7,,
USW00003822,"SAVANNAH HILTON HEAD INTERNATIONAL AIRPORT, GA US",2024-06-18,32.13133,-81.2023,8.7,31.7,26.7,21.7,0.0,0.0,10.3,13.9,5.2,,
USW00003822,"SAVANNAH HILTON HEAD INTERNATIONAL AIRPORT, GA US",2024-06-19,32.13133,-81.2023,8.7,31.7,26.5,21.1,0.0,0.0,11.2,15.7,5.2,,
USW00003822,"SAVANNAH HILTON HEAD INTERNATIONAL AIRPORT, GA US",2024-06-20,32.13133,-81.2023,8.7,32.2,26.6,21.7,0.0,0.0,9.8,13.4,4.7,,
USW00003822,"SAVANNAH HILTON HEAD INTERNATIONAL AIRPORT, GA US",2024-06-21,32.13133,-81.2023,8.7,32.2,26.1,21.1,0.0,2.8,9.4,11.6,4.0,    1,
USW00003822,"SAVANNAH HILTON HEAD INTERNATIONAL AIRPORT, GA US",2024-06-22,32.13133,-81.2023,8.7,31.1,26.8,24.4,0.0,23.9,9.8,13.0,4.8,    1,    1
USW00003822,"SAVANNAH HILTON HEAD INTERNATIONAL AIRPORT, GA US",2024-06-23,32.13133,-81.2023,8.7,35.0,28.1,23.3,0.0,11.2,8.9,13.0,3.5,    1,    1
USW00003822,"SAVANNAH HILTON HEAD INTERNATIONAL AIRPORT, GA US",2024-06-24,32.13133,-81.2023,8.7,34.4,29.4,25.0,0.0,0.0,6.7,9.4,4.4,,
USW00003822,"SAVANNAH HILTON HEAD INTERNATIONAL AIRPORT, GA US",2024-06-25,32.13133,-81.2023,8.7,36.1,30.2,25.6,0.0,0.0,6.7,9.8,3.4,,    1
USW00003822,"SAVANNAH HILTON HEAD INTERNATIONAL AIRPORT, GA US",2024-06-26,32.13133,-81.2023,8.7,35.0,29.8,25.0,0.0,0.0,8.1,11.6,3.9,,
USW00003822,"SAVANNAH HILTON HEAD INTERNATIONAL AIRPORT, GA US",2024-06-27,32.13133,-81.2023,8.7,35.0,28.1,25.0,0.0,5.6,15.7,19.2,3.1,,    1
USW00003822,"SAVANNAH HILTON HEAD INTERNATIONAL AIRPORT, GA US",2024-06-28,32.13133,-81.2023,8.7,32.8,27.4,24.4,0.0,0.0,7.6,9.8,2.8,,    1
USW00003822,"SAVANNAH HILTON HEAD INTERNATIONAL AIRPORT, GA US",2024-06-29,32.13133,-81.2023,8.7,35.6,28.7,24.4,0.0,0.0,8.1,10.7,2.9,,
USW00003822,"SAVANNAH HILTON HEAD INTERNATIONAL AIRPORT, GA US",2024-06-30,32.13133,-81.2023,8.7,34.4,29.4,25.0,0.0,0.0,7.2,9.4,3.6,,    1
