STATION,NAME,DATE,LATITUDE,LONGITUDE,ELEVATION,TMAX,TAVG,TMIN,SNOW,PRCP,WSF2,WSF5,AWND,WT01,WT03
USW00003822,"SAVANNAH HILTON HEAD INTERNATIONAL AIRPORT, GA US",2023-05-01,32.13133,-81.2023,8.7,26.1,19.7,11.7,0.0,0.0,14.3,17.9,4.9,,
USW00003822,"SAVANNAH HILTON HEAD INTERNATIONAL AIRPORT, GA US",2023-05-02,32.13133,-81.2023,8.7,26.7,18.9,10.6,0.0,0.0,13.4,17.4,5.4,,
USW00003822,"SAVANNAH HILTON HEAD INTERNATIONAL AIRPORT, GA US",2023-05-03,32.13133,-81.2023,8.7,25.0,19.4,10.6,0.0,0.0,12.5,15.7,5.2,,
USW00003822,"SAVANNAH HILTON HEAD INTERNATIONAL AIRPORT, GA US",2023-05-04,32.13133,-81.2023,8.7,24.4,17.4,9.4,0.0,0.0,6.7,8.5,2.3,,
USW00003822,"SAVANNAH HILTON HEAD INTERNATIONAL AIRPORT, GA US",2023-05-05,32.13133,-81.2023,8.7,24.4,18.4,12.2,0.0,0.0,7.6,8.9,2.4,,
USW00003822,"SAVANNAH HILTON HEAD INTERNATIONAL AIRPORT, GA US",2023-05-06,32.13133,-81.2023,8.7,23.9,19.7,17.2,0.0,1.0,7.2,9.4,2.7,,
USW00003822,"SAVANNAH HILTON HEAD INTERNATIONAL AIRPORT, GA US",2023-05-07,32.13133,-81.2023,8.7,27.2,21.2,14.4,0.0,0.0,8.9,11.2,3.5,    1,
USW00003822,"SAVANNAH HILTON HEAD INTERNATIONAL AIRPORT, GA US",2023-05-08,32.13133,-81.2023,8.7,31.7,23.7,18.3,0.0,0.0,8.1,10.3,4.4,,
USW00003822,"SAVANNAH HILTON HEAD INTERNATIONAL AIRPORT, GA US",2023-05-09,32.13133,-81.2023,8.7,32.2,25.7,20.6,0.0,0.0,7.6,9.8,3.7,,
USW00003822,"SAVANNAH HILTON HEAD INTERNATIONAL AIRPORT, GA US",2023-05-10,32.13133,-81.2023,8.7,27.8,24.5,20.0,0.0,0.0,7.6,9.8,3.8,,
USW00003822,"SAVANNAH HILTON HEAD INTERNATIONAL AIRPORT, GA US",2023-05-11,32.13133,-81.2023,8.7,30.0,22.6,16.7,0.0,0.0,8.9,10.7,4.5,    1,
USW00003822,"SAVANNAH HILTON HEAD INTERNATIONAL AIRPORT, GA US",2023-05-12,32.13133,-81.2023,8.7,29.4,24.3,20.0,0.0,0.0,8.9,11.2,4.1,,
USW00003822,"SAVANNAH HILTON HEAD INTERNATIONAL AIRPORT, GA US",2023-05-13,32.13133,-81.2023,8.7,28.3,23.9,18.9,0.0,0.0,7.2,8.9,2.6,,
USW00003822,"SAVANNAH HILTON HEAD INTERNATIONAL AIRPORT, GA US",2023-05-14,32.13133,-81.2023,8.7,31.7,25.1,19.4,0.0,6.1,8.9,10.3,2.3,    1,
USW00003822,"SAVANNAH HILTON HEAD INTERNATIONAL AIRPORT, GA US",2023-05-15,32.13133,-81.2023,8.7,27.8,24.3,20.0,0.0,0.0,7.6,10.7,4.1,    1,
USW00003822,"SAVANNAH HILTON HEAD INTERNATIONAL AIRPORT, GA US",2023-05-16,32.13133,-81.2023,8.7,32.2,24.4,17.8,0.0,0.0,8.1,10.3,2.8,    1,
USW00003822,"SAVANNAH HILTON HEAD INTERNATIONAL AIRPORT, GA US",2023-05-17,32.13133,-81.2023,8.7,32.8,26.3,20.6,0.0,3.8,9.8,12.1,3.8,,
USW00003822,"SAVANNAH HILTON HEAD INTERNATIONAL AIRPORT, GA US",2023-05-18,32.13133,-81.2023,8.7,27.8,22.8,19.4,0.0,35.3,9.4,11.6,3.3,    1,    1
USW00003822,"SAVANNAH HILTON HEAD INTERNATIONAL AIRPORT, GA US",2023-05-19,32.13133,-81.2023,8.7,24.4,20.6,18.3,0.0,0.3,5.8,7.2,3.4,    1,
USW00003822,"SAVANNAH HILTON HEAD INTERNATIONAL AIRPORT, GA US",2023-05-20,32.13133,-81.2023,8.7,27.2,22.5,18.9,0.0,0.0,5.4,6.7,2.3,,
USW00003822,"SAVANNAH HILTON HEAD INTERNATIONAL AIRPORT, GA US",2023-05-21,32.13133,-81.2023,8.7,26.7,22.7,20.0,0.0,28.7,7.6,9.4,2.7,    1,
USW00003822,"SAVANNAH HILTON HEAD INTERNATIONAL AIRPORT, GA US",2023-05-22,32.13133,-81.2023,8.7,25.6,23.3,21.1,0.0,0.0,7.6,9.8,4.3,,
USW00003822,"SAVANNAH HILTON HEAD INTERNATIONAL AIRPORT, GA US",2023-05-23,32.13133,-81.2023,8.7,26.1,22.3,19.4,0.0,0.0,8.1,11.2,4.1,,
USW00003822,"SAVANNAH HILTON HEAD INTERNATIONAL AIRPORT, GA US",2023-05-24,32.13133,-81.2023,8.7,28.3,23.1,17.2,0.0,0.0,6.7,9.4,3.1,,
USW00003822,"SAVANNAH HILTON HEAD INTERNATIONAL AIRPORT, GA US",2023-05-25,32.13133,-81.2023,8.7,28.3,21.2,13.9,0.0,0.0,8.9,11.2,3.8,,
USW00003822,"SAVANNAH HILTON HEAD INTERNATIONAL AIRPORT, GA US",2023-05-26,32.13133,-81.2023,8.7,20.6,19.9,16.1,0.0,0.0,11.2,16.1,6.8,,
USW00003822,"SAVANNAH HILTON HEAD INTERNATIONAL AIRPORT, GA US",2023-05-27,32.13133,-81.2023,8.7,16.1,14.6,11.7,0.0,35.1,11.2,17.0,7.6,    1,
USW00003822,"SAVANNAH HILTON HEAD INTERNATIONAL AIRPORT, GA US",2023-05-28,32.13133,-81.2023,8.7,20.0,16.8,15.0,0.0,0.0,7.2,8.9,3.6,    1,
USW00003822,"SAVANNAH HILTON HEAD INTERNATIONAL AIRPORT, GA US",2023-05-29,32.13133,-81.2023,8.7,28.9,19.9,12.8,0.0,0.0,6.3,8.1,2.2,    1,
USW00003822,"SAVANNAH HILTON HEAD INTERNATIONAL AIRPORT, GA US",2023-05-30,32.13133,-81.2023,8.7,28.9,23.2,17.2,0.0,0.0,8.9,10.3,3.6,    1,
USW00003822,"SAVANNAH HILTON HEAD INTERNATIONAL AIRPORT, GA US",2023-05-31,32.13133,-81.2023,8.7,28.3,23.4,18.9,0.0,0.0,8.1,11.2,3.8,    1,
