STATION,NAME,DATE,LATITUDE,LONGITUDE,ELEVATION,TMAX,TAVG,TMIN,SNOW,PRCP,WSF2,WSF5,AWND,WT01,WT03
USW00003822,"SAVANNAH HILTON HEAD INTERNATIONAL AIRPORT, GA US",2024-07-01,32.13133,-81.2023,8.7,32.8,27.7,24.4,0.0,51.6,10.7,13.9,2.5,    1,    1
USW00003822,"SAVANNAH HILTON HEAD INTERNATIONAL AIRPORT, GA US",2024-07-02,32.13133,-81.2023,8.7,30.6,26.4,24.4,0.0,0.3,7.6,10.3,4.7,,
USW00003822,"SAVANNAH HILTON HEAD INTERNATIONAL AIRPORT, GA US",2024-07-03,32.13133,-81.2023,8.7,31.1,27.5,24.4,0.0,0.0,8.1,10.7,3.3,,
USW00003822,"SAVANNAH HILTON HEAD INTERNATIONAL AIRPORT, GA US",2024-07-04,32.13133,-81.2023,8.7,33.9,28.1,22.8,0.0,0.0,5.8,7.6,2.3,    1,
USW00003822,"SAVANNAH HILTON HEAD INTERNATIONAL AIRPORT, GA US",2024-07-05,32.13133,-81.2023,8.7,35.6,29.4,24.4,0.0,0.0,7.6,9.8,3.4,    1,
USW00003822,"SAVANNAH HILTON HEAD INTERNATIONAL AIRPORT, GA US",2024-07-06,32.13133,-81.2023,8.7,34.4,29.5,25.6,0.0,0.0,8.9,11.2,4.2,,
USW00003822,"SAVANNAH HILTON HEAD INTERNATIONAL AIRPORT, GA US",2024-07-07,32.13133,-81.2023,8.7,33.3,29.1,24.4,0.0,0.0,7.2,9.8,3.4,,
USW00003822,"SAVANNAH HILTON HEAD INTERNATIONAL AIRPORT, GA US",2024-07-08,32.13133,-81.2023,8.7,34.4,28.8,24.4,0.0,35.1,10.7,17.4,2.2,    1,    1
USW00003822,"SAVANNAH HILTON HEAD INTERNATIONAL AIRPORT, GA US",2024-07-09,32.13133,-81.2023,8.7,35.6,28.7,25.0,0.0,0.0,7.6,10.7,2.2,    1,    1
USW00003822,"SAVANNAH HILTON HEAD INTERNATIONAL AIRPORT, GA US",2024-07-10,32.13133,-81.2023,8.7,34.4,29.1,25.6,0.0,0.0,7.2,9.4,3.6,,
USW00003822,"SAVANNAH HILTON HEAD INTERNATIONAL AIRPORT, GA US",2024-07-11,32.13133,-81.2023,8.7,34.4,28.9,23.3,0.0,0.0,5.8,8.5,2.0,,
USW00003822,"SAVANNAH HILTON HEAD INTERNATIONAL AIRPORT, GA US",2024-07-12,32.13133,-81.2023,8.7,35.0,28.6,25.0,0.0,0.0,7.2,9.8,2.6,,    1
USW00003822,"SAVANNAH HILTON HEAD INTERNATIONAL AIRPORT, GA US",2024-07-13,32.13133,-81.2023,8.7,35.0,28.6,25.6,0.0,6.4,12.5,16.1,1.5,,    1
USW00003822,"SAVANNAH HILTON HEAD INTERNATIONAL AIRPORT, GA US",2024-07-14,32.13133,-81.2023,8.7,36.7,29.6,25.6,0.0,0.0,6.7,8.9,2.5,,    1
USW00003822,"SAVANNAH HILTON HEAD INTERNATIONAL AIRPORT, GA US",2024-07-15,32.13133,-81.2023,8.7,36.1,29.1,23.9,0.0,29.7,11.2,13.9,3.0,    1,    1
USW00003822,"SAVANNAH HILTON HEAD INTERNATIONAL AIRPORT, GA US",2024-07-16,32.13133,-81.2023,8.7,34.4,27.8,23.3,0.0,0.0,9.8,13.4,3.7,,    1
USW00003822,"SAVANNAH HILTON HEAD INTERNATIONAL AIRPORT, GA US",2024-07-17,32.13133,-81.2023,8.7,35.0,29.1,24.4,0.0,2.0,10.3,13.4,4.0,,    1
USW00003822,"SAVANNAH HILTON HEAD INTERNATIONAL AIRPORT, GA US",2024-07-18,32.13133,-81.2023,8.7,33.3,26.3,23.3,0.0,5.1,11.6,17.9,2.8,,    1
USW00003822,"SAVANNAH HILTON HEAD INTERNATIONAL AIRPORT, GA US",2024-07-19,32.13133,-81.2023,8.7,34.4,27.5,23.3,0.0,23.6,10.7,13.9,3.1,    1,    1
USW00003822,"SAVANNAH HILTON HEAD INTERNATIONAL AIRPORT, GA US",2024-07-20,32.13133,-81.2023,8.7,33.3,26.6,22.8,0.0,37.8,12.5,15.7,2.2,    1,    1
USW00003822,"SAVANNAH HILTON HEAD INTERNATIONAL AIRPORT, GA US",2024-07-21,32.13133,-81.2023,8.7,33.3,25.9,22.8,0.0,4.1,5.8,8.1,1.8,    1,
USW00003822,"SAVANNAH HILTON HEAD INTERNATIONAL AIRPORT, GA US",2024-07-22,32.13133,-81.2023,8.7,32.8,27.1,24.4,0.0,4.1,9.4,11.6,2.2,    1,    1
USW00003822,"SAVANNAH HILTON HEAD INTERNATIONAL AIRPORT, GA US",2024-07-23,32.13133,-81.2023,8.7,33.9,28.1,25.0,0.0,0.0,7.6,9.8,2.5,,    1
USW00003822,"SAVANNAH HILTON HEAD INTERNATIONAL AIRPORT, GA US",2024-07-24,32.13133,-81.2023,8.7,33.9,29.4,26.1,0.0,0.0,9.4,12.1,3.8,,
USW00003822,"SAVANNAH HILTON HEAD INTERNATIONAL AIRPORT, GA US",2024-07-25,32.13133,-81.2023,8.7,32.8,27.7,23.9,0.0,14.2,10.3,13.9,3.0,    1,    1
USW00003822,"SAVANNAH HILTON HEAD INTERNATIONAL AIRPORT, GA US",2024-07-26,32.13133,-81.2023,8.7,33.3,26.8,23.9,0.0,0.0,9.4,11.6,2.4,,    1
USW00003822,"SAVANNAH HILTON HEAD INTERNATIONAL AIRPORT, GA US",2024-07-27,32.13133,-81.2023,8.7,32.2,27.1,24.4,0.0,0.0,8.9,10.7,3.1,,
USW00003822,"SAVANNAH HILTON HEAD INTERNATIONAL AIRPORT, GA US",2024-07-28,32.13133,-81.2023,8.7,32.2,27.8,23.9,0.0,0.0,7.2,9.4,2.7,,
USW00003822,"SAVANNAH HILTON HEAD INTERNATIONAL AIRPORT, GA US",2024-07-29,32.13133,-81.2023,8.7,32.2,27.4,23.3,0.0,0.5,7.2,9.8,2.3,    1,    1
USW00003822,"SAVANNAH HILTON HEAD INTERNATIONAL AIRPORT, GA US",2024-07-30,32.13133,-81.2023,8.7,34.4,26.9,22.2,0.0,1.8,6.7,8.9,3.0,,    1
USW00003822,"SAVANNAH HILTON HEAD INTERNATIONAL AIRPORT, GA US",2024-07-31,32.13133,-81.2023,8.7,35.6,28.7,24.4,0.0,1.0,13.9,20.1,3.4,,    1
