STATION,NAME,DATE,LATITUDE,LONGITUDE,ELEVATION,TMAX,TAVG,TMIN,SNOW,PRCP,WSF2,WSF5,AWND,WT01,WT03
USW00003822,"SAVANNAH HILTON HEAD INTERNATIONAL AIRPORT, GA US",2021-08-01,32.13133,-81.2023,8.7,35.0,29.6,24.4,0.0,0.0,9.4,12.1,4.4,,    1
USW00003822,"SAVANNAH HILTON HEAD INTERNATIONAL AIRPORT, GA US",2021-08-02,32.13133,-81.2023,8.7,33.9,26.9,22.8,0.0,11.2,11.2,14.8,3.2,    1,    1
USW00003822,"SAVANNAH HILTON HEAD INTERNATIONAL AIRPORT, GA US",2021-08-03,32.13133,-81.2023,8.7,30.0,25.1,22.8,0.0,5.3,6.3,7.2,2.1,    1,
USW00003822,"SAVANNAH HILTON HEAD INTERNATIONAL AIRPORT, GA US",2021-08-04,32.13133,-81.2023,8.7,27.2,24.1,21.7,0.0,0.0,5.8,7.2,3.2,,
USW00003822,"SAVANNAH HILTON HEAD INTERNATIONAL AIRPORT, GA US",2021-08-05,32.13133,-81.2023,8.7,25.6,23.0,21.7,0.0,2.8,6.3,7.6,3.5,    1,
USW00003822,"SAVANNAH HILTON HEAD INTERNATIONAL AIRPORT, GA US",2021-08-06,32.13133,-81.2023,8.7,30.6,24.3,21.7,0.0,2.0,9.4,11.6,2.6,    1,    1
USW00003822,"SAVANNAH HILTON HEAD INTERNATIONAL AIRPORT, GA US",2021-08-07,32.13133,-81.2023,8.7,30.0,25.5,22.8,0.0,0.5,4.5,6.3,2.2,,
USW00003822,"SAVANNAH HILTON HEAD INTERNATIONAL AIRPORT, GA US",2021-08-08,32.13133,-81.2023,8.7,32.8,26.3,22.8,0.0,0.5,9.4,10.7,1.3,    1,    1
USW00003822,"SAVANNAH HILTON HEAD INTERNATIONAL AIRPORT, GA US",2021-08-09,32.13133,-81.2023,8.7,32.8,26.9,22.8,0.0,0.0,6.7,8.9,1.8,    1,
USW00003822,"SAVANNAH HILTON HEAD INTERNATIONAL AIRPORT, GA US",2021-08-10,32.13133,-81.2023,8.7,33.3,27.9,23.3,0.0,0.0,6.7,8.1,2.1,    1,
USW00003822,"SAVANNAH HILTON HEAD INTERNATIONAL AIRPORT, GA US",2021-08-11,32.13133,-81.2023,8.7,33.3,28.2,23.3,0.0,0.0,7.2,8.5,2.2,,    1
USW00003822,"SAVANNAH HILTON HEAD INTERNATIONAL AIRPORT, GA US",2021-08-12,32.13133,-81.2023,8.7,33.3,27.9,23.3,0.0,0.0,6.7,7.6,2.2,,
USW00003822,"SAVANNAH HILTON HEAD INTERNATIONAL AIRPORT, GA US",2021-08-13,32.13133,-81.2023,8.7,33.3,27.4,22.8,0.0,0.0,6.7,7.2,1.8,,
USW00003822,"SAVANNAH HILTON HEAD INTERNATIONAL AIRPORT, GA US",2021-08-14,32.13133,-81.2023,8.7,32.2,27.4,23.9,0.0,0.0,6.3,8.1,2.2,,
USW00003822,"SAVANNAH HILTON HEAD INTERNATIONAL AIRPORT, GA US",2021-08-15,32.13133,-81.2023,8.7,30.0,25.9,22.8,0.0,10.2,5.8,7.2,1.6,    1,    1
USW00003822,"SAVANNAH HILTON HEAD INTERNATIONAL AIRPORT, GA US",2021-08-16,32.13133,-81.2023,8.7,30.0,25.4,22.8,0.0,23.6,8.1,11.6,3.2,    1,    1
USW00003822,"SAVANNAH HILTON HEAD INTERNATIONAL AIRPORT, GA US",2021-08-17,32.13133,-81.2023,8.7,32.2,27.5,25.0,0.0,7.6,10.3,13.4,4.7,    1,    1
USW00003822,"SAVANNAH HILTON HEAD INTERNATIONAL AIRPORT, GA US",2021-08-18,32.13133,-81.2023,8.7,33.9,28.4,25.0,0.0,0.0,7.6,8.9,3.0,,    1
USW00003822,"SAVANNAH HILTON HEAD INTERNATIONAL AIRPORT, GA US",2021-08-19,32.13133,-81.2023,8.7,34.4,28.8,25.6,0.0,0.0,5.8,7.2,2.3,,    1
USW00003822,"SAVANNAH HILTON HEAD INTERNATIONAL AIRPORT, GA US",2021-08-20,32.13133,-81.2023,8.7,32.2,28.2,24.4,0.0,0.0,5.8,7.2,2.8,,
USW00003822,"SAVANNAH HILTON HEAD INTERNATIONAL AIRPORT, GA US",2021-08-21,32.13133,-81.2023,8.7,32.8,27.7,23.9,0.0,2.3,6.3,7.6,2.5,    1,    1
USW00003822,"SAVANNAH HILTON HEAD INTERNATIONAL AIRPORT, GA US",2021-08-22,32.13133,-81.2023,8.7,31.1,26.6,23.3,0.0,24.1,12.5,14.8,3.4,    1,    1
USW00003822,"SAVANNAH HILTON HEAD INTERNATIONAL AIRPORT, GA US",2021-08-23,32.13133,-81.2023,8.7,32.2,26.1,23.9,0.0,0.0,7.6,9.8,2.3,,    1
USW00003822,"SAVANNAH HILTON HEAD INTERNATIONAL AIRPORT, GA US",2021-08-24,32.13133,-81.2023,8.7,32.2,25.9,22.8,0.0,0.0,8.9,10.7,2.6,    1,    1
USW00003822,"SAVANNAH HILTON HEAD INTERNATIONAL AIRPORT, GA US",2021-08-25,32.13133,-81.2023,8.7,31.7,26.6,23.3,0.0,0.0,6.7,8.5,2.2,,
USW00003822,"SAVANNAH HILTON HEAD INTERNATIONAL AIRPORT, GA US",2021-08-26,32.13133,-81.2023,8.7,32.2,27.2,22.8,0.0,0.0,9.4,11.6,3.6,    1,
USW00003822,"SAVANNAH HILTON HEAD INTERNATIONAL AIRPORT, GA US",2021-08-27,32.13133,-81.2023,8.7,32.2,27.9,25.0,0.0,0.0,7.6,9.8,3.7,,
USW00003822,"SAVANNAH HILTON HEAD INTERNATIONAL AIRPORT, GA US",2021-08-28,32.13133,-81.2023,8.7,31.7,27.6,23.3,0.0,0.0,9.4,11.2,3.8,,
USW00003822,"SAVANNAH HILTON HEAD INTERNATIONAL AIRPORT, GA US",2021-08-29,32.13133,-81.2023,8.7,31.1,26.6,21.7,0.0,0.0,6.3,9.4,2.2,    1,
USW00003822,"SAVANNAH HILTON HEAD INTERNATIONAL AIRPORT, GA US",2021-08-30,32.13133,-81.2023,8.7,32.2,26.1,20.6,0.0,0.0,5.8,7.2,2.1,    1,
USW00003822,"SAVANNAH HILTON HEAD INTERNATIONAL AIRPORT, GA US",2021-08-31,32.13133,-81.2023,8.7,32.8,26.7,23.3,0.0,1.8,13.4,17.9,3.7,    1,    1
