STATION,NAME,DATE,LATITUDE,LONGITUDE,ELEVATION,TMAX,TMIN,PRCP,WSF2,AWND,WSF5,WT01,WT03
USW00023190,"SANTA BARBARA MUNICIPAL AIRPORT, CA US",2021-08-01,34.4241,-119.84249,2.5,25.0,13.3,0.0,6.7,2.8,8.5,    1,
USW00023190,"SANTA BARBARA MUNICIPAL AIRPORT, CA US",2021-08-02,34.4241,-119.84249,2.5,26.1,11.1,0.0,4.5,1.6,6.7,,
USW00023190,"SANTA BARBARA MUNICIPAL AIRPORT, CA US",2021-08-03,34.4241,-119.84249,2.5,25.6,12.8,0.0,5.4,2.3,6.3,,
USW00023190,"SANTA BARBARA MUNICIPAL AIRPORT, CA US",2021-08-04,34.4241,-119.84249,2.5,25.6,15.6,0.0,4.5,2.6,,,
USW00023190,"SANTA BARBARA MUNICIPAL AIRPORT, CA US",2021-08-05,34.4241,-119.84249,2.5,26.7,14.4,0.0,7.6,3.0,10.3,,
USW00023190,"SANTA BARBARA MUNICIPAL AIRPORT, CA US",2021-08-06,34.4241,-119.84249,2.5,22.8,13.3,0.0,4.5,2.2,5.8,    1,
USW00023190,"SANTA BARBARA MUNICIPAL AIRPORT, CA US",2021-08-07,34.4241,-119.84249,2.5,22.8,13.9,0.0,7.2,2.7,8.9,    1,
USW00023190,"SANTA BARBARA MUNICIPAL AIRPORT, CA US",2021-08-08,34.4241,-119.84249,2.5,21.1,14.4,0.0,7.2,2.7,8.9,    1,
USW00023190,"SANTA BARBARA MUNICIPAL AIRPORT, CA US",2021-08-09,34.4241,-119.84249,2.5,21.7,15.0,0.0,8.1,2.9,9.4,    1,
USW00023190,"SANTA BARBARA MUNICIPAL AIRPORT, CA US",2021-08-10,34.4241,-119.84249,2.5,21.7,14.4,0.0,6.3,2.0,7.6,    1,
USW00023190,"SANTA BARBARA MUNICIPAL AIRPORT, CA US",2021-08-11,34.4241,-119.84249,2.5,27.8,16.1,0.0,7.6,2.9,8.9,    1,
USW00023190,"SANTA BARBARA MUNICIPAL AIRPORT, CA US",2021-08-12,34.4241,-119.84249,2.5,27.8,15.0,0.0,6.7,1.6,7.6,    1,
USW00023190,"SANTA BARBARA MUNICIPAL AIRPORT, CA US",2021-08-13,34.4241,-119.84249,2.5,25.6,14.4,0.0,6.3,2.0,7.2,    1,
USW00023190,"SANTA BARBARA MUNICIPAL AIRPORT, CA US",2021-08-14,34.4241,-119.84249,2.5,22.8,15.0,0.0,7.2,3.0,8.5,    1,
USW00023190,"SANTA BARBARA MUNICIPAL AIRPORT, CA US",2021-08-15,34.4241,-119.84249,2.5,24.4,14.4,0.0,4.5,2.2,5.8,,
USW00023190,"SANTA BARBARA MUNICIPAL AIRPORT, CA US",2021-08-16,34.4241,-119.84249,2.5,25.0,16.7,0.0,4.5,2.1,5.4,    1,
USW00023190,"SANTA BARBARA MUNICIPAL AIRPORT, CA US",2021-08-17,34.4241,-119.84249,2.5,23.9,15.6,0.0,5.8,2.7,7.2,    1,
USW00023190,"SANTA BARBARA MUNICIPAL AIRPORT, CA US",2021-08-18,34.4241,-119.84249,2.5,22.8,16.7,0.0,4.0,1.6,5.8,    1,
USW00023190,"SANTA BARBARA MUNICIPAL AIRPORT, CA US",2021-08-19,34.4241,-119.84249,2.5,24.4,15.6,0.0,6.7,2.2,7.6,,
USW00023190,"SANTA BARBARA MUNICIPAL AIRPORT, CA US",2021-08-20,34.4241,-119.84249,2.5,24.4,13.9,0.0,6.3,2.2,7.6,,
USW00023190,"SANTA BARBARA MUNICIPAL AIRPORT, CA US",2021-08-21,34.4241,-119.84249,2.5,22.8,15.0,0.0,6.3,1.5,7.2,    1,
USW00023190,"SANTA BARBARA MUNICIPAL AIRPORT, CA US",2021-08-22,34.4241,-119.84249,2.5,23.9,12.8,0.0,6.3,2.2,8.1,,
USW00023190,"SANTA BARBARA MUNICIPAL AIRPORT, CA US",2021-08-23,34.4241,-119.84249,2.5,23.3,12.8,0.0,6.7,2.2,8.1,    1,
USW00023190,"SANTA BARBARA MUNICIPAL AIRPORT, CA US",2021-08-24,34.4241,-119.84249,2.5,22.8,11.7,0.0,7.2,2.2,8.9,,
USW00023190,"SANTA BARBARA MUNICIPAL AIRPORT, CA US",2021-08-25,34.4241,-119.84249,2.5,25.0,12.2,0.0,5.8,2.2,7.2,    1,
USW00023190,"SANTA BARBARA MUNICIPAL AIRPORT, CA US",2021-08-26,34.4241,-119.84249,2.5,26.1,11.7,0.0,5.8,2.0,9.8,    1,
USW00023190,"SANTA BARBARA MUNICIPAL AIRPORT, CA US",2021-08-27,34.4241,-119.84249,2.5,24.4,12.8,0.0,4.5,2.0,6.3,    1,
USW00023190,"SANTA BARBARA MUNICIPAL AIRPORT, CA US",2021-08-28,34.4241,-119.84249,2.5,21.1,15.0,0.0,6.3,2.4,7.6,    1,
USW00023190,"SANTA BARBARA MUNICIPAL AIRPORT, CA US",2021-08-29,34.4241,-119.84249,2.5,21.7,13.9,0.0,6.7,2.8,8.5,    1,
USW00023190,"SANTA BARBARA MUNICIPAL AIRPORT, CA US",2021-08-30,34.4241,-119.84249,2.5,21.1,15.6,0.0,6.7,2.6,8.9,    1,
USW00023190,"SANTA BARBARA MUNICIPAL AIRPORT, CA US",2021-08-31,34.4241,-119.84249,2.5,21.7,16.7,0.0,6.3,2.1,7.2,    1,
