STATION,NAME,DATE,LATITUDE,LONGITUDE,ELEVATION,TMAX,TMIN,PRCP,WSF2,AWND,WSF5,WT01,WT03
USW00023190,"SANTA BARBARA MUNICIPAL AIRPORT, CA US",2023-05-01,34.4241,-119.84249,2.5,20.6,8.3,0.0,10.3,3.6,15.2,,
USW00023190,"SANTA BARBARA MUNICIPAL AIRPORT, CA US",2023-05-02,34.4241,-119.84249,2.5,16.7,6.7,0.0,5.4,1.5,6.7,,
USW00023190,"SANTA BARBARA MUNICIPAL AIRPORT, CA US",2023-05-03,34.4241,-119.84249,2.5,17.8,7.2,10.4,7.2,3.3,8.5,    1,
USW00023190,"SANTA BARBARA MUNICIPAL AIRPORT, CA US",2023-05-04,34.4241,-119.84249,2.5,18.3,9.4,3.6,6.3,2.6,7.6,    1,
USW00023190,"SANTA BARBARA MUNICIPAL AIRPORT, CA US",2023-05-05,34.4241,-119.84249,2.5,18.3,10.0,1.0,6.3,2.2,8.1,    1,
USW00023190,"SANTA BARBARA MUNICIPAL AIRPORT, CA US",2023-05-06,34.4241,-119.84249,2.5,18.9,7.8,0.0,9.8,2.8,12.1,,
USW00023190,"SANTA BARBARA MUNICIPAL AIRPORT, CA US",2023-05-07,34.4241,-119.84249,2.5,19.4,8.9,0.0,5.8,2.4,7.6,,
USW00023190,"SANTA BARBARA MUNICIPAL AIRPORT, CA US",2023-05-08,34.4241,-119.84249,2.5,22.2,9.4,0.0,7.6,2.0,9.8,,
USW00023190,"SANTA BARBARA MUNICIPAL AIRPORT, CA US",2023-05-09,34.4241,-119.84249,2.5,19.4,10.0,0.0,9.8,3.4,12.5,,
USW00023190,"SANTA BARBARA MUNICIPAL AIRPORT, CA US",2023-05-10,34.4241,-119.84249,2.5,20.6,10.6,0.0,6.3,2.9,8.1,,
USW00023190,"SANTA BARBARA MUNICIPAL AIRPORT, CA US",2023-05-11,34.4241,-119.84249,2.5,21.1,9.4,0.0,5.8,2.2,7.2,,
USW00023190,"SANTA BARBARA MUNICIPAL AIRPORT, CA US",2023-05-12,34.4241,-119.84249,2.5,21.1,10.0,0.0,5.4,2.1,6.3,    1,
USW00023190,"SANTA BARBARA MUNICIPAL AIRPORT, CA US",2023-05-13,34.4241,-119.84249,2.5,18.9,13.3,0.0,5.4,2.7,6.7,    1,
USW00023190,"SANTA BARBARA MUNICIPAL AIRPORT, CA US",2023-05-14,34.4241,-119.84249,2.5,20.6,13.3,0.0,4.5,2.7,6.3,    1,
USW00023190,"SANTA BARBARA MUNICIPAL AIRPORT, CA US",2023-05-15,34.4241,-119.84249,2.5,17.2,13.9,0.0,5.8,2.2,6.3,    1,
USW00023190,"SANTA BARBARA MUNICIPAL AIRPORT, CA US",2023-05-16,34.4241,-119.84249,2.5,18.9,12.8,0.0,4.5,2.2,7.6,    1,
USW00023190,"SANTA BARBARA MUNICIPAL AIRPORT, CA US",2023-05-17,34.4241,-119.84249,2.5,18.9,13.3,0.0,6.7,2.9,8.9,    1,
USW00023190,"SANTA BARBARA MUNICIPAL AIRPORT, CA US",2023-05-18,34.4241,-119.84249,2.5,18.9,13.9,0.0,4.5,2.6,5.8,    1,
USW00023190,"SANTA BARBARA MUNICIPAL AIRPORT, CA US",2023-05-19,34.4241,-119.84249,2.5,19.4,13.9,0.0,6.3,1.9,7.6,    1,
USW00023190,"SANTA BARBARA MUNICIPAL AIRPORT, CA US",2023-05-20,34.4241,-119.84249,2.5,20.0,14.4,0.0,5.4,2.5,6.7,    1,
USW00023190,"SANTA BARBARA MUNICIPAL AIRPORT, CA US",2023-05-21,34.4241,-119.84249,2.5,17.8,14.4,0.0,5.4,2.2,6.3,    1,
USW00023190,"SANTA BARBARA MUNICIPAL AIRPORT, CA US",2023-05-22,34.4241,-119.84249,2.5,17.8,13.9,0.0,5.8,2.2,6.7,    1,
USW00023190,"SANTA BARBARA MUNICIPAL AIRPORT, CA US",2023-05-23,34.4241,-119.84249,2.5,18.3,13.9,0.0,4.5,2.0,5.8,    1,
USW00023190,"SANTA BARBARA MUNICIPAL AIRPORT, CA US",2023-05-24,34.4241,-119.84249,2.5,20.0,15.6,0.0,6.3,2.7,7.2,,
USW00023190,"SANTA BARBARA MUNICIPAL AIRPORT, CA US",2023-05-25,34.4241,-119.84249,2.5,19.4,15.6,0.0,5.8,2.5,7.2,,
USW00023190,"SANTA BARBARA MUNICIPAL AIRPORT, CA US",2023-05-26,34.4241,-119.84249,2.5,20.0,12.8,0.0,7.2,2.5,9.4,,
USW00023190,"SANTA BARBARA MUNICIPAL AIRPORT, CA US",2023-05-27,34.4241,-119.84249,2.5,20.0,10.0,0.0,5.8,2.2,7.2,,
USW00023190,"SANTA BARBARA MUNICIPAL AIRPORT, CA US",2023-05-28,34.4241,-119.84249,2.5,18.9,14.4,0.0,4.5,2.1,5.8,,
USW00023190,"SANTA BARBARA MUNICIPAL AIRPORT, CA US",2023-05-29,34.4241,-119.84249,2.5,20.0,15.6,0.0,6.7,2.3,7.6,,
USW00023190,"SANTA BARBARA MUNICIPAL AIRPORT, CA US",2023-05-30,34.4241,-119.84249,2.5,20.0,15.6,0.0,7.6,2.1,9.4,,
USW00023190,"SANTA BARBARA MUNICIPAL AIRPORT, CA US",2023-05-31,34.4241,-119.84249,2.5,20.0,12.8,0.0,6.3,2.3,7.6,,
