STATION,NAME,DATE,LATITUDE,LONGITUDE,ELEVATION,TMAX,TMIN,PRCP,WSF2,AWND,WSF5,WT01,WT03
USW00023190,"SANTA BARBARA MUNICIPAL AIRPORT, CA US",2024-07-01,34.4241,-119.84249,2.5,21.7,14.4,0.0,5.4,2.6,7.6,    1,
USW00023190,"SANTA BARBARA MUNICIPAL AIRPORT, CA US",2024-07-02,34.4241,-119.84249,2.5,20.6,13.3,0.0,6.3,2.5,8.5,    1,
USW00023190,"SANTA BARBARA MUNICIPAL AIRPORT, CA US",2024-07-03,34.4241,-119.84249,2.5,21.7,13.9,0.0,7.2,2.6,8.9,    1,
USW00023190,"SANTA BARBARA MUNICIPAL AIRPORT, CA US",2024-07-04,34.4241,-119.84249,2.5,20.0,13.9,0.0,4.5,2.3,6.3,    1,
USW00023190,"SANTA BARBARA MUNICIPAL AIRPORT, CA US",2024-07-05,34.4241,-119.84249,2.5,25.0,13.3,0.0,4.5,2.3,6.3,    1,
USW00023190,"SANTA BARBARA MUNICIPAL AIRPORT, CA US",2024-07-06,34.4241,-119.84249,2.5,24.4,14.4,0.0,6.7,2.6,8.9,    1,
USW00023190,"SANTA BARBARA MUNICIPAL AIRPORT, CA US",2024-07-07,34.4241,-119.84249,2.5,22.8,14.4,0.0,6.3,2.2,8.5,    1,
USW00023190,"SANTA BARBARA MUNICIPAL AIRPORT, CA US",2024-07-08,34.4241,-119.84249,2.5,20.6,13.9,0.0,4.0,2.2,,    1,
USW00023190,"SANTA BARBARA MUNICIPAL AIRPORT, CA US",2024-07-09,34.4241,-119.84249,2.5,21.1,13.9,0.0,4.0,2.5,,    1,
USW00023190,"SANTA BARBARA MUNICIPAL AIRPORT, CA US",2024-07-10,34.4241,-119.84249,2.5,22.2,13.9,0.0,4.5,1.8,6.3,    1,
USW00023190,"SANTA BARBARA MUNICIPAL AIRPORT, CA US",2024-07-11,34.4241,-119.84249,2.5,21.7,13.9,0.0,7.6,3.2,9.4,    1,
USW00023190,"SANTA BARBARA MUNICIPAL AIRPORT, CA US",2024-07-12,34.4241,-119.84249,2.5,21.1,13.9,0.0,7.6,2.3,10.3,    1,
USW00023190,"SANTA BARBARA MUNICIPAL AIRPORT, CA US",2024-07-13,34.4241,-119.84249,2.5,23.3,15.6,0.0,7.6,2.9,10.7,    1,    1
USW00023190,"SANTA BARBARA MUNICIPAL AIRPORT, CA US",2024-07-14,34.4241,-119.84249,2.5,20.0,14.4,0.0,7.2,2.2,9.8,    1,
USW00023190,"SANTA BARBARA MUNICIPAL AIRPORT, CA US",2024-07-15,34.4241,-119.84249,2.5,23.3,13.9,0.0,7.2,2.6,9.8,    1,
USW00023190,"SANTA BARBARA MUNICIPAL AIRPORT, CA US",2024-07-16,34.4241,-119.84249,2.5,24.4,15.0,0.0,6.7,2.5,8.1,,
USW00023190,"SANTA BARBARA MUNICIPAL AIRPORT, CA US",2024-07-17,34.4241,-119.84249,2.5,23.9,14.4,0.0,6.7,2.9,8.1,,
USW00023190,"SANTA BARBARA MUNICIPAL AIRPORT, CA US",2024-07-18,34.4241,-119.84249,2.5,21.7,15.0,0.0,6.3,2.6,8.1,    1,
USW00023190,"SANTA BARBARA MUNICIPAL AIRPORT, CA US",2024-07-19,34.4241,-119.84249,2.5,21.1,15.0,0.0,5.4,2.8,,    1,
USW00023190,"SANTA BARBARA MUNICIPAL AIRPORT, CA US",2024-07-20,34.4241,-119.84249,2.5,24.4,14.4,0.0,4.0,2.4,5.8,    1,
USW00023190,"SANTA BARBARA MUNICIPAL AIRPORT, CA US",2024-07-21,34.4241,-119.84249,2.5,25.6,15.0,0.0,4.5,2.3,5.8,    1,
USW00023190,"SANTA BARBARA MUNICIPAL AIRPORT, CA US",2024-07-22,34.4241,-119.84249,2.5,23.3,15.0,0.0,6.3,2.6,8.5,    1,
USW00023190,"SANTA BARBARA MUNICIPAL AIRPORT, CA US",2024-07-23,34.4241,-119.84249,2.5,22.8,15.0,0.0,6.3,2.8,8.1,    1,
USW00023190,"SANTA BARBARA MUNICIPAL AIRPORT, CA US",2024-07-24,34.4241,-119.84249,2.5,23.3,15.0,0.0,7.6,2.5,9.4,    1,
USW00023190,"SANTA BARBARA MUNICIPAL AIRPORT, CA US",2024-07-25,34.4241,-119.84249,2.5,24.4,15.6,0.0,4.0,2.1,5.8,    1,
USW00023190,"SANTA BARBARA MUNICIPAL AIRPORT, CA US",2024-07-26,34.4241,-119.84249,2.5,23.3,14.4,0.0,4.5,2.7,6.7,    1,
USW00023190,"SANTA BARBARA MUNICIPAL AIRPORT, CA US",2024-07-27,34.4241,-119.84249,2.5,23.3,11.7,0.0,5.8,2.4,7.6,    1,
USW00023190,"SANTA BARBARA MUNICIPAL AIRPORT, CA US",2024-07-28,34.4241,-119.84249,2.5,23.9,11.7,0.0,4.5,1.8,7.2,    1,
USW00023190,"SANTA BARBARA MUNICIPAL AIRPORT, CA US",2024-07-29,34.4241,-119.84249,2.5,23.3,11.1,0.0,4.5,2.1,7.6,    1,
USW00023190,"SANTA BARBARA MUNICIPAL AIRPORT, CA US",2024-07-30,34.4241,-119.84249,2.5,23.3,14.4,0.0,4.5,2.5,6.7,    1,
USW00023190,"SANTA BARBARA MUNICIPAL AIRPORT, CA US",2024-07-31,34.4241,-119.84249,2.5,22.2,12.8,0.0,5.8,2.6,7.2,    1,
