STATION,NAME,DATE,LATITUDE,LONGITUDE,ELEVATION,TMAX,TAVG,TMIN,PRCP,WSF2,WSF5,AWND,WT01,WT03
USW00023234,"SAN FRANCISCO INTERNATIONAL AIRPORT, CA US",2021-05-01,37.61962,-122.36562,3.2,16.1,13.5,11.7,0.0,19.7,24.1,9.4,    1,
USW00023234,"SAN FRANCISCO INTERNATIONAL AIRPORT, CA US",2021-05-02,37.61962,-122.36562,3.2,19.4,13.9,11.1,0.0,17.9,21.5,9.5,,
USW00023234,"SAN FRANCISCO INTERNATIONAL AIRPORT, CA US",2021-05-03,37.61962,-122.36562,3.2,25.0,15.5,10.0,0.0,13.9,15.7,5.7,,
USW00023234,"SAN FRANCISCO INTERNATIONAL AIRPORT, CA US",2021-05-04,37.61962,-122.36562,3.2,22.2,16.7,12.2,0.0,13.4,15.2,6.8,,
USW00023234,"SAN FRANCISCO INTERNATIONAL AIRPORT, CA US",2021-05-05,37.61962,-122.36562,3.2,21.1,14.9,10.6,0.0,14.8,16.5,6.0,,
USW00023234,"SAN FRANCISCO INTERNATIONAL AIRPORT, CA US",2021-05-06,37.61962,-122.36562,3.2,17.8,12.7,10.0,0.0,14.3,17.4,7.9,,
USW00023234,"SAN FRANCISCO INTERNATIONAL AIRPORT, CA US",2021-05-07,37.61962,-122.36562,3.2,18.9,13.9,11.1,0.0,15.7,19.2,8.5,,
USW00023234,"SAN FRANCISCO INTERNATIONAL AIRPORT, CA US",2021-05-08,37.61962,-122.36562,3.2,26.1,16.1,10.0,0.0,13.9,15.7,6.5,,
USW00023234,"SAN FRANCISCO INTERNATIONAL AIRPORT, CA US",2021-05-09,37.61962,-122.36562,3.2,24.4,17.3,12.2,0.0,14.3,16.5,7.9,,
USW00023234,"SAN FRANCISCO INTERNATIONAL AIRPORT, CA US",2021-05-10,37.61962,-122.36562,3.2,28.9,16.7,11.1,0.0,12.5,14.3,4.9,,
USW00023234,"SAN FRANCISCO INTERNATIONAL AIRPORT, CA US",2021-05-11,37.61962,-122.36562,3.2,22.2,16.4,10.6,0.0,11.2,13.0,5.3,    1,
USW00023234,"SAN FRANCISCO INTERNATIONAL AIRPORT, CA US",2021-05-12,37.61962,-122.36562,3.2,20.0,14.1,10.0,0.0,11.2,13.4,5.6,    1,
USW00023234,"SAN FRANCISCO INTERNATIONAL AIRPORT, CA US",2021-05-13,37.61962,-122.36562,3.2,20.0,14.0,11.1,0.0,10.7,13.4,5.3,,
USW00023234,"SAN FRANCISCO INTERNATIONAL AIRPORT, CA US",2021-05-14,37.61962,-122.36562,3.2,16.1,12.8,11.1,0.0,14.8,17.9,7.2,,
USW00023234,"SAN FRANCISCO INTERNATIONAL AIRPORT, CA US",2021-05-15,37.61962,-122.36562,3.2,17.8,12.7,11.1,0.0,11.2,13.9,4.5,    1,
USW00023234,"SAN FRANCISCO INTERNATIONAL AIRPORT, CA US",2021-05-16,37.61962,-122.36562,3.2,19.4,14.6,11.7,0.0,9.8,12.5,4.6,,
USW00023234,"SAN FRANCISCO INTERNATIONAL AIRPORT, CA US",2021-05-17,37.61962,-122.36562,3.2,16.7,14.1,11.7,0.0,12.5,15.7,6.6,,
USW00023234,"SAN FRANCISCO INTERNATIONAL AIRPORT, CA US",2021-05-18,37.61962,-122.36562,3.2,20.0,14.6,12.2,0.0,16.5,20.1,8.1,,
USW00023234,"SAN FRANCISCO INTERNATIONAL AIRPORT, CA US",2021-05-19,37.61962,-122.36562,3.2,16.7,13.8,11.1,0.0,21.5,25.5,13.5,,
USW00023234,"SAN FRANCISCO INTERNATIONAL AIRPORT, CA US",2021-05-20,37.61962,-122.36562,3.2,18.3,13.2,10.0,0.0,17.4,20.1,9.4,,
USW00023234,"SAN FRANCISCO INTERNATIONAL AIRPORT, CA US",2021-05-21,37.61962,-122.36562,3.2,17.8,13.6,10.6,0.0,14.3,17.4,8.0,,
USW00023234,"SAN FRANCISCO INTERNATIONAL AIRPORT, CA US",2021-05-22,37.61962,-122.36562,3.2,21.1,14.2,9.4,0.0,11.6,13.9,4.7,,
USW00023234,"SAN FRANCISCO INTERNATIONAL AIRPORT, CA US",2021-05-23,37.61962,-122.36562,3.2,18.3,14.3,11.7,0.0,11.6,13.9,6.5,,
USW00023234,"SAN FRANCISCO INTERNATIONAL AIRPORT, CA US",2021-05-24,37.61962,-122.36562,3.2,18.3,13.4,10.6,0.0,16.1,19.7,8.5,,
USW00023234,"SAN FRANCISCO INTERNATIONAL AIRPORT, CA US",2021-05-25,37.61962,-122.36562,3.2,18.3,15.1,12.2,0.0,13.9,17.0,8.4,,
USW00023234,"SAN FRANCISCO INTERNATIONAL AIRPORT, CA US",2021-05-26,37.61962,-122.36562,3.2,18.9,14.7,11.1,0.0,14.8,18.8,6.6,,
USW00023234,"SAN FRANCISCO INTERNATIONAL AIRPORT, CA US",2021-05-27,37.61962,-122.36562,3.2,20.0,14.6,11.7,0.0,16.5,20.6,8.6,,
USW00023234,"SAN FRANCISCO INTERNATIONAL AIRPORT, CA US",2021-05-28,37.61962,-122.36562,3.2,20.0,15.9,12.2,0.0,10.3,14.8,5.9,,
USW00023234,"SAN FRANCISCO INTERNATIONAL AIRPORT, CA US",2021-05-29,37.61962,-122.36562,3.2,15.6,13.7,12.2,0.0,10.7,13.9,6.5,,
USW00023234,"SAN FRANCISCO INTERNATIONAL AIRPORT, CA US",2021-05-30,37.61962,-122.36562,3.2,22.8,14.9,11.7,0.0,13.0,14.8,5.2,,
USW00023234,"SAN FRANCISCO INTERNATIONAL AIRPORT, CA US",2021-05-31,37.61962,-122.36562,3.2,24.4,16.9,11.1,0.0,10.7,12.1,4.7,,
