STATION,NAME,DATE,LATITUDE,LONGITUDE,ELEVATION,TMAX,TAVG,TMIN,PRCP,SNOW,WSF2,WSF5,AWND,WT01,WT03
USW00023188,"SAN DIEGO INTERNATIONAL AIRPORT, CA US",2021-05-01,32.7336,-117.1831,4.6,20.0,19.1,16.1,0.0,,6.3,10.7,2.9,,
USW00023188,"SAN DIEGO INTERNATIONAL AIRPORT, CA US",2021-05-02,32.7336,-117.1831,4.6,18.9,16.6,15.0,0.3,,8.1,11.2,3.9,    1,
USW00023188,"SAN DIEGO INTERNATIONAL AIRPORT, CA US",2021-05-03,32.7336,-117.1831,4.6,21.7,17.8,16.1,0.0,,7.6,10.3,3.0,,
USW00023188,"SAN DIEGO INTERNATIONAL AIRPORT, CA US",2021-05-04,32.7336,-117.1831,4.6,22.8,18.7,16.7,0.0,,5.8,7.6,2.1,,
USW00023188,"SAN DIEGO INTERNATIONAL AIRPORT, CA US",2021-05-05,32.7336,-117.1831,4.6,22.2,18.5,16.1,0.0,,5.8,9.8,1.9,    1,
USW00023188,"SAN DIEGO INTERNATIONAL AIRPORT, CA US",2021-05-06,32.7336,-117.1831,4.6,20.0,17.8,16.1,0.0,,5.8,10.7,2.2,,
USW00023188,"SAN DIEGO INTERNATIONAL AIRPORT, CA US",2021-05-07,32.7336,-117.1831,4.6,20.0,17.4,16.1,0.0,,5.8,10.3,2.7,,
USW00023188,"SAN DIEGO INTERNATIONAL AIRPORT, CA US",2021-05-08,32.7336,-117.1831,4.6,20.0,17.8,16.7,0.0,,5.8,10.3,3.1,,
USW00023188,"SAN DIEGO INTERNATIONAL AIRPORT, CA US",2021-05-09,32.7336,-117.1831,4.6,20.6,17.5,16.1,0.0,,5.8,9.8,2.6,,
USW00023188,"SAN DIEGO INTERNATIONAL AIRPORT, CA US",2021-05-10,32.7336,-117.1831,4.6,19.4,17.4,16.1,0.0,,5.8,10.3,2.6,,
USW00023188,"SAN DIEGO INTERNATIONAL AIRPORT, CA US",2021-05-11,32.7336,-117.1831,4.6,19.4,17.4,16.1,0.0,,5.4,8.9,2.2,,
USW00023188,"SAN DIEGO INTERNATIONAL AIRPORT, CA US",2021-05-12,32.7336,-117.1831,4.6,20.6,18.1,16.7,0.0,,5.8,7.6,2.4,,
USW00023188,"SAN DIEGO INTERNATIONAL AIRPORT, CA US",2021-05-13,32.7336,-117.1831,4.6,22.2,19.3,17.2,0.0,,7.2,9.4,3.2,,
USW00023188,"SAN DIEGO INTERNATIONAL AIRPORT, CA US",2021-05-14,32.7336,-117.1831,4.6,21.1,18.5,17.2,0.0,,7.2,9.4,3.2,,
USW00023188,"SAN DIEGO INTERNATIONAL AIRPORT, CA US",2021-05-15,32.7336,-117.1831,4.6,19.4,17.8,16.7,0.0,,6.3,10.7,3.4,,
USW00023188,"SAN DIEGO INTERNATIONAL AIRPORT, CA US",2021-05-16,32.7336,-117.1831,4.6,18.3,16.7,15.0,1.0,,6.3,9.8,3.4,    1,
USW00023188,"SAN DIEGO INTERNATIONAL AIRPORT, CA US",2021-05-17,32.7336,-117.1831,4.6,20.0,16.9,15.6,0.5,,7.2,9.8,3.0,,
USW00023188,"SAN DIEGO INTERNATIONAL AIRPORT, CA US",2021-05-18,32.7336,-117.1831,4.6,21.1,17.9,16.7,0.0,,6.7,8.5,3.0,,
USW00023188,"SAN DIEGO INTERNATIONAL AIRPORT, CA US",2021-05-19,32.7336,-117.1831,4.6,20.6,18.3,16.7,0.0,,6.3,11.2,3.0,,
USW00023188,"SAN DIEGO INTERNATIONAL AIRPORT, CA US",2021-05-20,32.7336,-117.1831,4.6,19.4,17.9,16.1,0.0,,6.3,11.6,3.8,,
USW00023188,"SAN DIEGO INTERNATIONAL AIRPORT, CA US",2021-05-21,32.7336,-117.1831,4.6,18.9,17.1,15.0,0.0,,6.7,11.2,4.0,,
USW00023188,"SAN DIEGO INTERNATIONAL AIRPORT, CA US",2021-05-22,32.7336,-117.1831,4.6,18.9,16.2,13.9,0.0,,6.7,10.7,3.0,,
USW00023188,"SAN DIEGO INTERNATIONAL AIRPORT, CA US",2021-05-23,32.7336,-117.1831,4.6,21.1,16.7,12.2,0.0,,7.6,10.3,3.0,,
USW00023188,"SAN DIEGO INTERNATIONAL AIRPORT, CA US",2021-05-24,32.7336,-117.1831,4.6,24.4,18.5,13.9,0.0,,8.1,9.8,2.7,,
USW00023188,"SAN DIEGO INTERNATIONAL AIRPORT, CA US",2021-05-25,32.7336,-117.1831,4.6,24.4,19.3,15.0,0.0,,5.4,9.8,2.3,    1,
USW00023188,"SAN DIEGO INTERNATIONAL AIRPORT, CA US",2021-05-26,32.7336,-117.1831,4.6,21.1,19.6,16.1,0.0,,6.7,12.5,3.3,,
USW00023188,"SAN DIEGO INTERNATIONAL AIRPORT, CA US",2021-05-27,32.7336,-117.1831,4.6,20.6,17.6,16.1,0.0,,5.8,9.4,2.6,,
USW00023188,"SAN DIEGO INTERNATIONAL AIRPORT, CA US",2021-05-28,32.7336,-117.1831,4.6,20.6,17.9,16.7,0.0,,5.4,9.8,2.2,,
USW00023188,"SAN DIEGO INTERNATIONAL AIRPORT, CA US",2021-05-29,32.7336,-117.1831,4.6,18.9,17.3,15.6,0.0,,6.3,11.2,2.8,,
USW00023188,"SAN DIEGO INTERNATIONAL AIRPORT, CA US",2021-05-30,32.7336,-117.1831,4.6,20.0,17.3,16.1,0.0,,5.4,11.6,3.1,,
USW00023188,"SAN DIEGO INTERNATIONAL AIRPORT, CA US",2021-05-31,32.7336,-117.1831,4.6,21.1,17.8,16.7,0.0,,5.4,9.8,2.3,,
