STATION,NAME,DATE,LATITUDE,LONGITUDE,ELEVATION,TMAX,TAVG,TMIN,PRCP,WSF2,WSF5,AWND,WT01,WT03
USW00023234,"SAN FRANCISCO INTERNATIONAL AIRPORT, CA US",2023-08-01,37.61962,-122.36562,3.2,22.2,17.2,14.4,0.0,11.2,14.3,5.6,,
USW00023234,"SAN FRANCISCO INTERNATIONAL AIRPORT, CA US",2023-08-02,37.61962,-122.36562,3.2,19.4,16.8,14.4,0.0,11.2,14.8,6.0,,
USW00023234,"SAN FRANCISCO INTERNATIONAL AIRPORT, CA US",2023-08-03,37.61962,-122.36562,3.2,19.4,16.4,14.4,0.0,11.2,15.2,6.6,,
USW00023234,"SAN FRANCISCO INTERNATIONAL AIRPORT, CA US",2023-08-04,37.61962,-122.36562,3.2,21.7,16.9,14.4,0.0,13.0,16.1,5.8,,
USW00023234,"SAN FRANCISCO INTERNATIONAL AIRPORT, CA US",2023-08-05,37.61962,-122.36562,3.2,23.9,17.3,13.9,0.0,13.9,17.4,5.8,,
USW00023234,"SAN FRANCISCO INTERNATIONAL AIRPORT, CA US",2023-08-06,37.61962,-122.36562,3.2,25.0,18.2,13.9,0.0,12.5,15.7,5.3,    1,
USW00023234,"SAN FRANCISCO INTERNATIONAL AIRPORT, CA US",2023-08-07,37.61962,-122.36562,3.2,26.7,19.7,15.0,0.0,11.6,14.8,5.2,,
USW00023234,"SAN FRANCISCO INTERNATIONAL AIRPORT, CA US",2023-08-08,37.61962,-122.36562,3.2,23.9,17.7,13.9,0.0,7.6,11.2,3.8,,
USW00023234,"SAN FRANCISCO INTERNATIONAL AIRPORT, CA US",2023-08-09,37.61962,-122.36562,3.2,23.9,18.4,14.4,0.0,9.4,12.1,4.7,,
USW00023234,"SAN FRANCISCO INTERNATIONAL AIRPORT, CA US",2023-08-10,37.61962,-122.36562,3.2,27.2,18.5,15.0,0.0,7.6,10.3,3.4,,
USW00023234,"SAN FRANCISCO INTERNATIONAL AIRPORT, CA US",2023-08-11,37.61962,-122.36562,3.2,25.6,19.6,16.7,0.0,10.7,14.3,4.5,,
USW00023234,"SAN FRANCISCO INTERNATIONAL AIRPORT, CA US",2023-08-12,37.61962,-122.36562,3.2,23.9,18.8,15.0,0.0,11.2,13.9,4.8,,
USW00023234,"SAN FRANCISCO INTERNATIONAL AIRPORT, CA US",2023-08-13,37.61962,-122.36562,3.2,25.6,18.3,14.4,0.0,11.2,13.9,5.1,,
USW00023234,"SAN FRANCISCO INTERNATIONAL AIRPORT, CA US",2023-08-14,37.61962,-122.36562,3.2,23.3,19.0,15.6,0.0,11.6,14.3,5.1,,
USW00023234,"SAN FRANCISCO INTERNATIONAL AIRPORT, CA US",2023-08-15,37.61962,-122.36562,3.2,26.7,19.2,15.0,0.0,10.7,13.4,5.6,,
USW00023234,"SAN FRANCISCO INTERNATIONAL AIRPORT, CA US",2023-08-16,37.61962,-122.36562,3.2,25.0,19.0,15.6,0.0,11.2,13.9,5.8,,
USW00023234,"SAN FRANCISCO INTERNATIONAL AIRPORT, CA US",2023-08-17,37.61962,-122.36562,3.2,23.9,19.1,15.6,0.0,10.7,13.9,6.0,,
USW00023234,"SAN FRANCISCO INTERNATIONAL AIRPORT, CA US",2023-08-18,37.61962,-122.36562,3.2,26.7,20.1,17.2,0.0,9.4,11.6,4.1,,
USW00023234,"SAN FRANCISCO INTERNATIONAL AIRPORT, CA US",2023-08-19,37.61962,-122.36562,3.2,25.0,19.7,16.7,0.0,10.7,12.5,4.7,,
USW00023234,"SAN FRANCISCO INTERNATIONAL AIRPORT, CA US",2023-08-20,37.61962,-122.36562,3.2,31.7,20.1,16.1,0.0,10.3,13.4,4.2,    1,
USW00023234,"SAN FRANCISCO INTERNATIONAL AIRPORT, CA US",2023-08-21,37.61962,-122.36562,3.2,23.9,21.3,17.2,0.8,11.6,18.3,5.5,,
USW00023234,"SAN FRANCISCO INTERNATIONAL AIRPORT, CA US",2023-08-22,37.61962,-122.36562,3.2,25.6,21.6,17.8,0.0,10.3,13.0,4.8,,
USW00023234,"SAN FRANCISCO INTERNATIONAL AIRPORT, CA US",2023-08-23,37.61962,-122.36562,3.2,31.7,21.3,17.2,0.0,11.2,13.9,4.1,    1,
USW00023234,"SAN FRANCISCO INTERNATIONAL AIRPORT, CA US",2023-08-24,37.61962,-122.36562,3.2,27.8,23.4,17.8,0.0,8.9,10.7,4.3,,
USW00023234,"SAN FRANCISCO INTERNATIONAL AIRPORT, CA US",2023-08-25,37.61962,-122.36562,3.2,22.2,19.8,16.1,0.0,10.7,13.9,5.9,,
USW00023234,"SAN FRANCISCO INTERNATIONAL AIRPORT, CA US",2023-08-26,37.61962,-122.36562,3.2,20.6,17.5,15.0,0.0,12.5,15.2,6.6,    1,
USW00023234,"SAN FRANCISCO INTERNATIONAL AIRPORT, CA US",2023-08-27,37.61962,-122.36562,3.2,21.1,17.3,14.4,0.0,13.4,16.5,6.0,,
USW00023234,"SAN FRANCISCO INTERNATIONAL AIRPORT, CA US",2023-08-28,37.61962,-122.36562,3.2,23.3,18.2,15.0,0.0,12.5,16.5,7.7,    1,
USW00023234,"SAN FRANCISCO INTERNATIONAL AIRPORT, CA US",2023-08-29,37.61962,-122.36562,3.2,24.4,18.6,14.4,0.0,11.6,14.8,6.6,,
USW00023234,"SAN FRANCISCO INTERNATIONAL AIRPORT, CA US",2023-08-30,37.61962,-122.36562,3.2,32.8,21.0,16.1,0.0,11.2,14.3,4.1,,
USW00023234,"SAN FRANCISCO INTERNATIONAL AIRPORT, CA US",2023-08-31,37.61962,-122.36562,3.2,24.4,19.9,15.0,0.0,11.6,15.7,5.3,,
