STATION,NAME,DATE,LATITUDE,LONGITUDE,ELEVATION,TMAX,TAVG,TMIN,PRCP,SNOW,WSF2,WSF5,AWND,WT01,WT03
USW00023188,"SAN DIEGO INTERNATIONAL AIRPORT, CA US",2022-05-01,32.7336,-117.1831,4.6,18.9,16.6,14.4,0.0,,8.1,12.5,4.2,,
USW00023188,"SAN DIEGO INTERNATIONAL AIRPORT, CA US",2022-05-02,32.7336,-117.1831,4.6,18.3,15.7,14.4,0.0,,5.8,11.2,2.9,,
USW00023188,"SAN DIEGO INTERNATIONAL AIRPORT, CA US",2022-05-03,32.7336,-117.1831,4.6,17.8,16.3,13.9,0.0,,5.8,11.6,3.2,,
USW00023188,"SAN DIEGO INTERNATIONAL AIRPORT, CA US",2022-05-04,32.7336,-117.1831,4.6,20.0,15.6,12.2,0.0,,7.2,8.9,2.3,,
USW00023188,"SAN DIEGO INTERNATIONAL AIRPORT, CA US",2022-05-05,32.7336,-117.1831,4.6,20.6,17.3,14.4,0.0,,8.9,10.7,2.9,    1,
USW00023188,"SAN DIEGO INTERNATIONAL AIRPORT, CA US",2022-05-06,32.7336,-117.1831,4.6,19.4,16.3,14.4,0.0,,5.4,9.8,2.4,    1,
USW00023188,"SAN DIEGO INTERNATIONAL AIRPORT, CA US",2022-05-07,32.7336,-117.1831,4.6,18.9,17.2,15.6,0.0,,5.4,10.7,3.4,,
USW00023188,"SAN DIEGO INTERNATIONAL AIRPORT, CA US",2022-05-08,32.7336,-117.1831,4.6,18.3,16.3,14.4,0.0,,6.7,13.0,4.5,,
USW00023188,"SAN DIEGO INTERNATIONAL AIRPORT, CA US",2022-05-09,32.7336,-117.1831,4.6,19.4,15.7,13.3,0.0,,8.1,11.6,3.7,,
USW00023188,"SAN DIEGO INTERNATIONAL AIRPORT, CA US",2022-05-10,32.7336,-117.1831,4.6,18.9,15.3,11.1,0.0,,7.6,10.3,3.0,,
USW00023188,"SAN DIEGO INTERNATIONAL AIRPORT, CA US",2022-05-11,32.7336,-117.1831,4.6,18.3,14.9,11.7,0.0,,8.1,11.2,3.6,,
USW00023188,"SAN DIEGO INTERNATIONAL AIRPORT, CA US",2022-05-12,32.7336,-117.1831,4.6,23.9,16.2,9.4,0.0,,7.6,11.2,2.9,,
USW00023188,"SAN DIEGO INTERNATIONAL AIRPORT, CA US",2022-05-13,32.7336,-117.1831,4.6,25.0,18.8,11.7,0.0,,6.7,9.8,2.0,,
USW00023188,"SAN DIEGO INTERNATIONAL AIRPORT, CA US",2022-05-14,32.7336,-117.1831,4.6,27.2,20.2,12.8,0.0,,5.8,7.2,1.7,,
USW00023188,"SAN DIEGO INTERNATIONAL AIRPORT, CA US",2022-05-15,32.7336,-117.1831,4.6,21.1,19.4,15.0,0.0,,5.8,9.8,2.9,    1,
USW00023188,"SAN DIEGO INTERNATIONAL AIRPORT, CA US",2022-05-16,32.7336,-117.1831,4.6,19.4,16.2,14.4,0.0,,5.4,9.4,3.2,    1,
USW00023188,"SAN DIEGO INTERNATIONAL AIRPORT, CA US",2022-05-17,32.7336,-117.1831,4.6,17.8,16.0,13.9,0.0,,5.8,12.5,3.5,,
USW00023188,"SAN DIEGO INTERNATIONAL AIRPORT, CA US",2022-05-18,32.7336,-117.1831,4.6,18.3,16.2,15.0,0.0,,5.8,10.3,3.4,,
USW00023188,"SAN DIEGO INTERNATIONAL AIRPORT, CA US",2022-05-19,32.7336,-117.1831,4.6,18.3,15.8,14.4,0.0,,5.8,11.2,3.3,    1,
USW00023188,"SAN DIEGO INTERNATIONAL AIRPORT, CA US",2022-05-20,32.7336,-117.1831,4.6,18.3,16.0,14.4,0.5,,8.1,13.0,4.0,    1,
USW00023188,"SAN DIEGO INTERNATIONAL AIRPORT, CA US",2022-05-21,32.7336,-117.1831,4.6,18.9,16.1,15.0,0.0,,6.3,11.6,2.9,,
USW00023188,"SAN DIEGO INTERNATIONAL AIRPORT, CA US",2022-05-22,32.7336,-117.1831,4.6,20.0,16.6,14.4,0.0,,7.6,9.8,2.7,,
USW00023188,"SAN DIEGO INTERNATIONAL AIRPORT, CA US",2022-05-23,32.7336,-117.1831,4.6,18.3,15.5,13.9,0.0,,5.8,9.8,2.9,,
USW00023188,"SAN DIEGO INTERNATIONAL AIRPORT, CA US",2022-05-24,32.7336,-117.1831,4.6,17.8,15.8,14.4,0.0,,4.5,9.4,2.1,,
USW00023188,"SAN DIEGO INTERNATIONAL AIRPORT, CA US",2022-05-25,32.7336,-117.1831,4.6,18.9,15.6,12.8,0.0,,4.5,9.4,1.9,,
USW00023188,"SAN DIEGO INTERNATIONAL AIRPORT, CA US",2022-05-26,32.7336,-117.1831,4.6,18.9,16.8,15.6,0.0,,5.8,10.3,2.4,,
USW00023188,"SAN DIEGO INTERNATIONAL AIRPORT, CA US",2022-05-27,32.7336,-117.1831,4.6,20.0,16.8,15.6,0.0,,6.7,9.4,2.9,,
USW00023188,"SAN DIEGO INTERNATIONAL AIRPORT, CA US",2022-05-28,32.7336,-117.1831,4.6,18.3,16.9,15.6,0.0,,6.7,9.8,3.4,,
USW00023188,"SAN DIEGO INTERNATIONAL AIRPORT, CA US",2022-05-29,32.7336,-117.1831,4.6,19.4,17.1,15.6,0.0,,6.3,12.1,3.2,,
USW00023188,"SAN DIEGO INTERNATIONAL AIRPORT, CA US",2022-05-30,32.7336,-117.1831,4.6,20.0,17.1,15.6,0.0,,5.4,8.9,2.8,,
USW00023188,"SAN DIEGO INTERNATIONAL AIRPORT, CA US",2022-05-31,32.7336,-117.1831,4.6,20.0,17.4,15.6,0.0,,5.4,10.7,3.2,,
