STATION,NAME,DATE,LATITUDE,LONGITUDE,ELEVATION,TMAX,TMIN,PRCP,WSF2,WSF5,AWND,WT01,WT03
USW00012970,"SAN ANTONIO STINSON MUNICIPAL AIRPORT, TX US",2021-06-01,29.33896,-98.47198,173.1,31.1,20.6,10.2,13.9,21.5,2.6,    1,    1
USW00012970,"SAN ANTONIO STINSON MUNICIPAL AIRPORT, TX US",2021-06-02,29.33896,-98.47198,173.1,31.7,22.2,0.0,7.6,12.5,1.8,,
USW00012970,"SAN ANTONIO STINSON MUNICIPAL AIRPORT, TX US",2021-06-03,29.33896,-98.47198,173.1,27.2,20.6,35.3,8.9,13.9,3.0,    1,    1
USW00012970,"SAN ANTONIO STINSON MUNICIPAL AIRPORT, TX US",2021-06-04,29.33896,-98.47198,173.1,30.6,21.1,0.0,4.0,6.7,1.7,    1,
USW00012970,"SAN ANTONIO STINSON MUNICIPAL AIRPORT, TX US",2021-06-05,29.33896,-98.47198,173.1,32.2,21.7,0.0,9.8,14.3,2.2,    1,    1
USW00012970,"SAN ANTONIO STINSON MUNICIPAL AIRPORT, TX US",2021-06-06,29.33896,-98.47198,173.1,33.9,21.7,0.0,7.2,10.7,3.6,    1,
USW00012970,"SAN ANTONIO STINSON MUNICIPAL AIRPORT, TX US",2021-06-07,29.33896,-98.47198,173.1,34.4,27.2,0.0,8.1,10.7,4.6,,
USW00012970,"SAN ANTONIO STINSON MUNICIPAL AIRPORT, TX US",2021-06-08,29.33896,-98.47198,173.1,33.9,26.1,0.0,8.1,10.7,4.1,    1,
USW00012970,"SAN ANTONIO STINSON MUNICIPAL AIRPORT, TX US",2021-06-09,29.33896,-98.47198,173.1,34.4,26.1,0.0,7.2,9.8,3.8,    1,
USW00012970,"SAN ANTONIO STINSON MUNICIPAL AIRPORT, TX US",2021-06-10,29.33896,-98.47198,173.1,35.0,25.6,0.0,6.7,9.8,3.9,,
USW00012970,"SAN ANTONIO STINSON MUNICIPAL AIRPORT, TX US",2021-06-11,29.33896,-98.47198,173.1,35.0,26.1,0.0,7.6,11.2,4.0,,
USW00012970,"SAN ANTONIO STINSON MUNICIPAL AIRPORT, TX US",2021-06-12,29.33896,-98.47198,173.1,35.0,25.0,0.0,6.7,8.9,3.1,,
USW00012970,"SAN ANTONIO STINSON MUNICIPAL AIRPORT, TX US",2021-06-13,29.33896,-98.47198,173.1,36.7,23.9,0.0,5.8,7.2,1.7,,
USW00012970,"SAN ANTONIO STINSON MUNICIPAL AIRPORT, TX US",2021-06-14,29.33896,-98.47198,173.1,37.2,25.0,2.8,11.6,17.9,2.2,,    1
USW00012970,"SAN ANTONIO STINSON MUNICIPAL AIRPORT, TX US",2021-06-15,29.33896,-98.47198,173.1,37.2,23.3,0.0,7.2,15.7,1.2,,    1
USW00012970,"SAN ANTONIO STINSON MUNICIPAL AIRPORT, TX US",2021-06-16,29.33896,-98.47198,173.1,36.1,22.8,0.0,10.3,15.2,2.7,,
USW00012970,"SAN ANTONIO STINSON MUNICIPAL AIRPORT, TX US",2021-06-17,29.33896,-98.47198,173.1,36.7,24.4,0.0,6.3,9.8,2.4,,
USW00012970,"SAN ANTONIO STINSON MUNICIPAL AIRPORT, TX US",2021-06-18,29.33896,-98.47198,173.1,35.0,24.4,0.0,6.3,8.5,1.6,,
USW00012970,"SAN ANTONIO STINSON MUNICIPAL AIRPORT, TX US",2021-06-19,29.33896,-98.47198,173.1,35.6,21.7,0.0,6.3,9.4,2.1,,
USW00012970,"SAN ANTONIO STINSON MUNICIPAL AIRPORT, TX US",2021-06-20,29.33896,-98.47198,173.1,35.0,25.6,0.0,8.9,12.1,4.4,,
USW00012970,"SAN ANTONIO STINSON MUNICIPAL AIRPORT, TX US",2021-06-21,29.33896,-98.47198,173.1,35.0,28.3,0.0,7.6,10.3,4.0,,
USW00012970,"SAN ANTONIO STINSON MUNICIPAL AIRPORT, TX US",2021-06-22,29.33896,-98.47198,173.1,32.8,24.4,45.5,8.1,11.2,3.0,    1,    1
USW00012970,"SAN ANTONIO STINSON MUNICIPAL AIRPORT, TX US",2021-06-23,29.33896,-98.47198,173.1,35.0,26.1,0.0,7.6,9.8,3.8,    1,
USW00012970,"SAN ANTONIO STINSON MUNICIPAL AIRPORT, TX US",2021-06-24,29.33896,-98.47198,173.1,35.6,25.0,0.0,9.4,12.1,4.1,,
USW00012970,"SAN ANTONIO STINSON MUNICIPAL AIRPORT, TX US",2021-06-25,29.33896,-98.47198,173.1,35.0,26.1,0.0,9.8,12.5,5.1,,
USW00012970,"SAN ANTONIO STINSON MUNICIPAL AIRPORT, TX US",2021-06-26,29.33896,-98.47198,173.1,35.6,25.0,0.0,9.4,13.0,5.6,,
USW00012970,"SAN ANTONIO STINSON MUNICIPAL AIRPORT, TX US",2021-06-27,29.33896,-98.47198,173.1,32.8,25.6,0.5,7.2,9.4,2.6,,    1
USW00012970,"SAN ANTONIO STINSON MUNICIPAL AIRPORT, TX US",2021-06-28,29.33896,-98.47198,173.1,33.3,24.4,1.8,9.4,12.1,3.0,,
USW00012970,"SAN ANTONIO STINSON MUNICIPAL AIRPORT, TX US",2021-06-29,29.33896,-98.47198,173.1,31.1,23.9,30.2,6.7,9.8,2.3,    1,    1
USW00012970,"SAN ANTONIO STINSON MUNICIPAL AIRPORT, TX US",2021-06-30,29.33896,-98.47198,173.1,31.7,25.0,1.0,8.9,12.5,2.5,    1,    1
