STATION,NAME,DATE,LATITUDE,LONGITUDE,ELEVATION,TMAX,TMIN,PRCP,WSF2,WSF5,AWND,WT01,WT03
USW00012970,"SAN ANTONIO STINSON MUNICIPAL AIRPORT, TX US",2024-08-01,29.33896,-98.47198,173.1,36.7,25.6,0.0,7.6,11.2,3.9,,
USW00012970,"SAN ANTONIO STINSON MUNICIPAL AIRPORT, TX US",2024-08-02,29.33896,-98.47198,173.1,37.2,25.6,0.0,5.8,7.2,1.8,,
USW00012970,"SAN ANTONIO STINSON MUNICIPAL AIRPORT, TX US",2024-08-03,29.33896,-98.47198,173.1,38.3,23.9,0.0,6.3,8.1,1.9,,
USW00012970,"SAN ANTONIO STINSON MUNICIPAL AIRPORT, TX US",2024-08-04,29.33896,-98.47198,173.1,37.2,25.6,0.0,8.1,8.1,1.6,,
USW00012970,"SAN ANTONIO STINSON MUNICIPAL AIRPORT, TX US",2024-08-05,29.33896,-98.47198,173.1,37.2,24.4,0.0,6.7,8.5,2.2,,
USW00012970,"SAN ANTONIO STINSON MUNICIPAL AIRPORT, TX US",2024-08-06,29.33896,-98.47198,173.1,39.4,25.0,0.0,5.4,7.2,1.3,,
USW00012970,"SAN ANTONIO STINSON MUNICIPAL AIRPORT, TX US",2024-08-07,29.33896,-98.47198,173.1,40.6,25.0,0.0,8.1,10.3,2.1,,
USW00012970,"SAN ANTONIO STINSON MUNICIPAL AIRPORT, TX US",2024-08-08,29.33896,-98.47198,173.1,38.9,25.6,0.0,6.7,9.8,2.4,,
USW00012970,"SAN ANTONIO STINSON MUNICIPAL AIRPORT, TX US",2024-08-09,29.33896,-98.47198,173.1,38.9,25.6,0.0,10.7,17.0,2.2,,
USW00012970,"SAN ANTONIO STINSON MUNICIPAL AIRPORT, TX US",2024-08-10,29.33896,-98.47198,173.1,37.8,25.0,0.0,7.2,10.7,2.5,,
USW00012970,"SAN ANTONIO STINSON MUNICIPAL AIRPORT, TX US",2024-08-11,29.33896,-98.47198,173.1,38.9,26.1,0.0,8.9,11.6,3.0,,
USW00012970,"SAN ANTONIO STINSON MUNICIPAL AIRPORT, TX US",2024-08-12,29.33896,-98.47198,173.1,38.3,25.6,0.0,9.8,13.4,3.6,    1,
USW00012970,"SAN ANTONIO STINSON MUNICIPAL AIRPORT, TX US",2024-08-13,29.33896,-98.47198,173.1,38.9,25.6,0.0,8.9,12.5,4.0,,
USW00012970,"SAN ANTONIO STINSON MUNICIPAL AIRPORT, TX US",2024-08-14,29.33896,-98.47198,173.1,38.3,26.7,0.0,8.9,12.5,3.9,,
USW00012970,"SAN ANTONIO STINSON MUNICIPAL AIRPORT, TX US",2024-08-15,29.33896,-98.47198,173.1,39.4,25.6,0.0,8.1,12.1,3.9,,
USW00012970,"SAN ANTONIO STINSON MUNICIPAL AIRPORT, TX US",2024-08-16,29.33896,-98.47198,173.1,38.9,25.6,0.0,8.9,11.6,3.3,,
USW00012970,"SAN ANTONIO STINSON MUNICIPAL AIRPORT, TX US",2024-08-17,29.33896,-98.47198,173.1,39.4,26.1,0.0,8.1,10.7,2.8,,
USW00012970,"SAN ANTONIO STINSON MUNICIPAL AIRPORT, TX US",2024-08-18,29.33896,-98.47198,173.1,39.4,26.7,0.0,7.2,9.8,1.9,,
USW00012970,"SAN ANTONIO STINSON MUNICIPAL AIRPORT, TX US",2024-08-19,29.33896,-98.47198,173.1,39.4,25.0,0.0,7.6,9.8,1.8,,
USW00012970,"SAN ANTONIO STINSON MUNICIPAL AIRPORT, TX US",2024-08-20,29.33896,-98.47198,173.1,41.1,25.0,0.0,5.8,8.5,2.6,,
USW00012970,"SAN ANTONIO STINSON MUNICIPAL AIRPORT, TX US",2024-08-21,29.33896,-98.47198,173.1,42.8,25.6,0.0,5.8,7.6,2.7,,
USW00012970,"SAN ANTONIO STINSON MUNICIPAL AIRPORT, TX US",2024-08-22,29.33896,-98.47198,173.1,42.2,26.1,0.0,9.4,13.4,3.6,,
USW00012970,"SAN ANTONIO STINSON MUNICIPAL AIRPORT, TX US",2024-08-23,29.33896,-98.47198,173.1,39.4,26.7,0.0,9.4,12.5,3.4,,
USW00012970,"SAN ANTONIO STINSON MUNICIPAL AIRPORT, TX US",2024-08-24,29.33896,-98.47198,173.1,38.3,26.1,0.0,10.3,13.9,3.3,,
USW00012970,"SAN ANTONIO STINSON MUNICIPAL AIRPORT, TX US",2024-08-25,29.33896,-98.47198,173.1,37.8,25.6,0.0,7.6,11.2,2.5,,
USW00012970,"SAN ANTONIO STINSON MUNICIPAL AIRPORT, TX US",2024-08-26,29.33896,-98.47198,173.1,33.9,23.9,4.6,10.3,14.8,2.4,,    1
USW00012970,"SAN ANTONIO STINSON MUNICIPAL AIRPORT, TX US",2024-08-27,29.33896,-98.47198,173.1,34.4,22.8,8.9,8.1,11.6,2.6,    1,    1
USW00012970,"SAN ANTONIO STINSON MUNICIPAL AIRPORT, TX US",2024-08-28,29.33896,-98.47198,173.1,35.0,23.3,0.0,12.5,16.5,2.6,    1,
USW00012970,"SAN ANTONIO STINSON MUNICIPAL AIRPORT, TX US",2024-08-29,29.33896,-98.47198,173.1,35.6,22.8,0.0,6.7,8.9,2.1,    1,
USW00012970,"SAN ANTONIO STINSON MUNICIPAL AIRPORT, TX US",2024-08-30,29.33896,-98.47198,173.1,36.7,25.0,0.0,7.6,10.7,2.4,,
USW00012970,"SAN ANTONIO STINSON MUNICIPAL AIRPORT, TX US",2024-08-31,29.33896,-98.47198,173.1,36.7,25.6,0.0,7.2,11.6,2.2,,
