STATION,NAME,DATE,LATITUDE,LONGITUDE,ELEVATION,TMAX,TMIN,PRCP,WSF2,WSF5,AWND,WT01,WT03
USW00012970,"SAN ANTONIO STINSON MUNICIPAL AIRPORT, TX US",2021-07-01,29.33896,-98.47198,173.1,34.4,23.9,0.0,4.5,6.7,1.3,,
USW00012970,"SAN ANTONIO STINSON MUNICIPAL AIRPORT, TX US",2021-07-02,29.33896,-98.47198,173.1,34.4,24.4,0.0,5.8,7.2,1.4,,
USW00012970,"SAN ANTONIO STINSON MUNICIPAL AIRPORT, TX US",2021-07-03,29.33896,-98.47198,173.1,35.0,25.0,0.0,7.2,10.7,2.2,,
USW00012970,"SAN ANTONIO STINSON MUNICIPAL AIRPORT, TX US",2021-07-04,29.33896,-98.47198,173.1,34.4,26.1,3.6,10.3,14.8,2.6,    1,
USW00012970,"SAN ANTONIO STINSON MUNICIPAL AIRPORT, TX US",2021-07-05,29.33896,-98.47198,173.1,33.9,25.0,9.7,8.1,11.2,2.9,,    1
USW00012970,"SAN ANTONIO STINSON MUNICIPAL AIRPORT, TX US",2021-07-06,29.33896,-98.47198,173.1,30.6,23.9,28.4,9.4,13.4,3.0,    1,    1
USW00012970,"SAN ANTONIO STINSON MUNICIPAL AIRPORT, TX US",2021-07-07,29.33896,-98.47198,173.1,29.4,24.4,1.3,8.9,13.4,4.2,,
USW00012970,"SAN ANTONIO STINSON MUNICIPAL AIRPORT, TX US",2021-07-08,29.33896,-98.47198,173.1,31.1,24.4,0.5,7.6,11.2,4.4,,
USW00012970,"SAN ANTONIO STINSON MUNICIPAL AIRPORT, TX US",2021-07-09,29.33896,-98.47198,173.1,26.1,23.9,37.6,9.8,14.8,3.4,    1,    1
USW00012970,"SAN ANTONIO STINSON MUNICIPAL AIRPORT, TX US",2021-07-10,29.33896,-98.47198,173.1,32.2,23.3,9.9,9.8,15.7,2.2,    1,    1
USW00012970,"SAN ANTONIO STINSON MUNICIPAL AIRPORT, TX US",2021-07-11,29.33896,-98.47198,173.1,32.8,25.0,0.0,7.2,9.8,3.0,    1,
USW00012970,"SAN ANTONIO STINSON MUNICIPAL AIRPORT, TX US",2021-07-12,29.33896,-98.47198,173.1,33.9,25.0,0.0,6.7,10.3,3.3,,
USW00012970,"SAN ANTONIO STINSON MUNICIPAL AIRPORT, TX US",2021-07-13,29.33896,-98.47198,173.1,32.8,23.3,5.1,13.4,17.0,2.1,,    1
USW00012970,"SAN ANTONIO STINSON MUNICIPAL AIRPORT, TX US",2021-07-14,29.33896,-98.47198,173.1,32.8,23.9,13.7,10.3,14.3,2.3,    1,    1
USW00012970,"SAN ANTONIO STINSON MUNICIPAL AIRPORT, TX US",2021-07-15,29.33896,-98.47198,173.1,33.3,23.9,0.0,7.2,9.8,2.9,    1,
USW00012970,"SAN ANTONIO STINSON MUNICIPAL AIRPORT, TX US",2021-07-16,29.33896,-98.47198,173.1,33.9,23.9,0.0,7.6,11.6,4.3,,
USW00012970,"SAN ANTONIO STINSON MUNICIPAL AIRPORT, TX US",2021-07-17,29.33896,-98.47198,173.1,33.9,25.0,0.0,6.7,9.4,3.4,,
USW00012970,"SAN ANTONIO STINSON MUNICIPAL AIRPORT, TX US",2021-07-18,29.33896,-98.47198,173.1,34.4,24.4,0.0,4.0,5.8,2.1,,
USW00012970,"SAN ANTONIO STINSON MUNICIPAL AIRPORT, TX US",2021-07-19,29.33896,-98.47198,173.1,35.0,24.4,0.3,11.2,17.9,1.9,,    1
USW00012970,"SAN ANTONIO STINSON MUNICIPAL AIRPORT, TX US",2021-07-20,29.33896,-98.47198,173.1,33.9,23.9,0.0,6.7,11.6,2.6,,    1
USW00012970,"SAN ANTONIO STINSON MUNICIPAL AIRPORT, TX US",2021-07-21,29.33896,-98.47198,173.1,32.8,24.4,0.0,8.1,12.1,2.0,,
USW00012970,"SAN ANTONIO STINSON MUNICIPAL AIRPORT, TX US",2021-07-22,29.33896,-98.47198,173.1,32.2,22.2,19.0,12.5,17.9,2.3,    1,    1
USW00012970,"SAN ANTONIO STINSON MUNICIPAL AIRPORT, TX US",2021-07-23,29.33896,-98.47198,173.1,34.4,23.9,0.0,8.1,13.4,4.5,,
USW00012970,"SAN ANTONIO STINSON MUNICIPAL AIRPORT, TX US",2021-07-24,29.33896,-98.47198,173.1,35.6,24.4,0.0,7.2,10.3,3.9,,
USW00012970,"SAN ANTONIO STINSON MUNICIPAL AIRPORT, TX US",2021-07-25,29.33896,-98.47198,173.1,35.6,24.4,0.0,6.3,8.5,2.8,,
USW00012970,"SAN ANTONIO STINSON MUNICIPAL AIRPORT, TX US",2021-07-26,29.33896,-98.47198,173.1,35.0,24.4,0.0,4.5,7.2,2.2,,
USW00012970,"SAN ANTONIO STINSON MUNICIPAL AIRPORT, TX US",2021-07-27,29.33896,-98.47198,173.1,35.6,23.3,0.0,4.5,6.3,1.9,,
USW00012970,"SAN ANTONIO STINSON MUNICIPAL AIRPORT, TX US",2021-07-28,29.33896,-98.47198,173.1,35.0,23.9,0.0,6.3,9.4,2.1,,
USW00012970,"SAN ANTONIO STINSON MUNICIPAL AIRPORT, TX US",2021-07-29,29.33896,-98.47198,173.1,35.6,24.4,0.0,8.1,12.1,2.1,,
USW00012970,"SAN ANTONIO STINSON MUNICIPAL AIRPORT, TX US",2021-07-30,29.33896,-98.47198,173.1,35.6,22.8,0.0,4.5,6.7,1.6,,
USW00012970,"SAN ANTONIO STINSON MUNICIPAL AIRPORT, TX US",2021-07-31,29.33896,-98.47198,173.1,36.1,25.0,0.0,6.3,8.1,2.1,,
