STATION,NAME,DATE,LATITUDE,LONGITUDE,ELEVATION,TMAX,TAVG,TMIN,SNOW,PRCP,WSF2,WSF5,AWND,WT01,WT03
USW00024127,"SALT LAKE CITY INTERNATIONAL AIRPORT, UT US",2024-07-01,40.77069,-111.96503,1288.4,27.8,26.2,18.9,0.0,0.0,12.5,16.5,3.3,,
USW00024127,"SALT LAKE CITY INTERNATIONAL AIRPORT, UT US",2024-07-02,40.77069,-111.96503,1288.4,28.9,22.6,14.4,0.0,0.0,8.1,10.7,3.1,,
USW00024127,"SALT LAKE CITY INTERNATIONAL AIRPORT, UT US",2024-07-03,40.77069,-111.96503,1288.4,30.6,23.9,17.2,0.0,0.0,8.9,12.1,3.3,,
USW00024127,"SALT LAKE CITY INTERNATIONAL AIRPORT, UT US",2024-07-04,40.77069,-111.96503,1288.4,30.0,23.3,13.9,0.0,0.0,6.7,10.7,2.6,,
USW00024127,"SALT LAKE CITY INTERNATIONAL AIRPORT, UT US",2024-07-05,40.77069,-111.96503,1288.4,32.8,24.7,17.2,0.0,0.0,7.6,10.3,2.6,,
USW00024127,"SALT LAKE CITY INTERNATIONAL AIRPORT, UT US",2024-07-06,40.77069,-111.96503,1288.4,35.0,26.2,17.8,0.0,0.0,7.2,10.7,3.4,,
USW00024127,"SALT LAKE CITY INTERNATIONAL AIRPORT, UT US",2024-07-07,40.77069,-111.96503,1288.4,33.3,26.9,19.4,0.0,0.0,6.7,11.6,3.4,,
USW00024127,"SALT LAKE CITY INTERNATIONAL AIRPORT, UT US",2024-07-08,40.77069,-111.96503,1288.4,34.4,26.7,18.3,0.0,0.0,6.7,9.4,2.2,,
USW00024127,"SALT LAKE CITY INTERNATIONAL AIRPORT, UT US",2024-07-09,40.77069,-111.96503,1288.4,37.2,28.7,21.1,0.0,0.0,6.3,9.8,3.5,,
USW00024127,"SALT LAKE CITY INTERNATIONAL AIRPORT, UT US",2024-07-10,40.77069,-111.96503,1288.4,40.0,30.8,22.2,0.0,0.0,6.3,8.1,3.1,,
USW00024127,"SALT LAKE CITY INTERNATIONAL AIRPORT, UT US",2024-07-11,40.77069,-111.96503,1288.4,41.1,32.3,23.9,0.0,0.0,7.2,10.7,3.4,,
USW00024127,"SALT LAKE CITY INTERNATIONAL AIRPORT, UT US",2024-07-12,40.77069,-111.96503,1288.4,40.6,31.9,22.2,0.0,0.0,6.7,10.3,3.0,,
USW00024127,"SALT LAKE CITY INTERNATIONAL AIRPORT, UT US",2024-07-13,40.77069,-111.96503,1288.4,39.4,32.1,24.4,0.0,0.0,10.3,16.5,4.2,,
USW00024127,"SALT LAKE CITY INTERNATIONAL AIRPORT, UT US",2024-07-14,40.77069,-111.96503,1288.4,38.3,32.8,25.6,0.0,0.0,10.7,16.1,4.0,,
USW00024127,"SALT LAKE CITY INTERNATIONAL AIRPORT, UT US",2024-07-15,40.77069,-111.96503,1288.4,35.0,30.6,23.3,0.0,0.0,7.2,9.8,3.0,,
USW00024127,"SALT LAKE CITY INTERNATIONAL AIRPORT, UT US",2024-07-16,40.77069,-111.96503,1288.4,35.0,29.3,22.8,0.0,0.0,7.2,11.6,2.6,,
USW00024127,"SALT LAKE CITY INTERNATIONAL AIRPORT, UT US",2024-07-17,40.77069,-111.96503,1288.4,38.3,30.0,22.8,0.0,0.0,5.8,8.9,3.4,,
USW00024127,"SALT LAKE CITY INTERNATIONAL AIRPORT, UT US",2024-07-18,40.77069,-111.96503,1288.4,38.9,31.6,25.0,0.0,0.0,13.0,17.9,4.0,,
USW00024127,"SALT LAKE CITY INTERNATIONAL AIRPORT, UT US",2024-07-19,40.77069,-111.96503,1288.4,37.2,30.3,23.9,0.0,0.0,8.9,11.2,3.2,,
USW00024127,"SALT LAKE CITY INTERNATIONAL AIRPORT, UT US",2024-07-20,40.77069,-111.96503,1288.4,37.8,30.6,23.9,0.0,0.0,8.9,10.7,3.8,,
USW00024127,"SALT LAKE CITY INTERNATIONAL AIRPORT, UT US",2024-07-21,40.77069,-111.96503,1288.4,37.2,31.3,23.9,0.0,0.0,7.2,9.8,3.5,,
USW00024127,"SALT LAKE CITY INTERNATIONAL AIRPORT, UT US",2024-07-22,40.77069,-111.96503,1288.4,37.2,31.3,25.6,0.0,0.0,8.1,10.7,4.0,,
USW00024127,"SALT LAKE CITY INTERNATIONAL AIRPORT, UT US",2024-07-23,40.77069,-111.96503,1288.4,38.3,31.1,25.0,0.0,0.0,5.8,7.6,3.0,,
USW00024127,"SALT LAKE CITY INTERNATIONAL AIRPORT, UT US",2024-07-24,40.77069,-111.96503,1288.4,40.6,31.6,23.9,0.0,0.0,9.8,15.2,3.3,,
USW00024127,"SALT LAKE CITY INTERNATIONAL AIRPORT, UT US",2024-07-25,40.77069,-111.96503,1288.4,35.6,30.9,22.8,0.0,0.3,12.5,17.4,3.8,,    1
USW00024127,"SALT LAKE CITY INTERNATIONAL AIRPORT, UT US",2024-07-26,40.77069,-111.96503,1288.4,35.0,27.6,21.1,0.0,0.3,9.4,11.6,4.0,,
USW00024127,"SALT LAKE CITY INTERNATIONAL AIRPORT, UT US",2024-07-27,40.77069,-111.96503,1288.4,33.9,28.1,20.0,0.0,1.3,16.5,20.6,3.2,,    1
USW00024127,"SALT LAKE CITY INTERNATIONAL AIRPORT, UT US",2024-07-28,40.77069,-111.96503,1288.4,33.9,25.0,17.2,0.0,0.3,8.1,11.2,3.0,,
USW00024127,"SALT LAKE CITY INTERNATIONAL AIRPORT, UT US",2024-07-29,40.77069,-111.96503,1288.4,36.1,28.3,21.1,0.0,0.0,9.4,12.5,4.4,,
USW00024127,"SALT LAKE CITY INTERNATIONAL AIRPORT, UT US",2024-07-30,40.77069,-111.96503,1288.4,34.4,28.8,21.1,0.0,0.0,9.4,12.5,4.1,,
USW00024127,"SALT LAKE CITY INTERNATIONAL AIRPORT, UT US",2024-07-31,40.77069,-111.96503,1288.4,33.9,26.2,18.3,0.0,0.0,7.2,9.8,2.7,,
