STATION,NAME,DATE,LATITUDE,LONGITUDE,ELEVATION,TMAX,TAVG,TMIN,SNOW,PRCP,WSF2,WSF5,AWND,WT01,WT03
USW00024127,"SALT LAKE CITY INTERNATIONAL AIRPORT, UT US",2024-06-01,40.77069,-111.96503,1288.4,29.4,21.4,14.4,0.0,0.0,7.6,9.8,3.3,,
USW00024127,"SALT LAKE CITY INTERNATIONAL AIRPORT, UT US",2024-06-02,40.77069,-111.96503,1288.4,30.0,23.6,18.3,0.0,0.0,8.1,12.1,2.9,,
USW00024127,"SALT LAKE CITY INTERNATIONAL AIRPORT, UT US",2024-06-03,40.77069,-111.96503,1288.4,25.0,22.6,16.7,0.0,0.0,9.4,12.1,3.3,,
USW00024127,"SALT LAKE CITY INTERNATIONAL AIRPORT, UT US",2024-06-04,40.77069,-111.96503,1288.4,26.1,19.7,15.6,0.0,0.0,8.1,10.7,3.4,,
USW00024127,"SALT LAKE CITY INTERNATIONAL AIRPORT, UT US",2024-06-05,40.77069,-111.96503,1288.4,31.7,23.1,16.7,0.0,0.0,6.3,9.4,3.3,,
USW00024127,"SALT LAKE CITY INTERNATIONAL AIRPORT, UT US",2024-06-06,40.77069,-111.96503,1288.4,35.0,26.1,17.2,0.0,0.0,10.3,15.7,3.2,,
USW00024127,"SALT LAKE CITY INTERNATIONAL AIRPORT, UT US",2024-06-07,40.77069,-111.96503,1288.4,34.4,28.6,21.7,0.0,0.0,10.3,14.3,3.3,,
USW00024127,"SALT LAKE CITY INTERNATIONAL AIRPORT, UT US",2024-06-08,40.77069,-111.96503,1288.4,33.9,25.8,18.9,0.0,0.0,5.8,7.6,2.8,,
USW00024127,"SALT LAKE CITY INTERNATIONAL AIRPORT, UT US",2024-06-09,40.77069,-111.96503,1288.4,36.1,28.1,20.6,0.0,0.0,14.8,20.6,4.6,,
USW00024127,"SALT LAKE CITY INTERNATIONAL AIRPORT, UT US",2024-06-10,40.77069,-111.96503,1288.4,31.1,26.1,18.3,0.0,0.0,6.7,10.7,3.0,,
USW00024127,"SALT LAKE CITY INTERNATIONAL AIRPORT, UT US",2024-06-11,40.77069,-111.96503,1288.4,33.3,25.7,18.3,0.0,0.0,6.7,10.3,2.5,,
USW00024127,"SALT LAKE CITY INTERNATIONAL AIRPORT, UT US",2024-06-12,40.77069,-111.96503,1288.4,37.2,28.6,21.7,0.0,0.0,8.1,11.2,3.3,,
USW00024127,"SALT LAKE CITY INTERNATIONAL AIRPORT, UT US",2024-06-13,40.77069,-111.96503,1288.4,37.8,29.0,20.0,0.0,0.0,11.2,16.5,4.0,,
USW00024127,"SALT LAKE CITY INTERNATIONAL AIRPORT, UT US",2024-06-14,40.77069,-111.96503,1288.4,35.0,30.4,25.6,0.0,0.0,9.8,16.1,5.6,,
USW00024127,"SALT LAKE CITY INTERNATIONAL AIRPORT, UT US",2024-06-15,40.77069,-111.96503,1288.4,31.7,28.7,18.9,0.0,0.0,9.8,13.0,4.5,,
USW00024127,"SALT LAKE CITY INTERNATIONAL AIRPORT, UT US",2024-06-16,40.77069,-111.96503,1288.4,27.2,21.7,14.4,0.0,0.0,7.6,9.8,3.4,,
USW00024127,"SALT LAKE CITY INTERNATIONAL AIRPORT, UT US",2024-06-17,40.77069,-111.96503,1288.4,24.4,21.2,8.9,0.0,0.0,16.1,21.0,5.8,,
USW00024127,"SALT LAKE CITY INTERNATIONAL AIRPORT, UT US",2024-06-18,40.77069,-111.96503,1288.4,20.6,12.6,7.2,0.0,0.0,7.2,10.3,3.3,,
USW00024127,"SALT LAKE CITY INTERNATIONAL AIRPORT, UT US",2024-06-19,40.77069,-111.96503,1288.4,26.7,18.1,10.6,0.0,0.0,5.8,8.9,2.2,,
USW00024127,"SALT LAKE CITY INTERNATIONAL AIRPORT, UT US",2024-06-20,40.77069,-111.96503,1288.4,32.2,23.0,16.1,0.0,0.0,7.6,9.8,2.6,,
USW00024127,"SALT LAKE CITY INTERNATIONAL AIRPORT, UT US",2024-06-21,40.77069,-111.96503,1288.4,32.2,25.8,17.2,0.0,7.9,11.2,15.2,3.0,,    1
USW00024127,"SALT LAKE CITY INTERNATIONAL AIRPORT, UT US",2024-06-22,40.77069,-111.96503,1288.4,36.1,27.4,19.4,0.0,0.0,7.2,9.8,3.7,,
USW00024127,"SALT LAKE CITY INTERNATIONAL AIRPORT, UT US",2024-06-23,40.77069,-111.96503,1288.4,38.3,30.9,23.9,0.0,0.0,10.7,17.4,5.2,,
USW00024127,"SALT LAKE CITY INTERNATIONAL AIRPORT, UT US",2024-06-24,40.77069,-111.96503,1288.4,36.7,31.8,25.0,0.0,0.0,11.2,16.1,4.0,,
USW00024127,"SALT LAKE CITY INTERNATIONAL AIRPORT, UT US",2024-06-25,40.77069,-111.96503,1288.4,37.2,29.7,21.7,0.0,0.0,7.2,10.3,2.8,,
USW00024127,"SALT LAKE CITY INTERNATIONAL AIRPORT, UT US",2024-06-26,40.77069,-111.96503,1288.4,35.6,30.1,25.0,0.0,0.0,11.2,16.1,3.3,,
USW00024127,"SALT LAKE CITY INTERNATIONAL AIRPORT, UT US",2024-06-27,40.77069,-111.96503,1288.4,33.9,27.9,13.9,0.0,0.0,13.4,18.3,5.8,,
USW00024127,"SALT LAKE CITY INTERNATIONAL AIRPORT, UT US",2024-06-28,40.77069,-111.96503,1288.4,30.0,24.4,16.7,0.0,0.0,7.2,12.1,3.2,,
USW00024127,"SALT LAKE CITY INTERNATIONAL AIRPORT, UT US",2024-06-29,40.77069,-111.96503,1288.4,37.8,26.6,17.8,0.0,0.0,10.3,14.3,3.4,,
USW00024127,"SALT LAKE CITY INTERNATIONAL AIRPORT, UT US",2024-06-30,40.77069,-111.96503,1288.4,38.3,31.0,23.3,0.0,0.0,12.5,18.3,6.0,,
