STATION,NAME,DATE,LATITUDE,LONGITUDE,ELEVATION,TMAX,TMIN,PRCP,SNOW,WSF2,AWND,WSF5,WT01,WT03
USW00093225,"SACRAMENTO METROPOLITAN AIRPORT, CA US",2024-06-01,38.70069,-121.59479,7.5,31.7,13.9,0.0,,7.2,4.7,10.3,,
USW00093225,"SACRAMENTO METROPOLITAN AIRPORT, CA US",2024-06-02,38.70069,-121.59479,7.5,31.7,15.6,0.0,0.0,5.8,3.4,7.2,,
USW00093225,"SACRAMENTO METROPOLITAN AIRPORT, CA US",2024-06-03,38.70069,-121.59479,7.5,31.1,18.3,0.0,,7.6,4.6,11.2,,
USW00093225,"SACRAMENTO METROPOLITAN AIRPORT, CA US",2024-06-04,38.70069,-121.59479,7.5,38.9,14.4,0.0,,11.2,5.1,15.2,,
USW00093225,"SACRAMENTO METROPOLITAN AIRPORT, CA US",2024-06-05,38.70069,-121.59479,7.5,40.0,19.4,0.0,,6.7,2.6,9.4,,
USW00093225,"SACRAMENTO METROPOLITAN AIRPORT, CA US",2024-06-06,38.70069,-121.59479,7.5,38.3,20.0,0.0,,6.7,3.8,8.9,,
USW00093225,"SACRAMENTO METROPOLITAN AIRPORT, CA US",2024-06-07,38.70069,-121.59479,7.5,34.4,15.6,0.0,0.0,8.9,4.7,12.1,,
USW00093225,"SACRAMENTO METROPOLITAN AIRPORT, CA US",2024-06-08,38.70069,-121.59479,7.5,30.6,14.4,0.0,0.0,8.9,5.1,11.6,,
USW00093225,"SACRAMENTO METROPOLITAN AIRPORT, CA US",2024-06-09,38.70069,-121.59479,7.5,31.7,14.4,0.0,0.0,7.6,4.5,10.3,,
USW00093225,"SACRAMENTO METROPOLITAN AIRPORT, CA US",2024-06-10,38.70069,-121.59479,7.5,36.1,13.9,0.0,,6.3,3.2,8.5,,
USW00093225,"SACRAMENTO METROPOLITAN AIRPORT, CA US",2024-06-11,38.70069,-121.59479,7.5,38.9,16.1,0.0,,5.8,3.0,7.6,,
USW00093225,"SACRAMENTO METROPOLITAN AIRPORT, CA US",2024-06-12,38.70069,-121.59479,7.5,37.8,16.7,0.0,,8.1,4.0,9.8,,
USW00093225,"SACRAMENTO METROPOLITAN AIRPORT, CA US",2024-06-13,38.70069,-121.59479,7.5,30.0,13.9,0.0,,9.8,5.7,13.0,,
USW00093225,"SACRAMENTO METROPOLITAN AIRPORT, CA US",2024-06-14,38.70069,-121.59479,7.5,33.3,12.8,0.0,,7.6,4.7,10.7,,
USW00093225,"SACRAMENTO METROPOLITAN AIRPORT, CA US",2024-06-15,38.70069,-121.59479,7.5,32.2,15.0,0.0,,6.7,3.6,9.8,,
USW00093225,"SACRAMENTO METROPOLITAN AIRPORT, CA US",2024-06-16,38.70069,-121.59479,7.5,32.8,15.0,0.0,,7.2,3.5,10.7,,
USW00093225,"SACRAMENTO METROPOLITAN AIRPORT, CA US",2024-06-17,38.70069,-121.59479,7.5,29.4,15.6,0.0,,10.7,6.2,16.1,,
USW00093225,"SACRAMENTO METROPOLITAN AIRPORT, CA US",2024-06-18,38.70069,-121.59479,7.5,31.7,16.1,0.0,0.0,6.3,3.4,9.8,,
USW00093225,"SACRAMENTO METROPOLITAN AIRPORT, CA US",2024-06-19,38.70069,-121.59479,7.5,32.8,14.4,0.0,0.0,7.2,3.4,10.3,,
USW00093225,"SACRAMENTO METROPOLITAN AIRPORT, CA US",2024-06-20,38.70069,-121.59479,7.5,32.8,12.2,0.0,0.0,6.3,3.6,8.9,,
USW00093225,"SACRAMENTO METROPOLITAN AIRPORT, CA US",2024-06-21,38.70069,-121.59479,7.5,35.0,13.3,0.0,,7.2,3.4,8.9,,
USW00093225,"SACRAMENTO METROPOLITAN AIRPORT, CA US",2024-06-22,38.70069,-121.59479,7.5,38.9,15.6,0.0,,5.8,2.4,7.6,,
USW00093225,"SACRAMENTO METROPOLITAN AIRPORT, CA US",2024-06-23,38.70069,-121.59479,7.5,38.3,21.7,0.0,,7.6,5.6,10.7,,
USW00093225,"SACRAMENTO METROPOLITAN AIRPORT, CA US",2024-06-24,38.70069,-121.59479,7.5,38.3,20.0,0.0,0.0,8.1,5.3,11.6,,
USW00093225,"SACRAMENTO METROPOLITAN AIRPORT, CA US",2024-06-25,38.70069,-121.59479,7.5,36.1,20.0,0.0,,6.7,3.2,8.1,,
USW00093225,"SACRAMENTO METROPOLITAN AIRPORT, CA US",2024-06-26,38.70069,-121.59479,7.5,35.0,16.1,0.0,,7.6,5.6,10.3,,
USW00093225,"SACRAMENTO METROPOLITAN AIRPORT, CA US",2024-06-27,38.70069,-121.59479,7.5,32.8,15.6,0.0,,7.6,3.1,10.7,,
USW00093225,"SACRAMENTO METROPOLITAN AIRPORT, CA US",2024-06-28,38.70069,-121.59479,7.5,36.1,13.9,0.0,,6.3,2.6,8.1,,
USW00093225,"SACRAMENTO METROPOLITAN AIRPORT, CA US",2024-06-29,38.70069,-121.59479,7.5,36.7,16.7,0.0,,6.7,3.1,8.9,,
USW00093225,"SACRAMENTO METROPOLITAN AIRPORT, CA US",2024-06-30,38.70069,-121.59479,7.5,37.2,18.3,0.0,,6.3,3.3,9.4,,
