STATION,NAME,DATE,LATITUDE,LONGITUDE,ELEVATION,TMAX,TMIN,PRCP,SNOW,WSF2,AWND,WSF5,WT01,WT03
USW00093225,"SACRAMENTO METROPOLITAN AIRPORT, CA US",2021-08-01,38.70069,-121.59479,7.5,36.1,16.1,0.0,,7.2,4.1,8.5,,
USW00093225,"SACRAMENTO METROPOLITAN AIRPORT, CA US",2021-08-02,38.70069,-121.59479,7.5,35.0,16.1,0.0,,6.7,4.1,8.1,,
USW00093225,"SACRAMENTO METROPOLITAN AIRPORT, CA US",2021-08-03,38.70069,-121.59479,7.5,37.8,15.0,0.0,,6.3,3.1,7.2,,
USW00093225,"SACRAMENTO METROPOLITAN AIRPORT, CA US",2021-08-04,38.70069,-121.59479,7.5,36.1,15.0,0.0,,8.1,4.7,9.4,,
USW00093225,"SACRAMENTO METROPOLITAN AIRPORT, CA US",2021-08-05,38.70069,-121.59479,7.5,30.6,13.9,0.0,,9.4,5.1,11.6,,
USW00093225,"SACRAMENTO METROPOLITAN AIRPORT, CA US",2021-08-06,38.70069,-121.59479,7.5,33.9,13.9,0.0,,4.5,1.7,5.8,,
USW00093225,"SACRAMENTO METROPOLITAN AIRPORT, CA US",2021-08-07,38.70069,-121.59479,7.5,32.8,17.2,0.0,,5.8,3.0,7.2,,
USW00093225,"SACRAMENTO METROPOLITAN AIRPORT, CA US",2021-08-08,38.70069,-121.59479,7.5,34.4,16.1,0.0,,7.6,4.1,9.4,,
USW00093225,"SACRAMENTO METROPOLITAN AIRPORT, CA US",2021-08-09,38.70069,-121.59479,7.5,35.6,15.6,0.0,,6.7,3.4,7.6,,
USW00093225,"SACRAMENTO METROPOLITAN AIRPORT, CA US",2021-08-10,38.70069,-121.59479,7.5,38.3,13.9,0.0,,5.4,2.4,6.3,,
USW00093225,"SACRAMENTO METROPOLITAN AIRPORT, CA US",2021-08-11,38.70069,-121.59479,7.5,40.0,16.7,0.0,,7.2,3.6,8.9,,
USW00093225,"SACRAMENTO METROPOLITAN AIRPORT, CA US",2021-08-12,38.70069,-121.59479,7.5,35.6,17.2,0.0,,10.3,3.8,12.1,,
USW00093225,"SACRAMENTO METROPOLITAN AIRPORT, CA US",2021-08-13,38.70069,-121.59479,7.5,34.4,16.7,0.0,,6.7,3.1,8.1,,
USW00093225,"SACRAMENTO METROPOLITAN AIRPORT, CA US",2021-08-14,38.70069,-121.59479,7.5,38.9,18.9,0.0,,7.6,3.2,9.8,,
USW00093225,"SACRAMENTO METROPOLITAN AIRPORT, CA US",2021-08-15,38.70069,-121.59479,7.5,36.7,17.2,0.0,,6.3,2.9,7.6,,
USW00093225,"SACRAMENTO METROPOLITAN AIRPORT, CA US",2021-08-16,38.70069,-121.59479,7.5,38.3,18.3,0.0,,7.6,3.9,9.4,,
USW00093225,"SACRAMENTO METROPOLITAN AIRPORT, CA US",2021-08-17,38.70069,-121.59479,7.5,31.1,17.2,0.0,,7.2,4.7,8.9,,
USW00093225,"SACRAMENTO METROPOLITAN AIRPORT, CA US",2021-08-18,38.70069,-121.59479,7.5,28.9,13.9,0.0,,6.3,2.6,8.5,,
USW00093225,"SACRAMENTO METROPOLITAN AIRPORT, CA US",2021-08-19,38.70069,-121.59479,7.5,32.2,12.8,0.0,,7.2,2.8,8.1,,
USW00093225,"SACRAMENTO METROPOLITAN AIRPORT, CA US",2021-08-20,38.70069,-121.59479,7.5,30.6,15.6,0.0,,8.1,4.5,10.3,,
USW00093225,"SACRAMENTO METROPOLITAN AIRPORT, CA US",2021-08-21,38.70069,-121.59479,7.5,25.6,15.0,0.0,,9.8,5.1,12.1,,
USW00093225,"SACRAMENTO METROPOLITAN AIRPORT, CA US",2021-08-22,38.70069,-121.59479,7.5,30.0,13.3,0.0,,6.3,3.2,8.1,,
USW00093225,"SACRAMENTO METROPOLITAN AIRPORT, CA US",2021-08-23,38.70069,-121.59479,7.5,30.6,13.3,0.0,,7.6,4.1,9.8,,
USW00093225,"SACRAMENTO METROPOLITAN AIRPORT, CA US",2021-08-24,38.70069,-121.59479,7.5,31.7,12.2,0.0,,6.7,3.8,8.5,,
USW00093225,"SACRAMENTO METROPOLITAN AIRPORT, CA US",2021-08-25,38.70069,-121.59479,7.5,31.7,13.9,,,6.3,2.8,7.6,,
USW00093225,"SACRAMENTO METROPOLITAN AIRPORT, CA US",2021-08-26,38.70069,-121.59479,7.5,35.6,11.7,0.0,,5.8,2.1,7.2,,
USW00093225,"SACRAMENTO METROPOLITAN AIRPORT, CA US",2021-08-27,38.70069,-121.59479,7.5,35.6,15.6,,,5.4,1.4,8.1,,
USW00093225,"SACRAMENTO METROPOLITAN AIRPORT, CA US",2021-08-28,38.70069,-121.59479,7.5,37.2,15.6,0.0,,4.0,1.3,4.9,,
USW00093225,"SACRAMENTO METROPOLITAN AIRPORT, CA US",2021-08-29,38.70069,-121.59479,7.5,39.4,15.6,0.0,,5.4,2.4,6.3,,
USW00093225,"SACRAMENTO METROPOLITAN AIRPORT, CA US",2021-08-30,38.70069,-121.59479,7.5,37.8,17.8,0.0,,7.2,4.1,9.4,,
USW00093225,"SACRAMENTO METROPOLITAN AIRPORT, CA US",2021-08-31,38.70069,-121.59479,7.5,33.3,15.6,0.0,,8.1,4.1,10.7,,
