STATION,NAME,DATE,LATITUDE,LONGITUDE,ELEVATION,TMAX,TMIN,PRCP,SNOW,WSF2,AWND,WSF5,WT01,WT03
USW00093225,"SACRAMENTO METROPOLITAN AIRPORT, CA US",2023-05-01,38.70069,-121.59479,7.5,16.1,10.0,0.0,,8.9,5.8,11.2,,
USW00093225,"SACRAMENTO METROPOLITAN AIRPORT, CA US",2023-05-02,38.70069,-121.59479,7.5,18.3,8.9,4.1,,10.3,3.8,13.0,    1,
USW00093225,"SACRAMENTO METROPOLITAN AIRPORT, CA US",2023-05-03,38.70069,-121.59479,7.5,18.3,6.1,0.0,,6.3,2.1,8.9,,
USW00093225,"SACRAMENTO METROPOLITAN AIRPORT, CA US",2023-05-04,38.70069,-121.59479,7.5,16.1,11.1,4.3,,5.4,2.8,6.3,,
USW00093225,"SACRAMENTO METROPOLITAN AIRPORT, CA US",2023-05-05,38.70069,-121.59479,7.5,20.0,9.4,2.0,,8.9,4.7,10.3,,
USW00093225,"SACRAMENTO METROPOLITAN AIRPORT, CA US",2023-05-06,38.70069,-121.59479,7.5,19.4,10.0,18.0,,9.4,4.7,13.0,    1,    1
USW00093225,"SACRAMENTO METROPOLITAN AIRPORT, CA US",2023-05-07,38.70069,-121.59479,7.5,20.6,10.0,0.0,,8.9,4.5,11.6,,
USW00093225,"SACRAMENTO METROPOLITAN AIRPORT, CA US",2023-05-08,38.70069,-121.59479,7.5,21.1,9.4,0.0,,8.1,3.9,10.3,,
USW00093225,"SACRAMENTO METROPOLITAN AIRPORT, CA US",2023-05-09,38.70069,-121.59479,7.5,23.3,10.0,0.0,,7.6,2.5,9.4,,
USW00093225,"SACRAMENTO METROPOLITAN AIRPORT, CA US",2023-05-10,38.70069,-121.59479,7.5,22.2,11.1,0.0,,7.6,4.8,10.7,,
USW00093225,"SACRAMENTO METROPOLITAN AIRPORT, CA US",2023-05-11,38.70069,-121.59479,7.5,26.7,8.9,0.0,,6.3,2.6,7.2,,
USW00093225,"SACRAMENTO METROPOLITAN AIRPORT, CA US",2023-05-12,38.70069,-121.59479,7.5,31.7,12.8,0.0,,4.5,2.5,5.8,,
USW00093225,"SACRAMENTO METROPOLITAN AIRPORT, CA US",2023-05-13,38.70069,-121.59479,7.5,35.6,12.8,0.0,,4.5,1.4,5.8,,
USW00093225,"SACRAMENTO METROPOLITAN AIRPORT, CA US",2023-05-14,38.70069,-121.59479,7.5,32.2,16.1,0.0,,8.1,4.0,9.8,,
USW00093225,"SACRAMENTO METROPOLITAN AIRPORT, CA US",2023-05-15,38.70069,-121.59479,7.5,31.1,13.9,0.0,,6.7,3.7,8.9,,
USW00093225,"SACRAMENTO METROPOLITAN AIRPORT, CA US",2023-05-16,38.70069,-121.59479,7.5,34.4,11.7,0.0,,4.0,2.1,5.8,,
USW00093225,"SACRAMENTO METROPOLITAN AIRPORT, CA US",2023-05-17,38.70069,-121.59479,7.5,33.3,14.4,0.0,,7.2,3.0,8.5,,
USW00093225,"SACRAMENTO METROPOLITAN AIRPORT, CA US",2023-05-18,38.70069,-121.59479,7.5,31.1,13.3,0.0,,7.2,3.4,8.9,,
USW00093225,"SACRAMENTO METROPOLITAN AIRPORT, CA US",2023-05-19,38.70069,-121.59479,7.5,30.6,14.4,0.0,,7.6,4.1,9.4,,
USW00093225,"SACRAMENTO METROPOLITAN AIRPORT, CA US",2023-05-20,38.70069,-121.59479,7.5,27.8,13.3,0.0,,8.1,4.9,10.3,,
USW00093225,"SACRAMENTO METROPOLITAN AIRPORT, CA US",2023-05-21,38.70069,-121.59479,7.5,31.1,13.3,0.0,,6.7,2.9,8.1,,
USW00093225,"SACRAMENTO METROPOLITAN AIRPORT, CA US",2023-05-22,38.70069,-121.59479,7.5,33.3,12.2,0.0,,7.2,2.9,8.9,,
USW00093225,"SACRAMENTO METROPOLITAN AIRPORT, CA US",2023-05-23,38.70069,-121.59479,7.5,26.1,13.3,0.0,,9.4,6.0,11.2,,
USW00093225,"SACRAMENTO METROPOLITAN AIRPORT, CA US",2023-05-24,38.70069,-121.59479,7.5,24.4,11.7,0.0,,8.1,5.5,10.3,,
USW00093225,"SACRAMENTO METROPOLITAN AIRPORT, CA US",2023-05-25,38.70069,-121.59479,7.5,24.4,11.7,0.0,,9.8,5.3,11.6,,
USW00093225,"SACRAMENTO METROPOLITAN AIRPORT, CA US",2023-05-26,38.70069,-121.59479,7.5,24.4,12.2,0.0,,9.8,4.9,11.6,,
USW00093225,"SACRAMENTO METROPOLITAN AIRPORT, CA US",2023-05-27,38.70069,-121.59479,7.5,26.1,12.2,0.0,,8.9,5.1,10.7,,
USW00093225,"SACRAMENTO METROPOLITAN AIRPORT, CA US",2023-05-28,38.70069,-121.59479,7.5,26.7,13.3,0.0,,9.4,4.5,11.2,,
USW00093225,"SACRAMENTO METROPOLITAN AIRPORT, CA US",2023-05-29,38.70069,-121.59479,7.5,25.6,12.2,0.0,,9.8,5.1,12.1,,
USW00093225,"SACRAMENTO METROPOLITAN AIRPORT, CA US",2023-05-30,38.70069,-121.59479,7.5,25.6,12.2,0.0,,8.1,5.0,10.3,,
USW00093225,"SACRAMENTO METROPOLITAN AIRPORT, CA US",2023-05-31,38.70069,-121.59479,7.5,26.1,12.2,0.0,,7.2,4.5,9.4,,
