STATION,NAME,DATE,LATITUDE,LONGITUDE,ELEVATION,TMAX,TMIN,PRCP,WSF2,AWND,WSF5,WT01,WT03
USW00023190,"SANTA BARBARA MUNICIPAL AIRPORT, CA US",2023-08-01,34.4241,-119.84249,2.5,26.1,15.6,0.0,5.8,2.2,6.7,    1,
USW00023190,"SANTA BARBARA MUNICIPAL AIRPORT, CA US",2023-08-02,34.4241,-119.84249,2.5,27.8,14.4,0.0,5.8,2.3,7.2,,
USW00023190,"SANTA BARBARA MUNICIPAL AIRPORT, CA US",2023-08-03,34.4241,-119.84249,2.5,29.4,13.9,0.0,4.5,2.0,6.7,,
USW00023190,"SANTA BARBARA MUNICIPAL AIRPORT, CA US",2023-08-04,34.4241,-119.84249,2.5,25.6,15.0,0.0,5.8,2.6,7.6,,
USW00023190,"SANTA BARBARA MUNICIPAL AIRPORT, CA US",2023-08-05,34.4241,-119.84249,2.5,25.6,13.3,0.0,5.8,2.2,6.7,    1,
USW00023190,"SANTA BARBARA MUNICIPAL AIRPORT, CA US",2023-08-06,34.4241,-119.84249,2.5,23.9,14.4,0.0,5.4,1.6,6.3,    1,
USW00023190,"SANTA BARBARA MUNICIPAL AIRPORT, CA US",2023-08-07,34.4241,-119.84249,2.5,23.9,16.1,0.0,5.4,2.8,6.3,    1,
USW00023190,"SANTA BARBARA MUNICIPAL AIRPORT, CA US",2023-08-08,34.4241,-119.84249,2.5,25.0,16.7,0.0,5.8,2.4,7.6,    1,
USW00023190,"SANTA BARBARA MUNICIPAL AIRPORT, CA US",2023-08-09,34.4241,-119.84249,2.5,25.0,17.2,0.0,5.4,2.2,6.3,    1,
USW00023190,"SANTA BARBARA MUNICIPAL AIRPORT, CA US",2023-08-10,34.4241,-119.84249,2.5,22.8,18.3,4.3,5.8,1.8,6.7,    1,
USW00023190,"SANTA BARBARA MUNICIPAL AIRPORT, CA US",2023-08-11,34.4241,-119.84249,2.5,22.2,18.3,0.0,5.8,2.0,6.7,    1,
USW00023190,"SANTA BARBARA MUNICIPAL AIRPORT, CA US",2023-08-12,34.4241,-119.84249,2.5,24.4,17.8,0.0,6.3,2.8,7.6,    1,
USW00023190,"SANTA BARBARA MUNICIPAL AIRPORT, CA US",2023-08-13,34.4241,-119.84249,2.5,24.4,18.3,0.0,7.6,3.1,8.9,    1,
USW00023190,"SANTA BARBARA MUNICIPAL AIRPORT, CA US",2023-08-14,34.4241,-119.84249,2.5,23.3,17.8,0.0,7.2,2.6,8.5,    1,
USW00023190,"SANTA BARBARA MUNICIPAL AIRPORT, CA US",2023-08-15,34.4241,-119.84249,2.5,23.3,17.2,0.0,6.3,3.0,8.1,    1,
USW00023190,"SANTA BARBARA MUNICIPAL AIRPORT, CA US",2023-08-16,34.4241,-119.84249,2.5,25.0,17.8,0.0,7.2,3.1,8.5,    1,
USW00023190,"SANTA BARBARA MUNICIPAL AIRPORT, CA US",2023-08-17,34.4241,-119.84249,2.5,22.8,17.2,0.0,8.9,3.6,10.3,    1,
USW00023190,"SANTA BARBARA MUNICIPAL AIRPORT, CA US",2023-08-18,34.4241,-119.84249,2.5,25.0,16.7,0.0,6.7,2.6,8.1,    1,
USW00023190,"SANTA BARBARA MUNICIPAL AIRPORT, CA US",2023-08-19,34.4241,-119.84249,2.5,25.0,14.4,0.0,5.8,2.1,7.2,,
USW00023190,"SANTA BARBARA MUNICIPAL AIRPORT, CA US",2023-08-20,34.4241,-119.84249,2.5,26.1,17.2,2.8,6.3,1.6,8.5,    1,
USW00023190,"SANTA BARBARA MUNICIPAL AIRPORT, CA US",2023-08-21,34.4241,-119.84249,2.5,23.9,17.8,0.5,9.8,3.8,13.0,    1,
USW00023190,"SANTA BARBARA MUNICIPAL AIRPORT, CA US",2023-08-22,34.4241,-119.84249,2.5,26.7,15.6,0.0,6.3,2.3,7.6,,
USW00023190,"SANTA BARBARA MUNICIPAL AIRPORT, CA US",2023-08-23,34.4241,-119.84249,2.5,26.1,15.0,0.0,6.7,2.8,8.5,    1,
USW00023190,"SANTA BARBARA MUNICIPAL AIRPORT, CA US",2023-08-24,34.4241,-119.84249,2.5,23.9,15.6,0.0,7.2,3.0,8.9,    1,
USW00023190,"SANTA BARBARA MUNICIPAL AIRPORT, CA US",2023-08-25,34.4241,-119.84249,2.5,26.1,13.9,0.0,5.8,2.5,7.2,    1,
USW00023190,"SANTA BARBARA MUNICIPAL AIRPORT, CA US",2023-08-26,34.4241,-119.84249,2.5,27.2,17.2,0.0,5.8,2.6,7.2,    1,
USW00023190,"SANTA BARBARA MUNICIPAL AIRPORT, CA US",2023-08-27,34.4241,-119.84249,2.5,28.9,14.4,0.0,4.5,1.8,5.8,    1,
USW00023190,"SANTA BARBARA MUNICIPAL AIRPORT, CA US",2023-08-28,34.4241,-119.84249,2.5,31.1,14.4,0.0,4.0,1.7,5.8,    1,
USW00023190,"SANTA BARBARA MUNICIPAL AIRPORT, CA US",2023-08-29,34.4241,-119.84249,2.5,29.4,14.4,0.0,4.5,1.7,5.8,    1,
USW00023190,"SANTA BARBARA MUNICIPAL AIRPORT, CA US",2023-08-30,34.4241,-119.84249,2.5,28.9,15.6,0.0,4.0,1.3,5.4,    1,
USW00023190,"SANTA BARBARA MUNICIPAL AIRPORT, CA US",2023-08-31,34.4241,-119.84249,2.5,22.2,14.4,0.0,4.0,1.7,5.8,    1,
