STATION,NAME,DATE,LATITUDE,LONGITUDE,ELEVATION,TMAX,TMIN,PRCP,WSF2,AWND,WSF5,WT01,WT03
USW00023190,"SANTA BARBARA MUNICIPAL AIRPORT, CA US",2021-05-01,34.4241,-119.84249,2.5,20.6,10.6,0.0,9.8,2.3,11.6,    1,
USW00023190,"SANTA BARBARA MUNICIPAL AIRPORT, CA US",2021-05-02,34.4241,-119.84249,2.5,19.4,10.6,0.0,9.8,4.5,12.5,,
USW00023190,"SANTA BARBARA MUNICIPAL AIRPORT, CA US",2021-05-03,34.4241,-119.84249,2.5,21.1,9.4,0.0,4.5,2.7,,    1,
USW00023190,"SANTA BARBARA MUNICIPAL AIRPORT, CA US",2021-05-04,34.4241,-119.84249,2.5,20.0,12.2,0.0,5.8,2.9,,    1,
USW00023190,"SANTA BARBARA MUNICIPAL AIRPORT, CA US",2021-05-05,34.4241,-119.84249,2.5,17.8,11.7,0.0,5.4,2.9,6.7,    1,
USW00023190,"SANTA BARBARA MUNICIPAL AIRPORT, CA US",2021-05-06,34.4241,-119.84249,2.5,17.2,11.7,0.0,6.3,2.4,9.4,    1,
USW00023190,"SANTA BARBARA MUNICIPAL AIRPORT, CA US",2021-05-07,34.4241,-119.84249,2.5,18.9,10.6,0.0,5.8,2.5,6.7,    1,
USW00023190,"SANTA BARBARA MUNICIPAL AIRPORT, CA US",2021-05-08,34.4241,-119.84249,2.5,20.0,9.4,0.0,6.3,2.3,8.1,    1,
USW00023190,"SANTA BARBARA MUNICIPAL AIRPORT, CA US",2021-05-09,34.4241,-119.84249,2.5,19.4,9.4,0.0,7.2,2.7,8.9,,
USW00023190,"SANTA BARBARA MUNICIPAL AIRPORT, CA US",2021-05-10,34.4241,-119.84249,2.5,18.9,12.8,0.8,5.8,2.3,6.7,    1,
USW00023190,"SANTA BARBARA MUNICIPAL AIRPORT, CA US",2021-05-11,34.4241,-119.84249,2.5,19.4,12.2,0.0,6.7,2.7,8.1,    1,
USW00023190,"SANTA BARBARA MUNICIPAL AIRPORT, CA US",2021-05-12,34.4241,-119.84249,2.5,17.8,13.3,0.0,5.8,2.4,,    1,
USW00023190,"SANTA BARBARA MUNICIPAL AIRPORT, CA US",2021-05-13,34.4241,-119.84249,2.5,16.7,12.8,0.0,4.5,2.5,,    1,
USW00023190,"SANTA BARBARA MUNICIPAL AIRPORT, CA US",2021-05-14,34.4241,-119.84249,2.5,17.2,12.8,0.0,5.4,2.9,,    1,
USW00023190,"SANTA BARBARA MUNICIPAL AIRPORT, CA US",2021-05-15,34.4241,-119.84249,2.5,20.6,11.7,0.0,6.7,3.0,9.4,,
USW00023190,"SANTA BARBARA MUNICIPAL AIRPORT, CA US",2021-05-16,34.4241,-119.84249,2.5,18.9,11.1,0.0,5.4,2.1,,,
USW00023190,"SANTA BARBARA MUNICIPAL AIRPORT, CA US",2021-05-17,34.4241,-119.84249,2.5,18.9,8.9,0.0,7.6,2.2,10.3,,
USW00023190,"SANTA BARBARA MUNICIPAL AIRPORT, CA US",2021-05-18,34.4241,-119.84249,2.5,20.6,8.3,0.0,4.0,2.5,,,
USW00023190,"SANTA BARBARA MUNICIPAL AIRPORT, CA US",2021-05-19,34.4241,-119.84249,2.5,25.6,10.0,0.0,8.1,3.4,14.3,,
USW00023190,"SANTA BARBARA MUNICIPAL AIRPORT, CA US",2021-05-20,34.4241,-119.84249,2.5,26.1,10.0,0.0,9.4,4.8,14.8,,
USW00023190,"SANTA BARBARA MUNICIPAL AIRPORT, CA US",2021-05-21,34.4241,-119.84249,2.5,21.7,10.0,0.0,11.2,5.3,16.5,,
USW00023190,"SANTA BARBARA MUNICIPAL AIRPORT, CA US",2021-05-22,34.4241,-119.84249,2.5,20.0,5.6,0.0,5.8,2.9,,,
USW00023190,"SANTA BARBARA MUNICIPAL AIRPORT, CA US",2021-05-23,34.4241,-119.84249,2.5,21.7,7.2,0.0,5.8,2.0,7.2,,
USW00023190,"SANTA BARBARA MUNICIPAL AIRPORT, CA US",2021-05-24,34.4241,-119.84249,2.5,25.0,7.2,0.0,5.4,2.1,6.7,    1,
USW00023190,"SANTA BARBARA MUNICIPAL AIRPORT, CA US",2021-05-25,34.4241,-119.84249,2.5,23.9,11.1,0.0,4.5,2.9,,    1,
USW00023190,"SANTA BARBARA MUNICIPAL AIRPORT, CA US",2021-05-26,34.4241,-119.84249,2.5,20.6,12.2,0.0,5.4,2.5,,,
USW00023190,"SANTA BARBARA MUNICIPAL AIRPORT, CA US",2021-05-27,34.4241,-119.84249,2.5,18.9,11.1,0.0,5.8,3.1,7.6,,
USW00023190,"SANTA BARBARA MUNICIPAL AIRPORT, CA US",2021-05-28,34.4241,-119.84249,2.5,17.8,8.9,0.0,6.3,2.9,7.6,,
USW00023190,"SANTA BARBARA MUNICIPAL AIRPORT, CA US",2021-05-29,34.4241,-119.84249,2.5,20.0,10.6,0.0,7.2,2.6,8.1,    1,
USW00023190,"SANTA BARBARA MUNICIPAL AIRPORT, CA US",2021-05-30,34.4241,-119.84249,2.5,19.4,10.0,0.0,5.4,2.2,6.7,    1,
USW00023190,"SANTA BARBARA MUNICIPAL AIRPORT, CA US",2021-05-31,34.4241,-119.84249,2.5,20.6,12.2,0.0,5.8,3.0,7.6,    1,
