STATION,NAME,DATE,LATITUDE,LONGITUDE,ELEVATION,TMAX,TMIN,PRCP,WSF2,AWND,WSF5,WT01,WT03
USW00023190,"SANTA BARBARA MUNICIPAL AIRPORT, CA US",2023-06-01,34.4241,-119.84249,2.5,20.6,11.1,0.0,4.5,1.8,6.3,,
USW00023190,"SANTA BARBARA MUNICIPAL AIRPORT, CA US",2023-06-02,34.4241,-119.84249,2.5,21.7,12.2,0.0,6.7,2.5,8.5,,
USW00023190,"SANTA BARBARA MUNICIPAL AIRPORT, CA US",2023-06-03,34.4241,-119.84249,2.5,20.6,11.1,0.0,4.0,2.3,6.3,,
USW00023190,"SANTA BARBARA MUNICIPAL AIRPORT, CA US",2023-06-04,34.4241,-119.84249,2.5,18.9,14.4,0.0,5.4,1.9,6.3,    1,
USW00023190,"SANTA BARBARA MUNICIPAL AIRPORT, CA US",2023-06-05,34.4241,-119.84249,2.5,17.2,15.0,0.5,5.8,2.6,6.7,    1,
USW00023190,"SANTA BARBARA MUNICIPAL AIRPORT, CA US",2023-06-06,34.4241,-119.84249,2.5,20.0,14.4,4.8,5.4,1.9,6.3,    1,
USW00023190,"SANTA BARBARA MUNICIPAL AIRPORT, CA US",2023-06-07,34.4241,-119.84249,2.5,20.0,13.9,0.3,4.5,2.0,6.3,    1,
USW00023190,"SANTA BARBARA MUNICIPAL AIRPORT, CA US",2023-06-08,34.4241,-119.84249,2.5,20.6,13.9,0.0,6.7,2.6,8.1,,
USW00023190,"SANTA BARBARA MUNICIPAL AIRPORT, CA US",2023-06-09,34.4241,-119.84249,2.5,18.9,13.3,0.0,4.5,1.8,4.9,,
USW00023190,"SANTA BARBARA MUNICIPAL AIRPORT, CA US",2023-06-10,34.4241,-119.84249,2.5,18.9,16.7,0.0,6.3,2.1,7.6,    1,
USW00023190,"SANTA BARBARA MUNICIPAL AIRPORT, CA US",2023-06-11,34.4241,-119.84249,2.5,20.6,16.1,0.0,5.4,2.4,7.2,    1,
USW00023190,"SANTA BARBARA MUNICIPAL AIRPORT, CA US",2023-06-12,34.4241,-119.84249,2.5,20.6,15.6,0.0,6.3,2.6,7.2,,
USW00023190,"SANTA BARBARA MUNICIPAL AIRPORT, CA US",2023-06-13,34.4241,-119.84249,2.5,20.0,12.8,0.0,6.7,2.4,8.1,,
USW00023190,"SANTA BARBARA MUNICIPAL AIRPORT, CA US",2023-06-14,34.4241,-119.84249,2.5,19.4,14.4,0.0,4.0,2.3,5.4,,
USW00023190,"SANTA BARBARA MUNICIPAL AIRPORT, CA US",2023-06-15,34.4241,-119.84249,2.5,20.6,15.6,0.0,4.5,2.3,5.8,    1,
USW00023190,"SANTA BARBARA MUNICIPAL AIRPORT, CA US",2023-06-16,34.4241,-119.84249,2.5,21.1,15.6,0.0,6.3,2.5,7.6,,
USW00023190,"SANTA BARBARA MUNICIPAL AIRPORT, CA US",2023-06-17,34.4241,-119.84249,2.5,22.8,13.9,0.0,6.7,3.2,8.1,    1,
USW00023190,"SANTA BARBARA MUNICIPAL AIRPORT, CA US",2023-06-18,34.4241,-119.84249,2.5,20.0,13.9,0.0,6.3,2.7,7.6,    1,
USW00023190,"SANTA BARBARA MUNICIPAL AIRPORT, CA US",2023-06-19,34.4241,-119.84249,2.5,22.2,11.7,0.0,4.0,1.7,5.8,,
USW00023190,"SANTA BARBARA MUNICIPAL AIRPORT, CA US",2023-06-20,34.4241,-119.84249,2.5,23.9,10.6,0.0,6.3,2.2,7.2,,
USW00023190,"SANTA BARBARA MUNICIPAL AIRPORT, CA US",2023-06-21,34.4241,-119.84249,2.5,24.4,10.6,0.0,5.8,2.0,6.3,,
USW00023190,"SANTA BARBARA MUNICIPAL AIRPORT, CA US",2023-06-22,34.4241,-119.84249,2.5,21.7,10.6,0.0,8.9,2.9,10.7,,
USW00023190,"SANTA BARBARA MUNICIPAL AIRPORT, CA US",2023-06-23,34.4241,-119.84249,2.5,21.7,9.4,0.0,8.1,2.8,10.3,,
USW00023190,"SANTA BARBARA MUNICIPAL AIRPORT, CA US",2023-06-24,34.4241,-119.84249,2.5,22.8,11.7,0.0,6.3,1.9,7.6,,
USW00023190,"SANTA BARBARA MUNICIPAL AIRPORT, CA US",2023-06-25,34.4241,-119.84249,2.5,23.3,10.6,0.0,6.7,2.8,8.1,,
USW00023190,"SANTA BARBARA MUNICIPAL AIRPORT, CA US",2023-06-26,34.4241,-119.84249,2.5,23.3,11.7,0.0,7.2,2.8,8.9,,
USW00023190,"SANTA BARBARA MUNICIPAL AIRPORT, CA US",2023-06-27,34.4241,-119.84249,2.5,22.8,11.7,0.0,7.2,2.6,8.1,,
USW00023190,"SANTA BARBARA MUNICIPAL AIRPORT, CA US",2023-06-28,34.4241,-119.84249,2.5,21.7,12.8,0.0,6.7,2.9,8.1,,
USW00023190,"SANTA BARBARA MUNICIPAL AIRPORT, CA US",2023-06-29,34.4241,-119.84249,2.5,21.1,12.2,0.0,5.8,3.0,7.2,    1,
USW00023190,"SANTA BARBARA MUNICIPAL AIRPORT, CA US",2023-06-30,34.4241,-119.84249,2.5,20.6,14.4,0.0,6.7,2.8,7.6,    1,
