STATION,NAME,DATE,LATITUDE,LONGITUDE,ELEVATION,TMAX,TMIN,PRCP,WSF2,AWND,WSF5,WT01,WT03
USW00023190,"SANTA BARBARA MUNICIPAL AIRPORT, CA US",2023-07-01,34.4241,-119.84249,2.5,20.6,14.4,0.0,6.3,3.0,7.6,    1,
USW00023190,"SANTA BARBARA MUNICIPAL AIRPORT, CA US",2023-07-02,34.4241,-119.84249,2.5,21.1,14.4,0.0,7.6,2.9,9.4,    1,
USW00023190,"SANTA BARBARA MUNICIPAL AIRPORT, CA US",2023-07-03,34.4241,-119.84249,2.5,21.1,14.4,0.0,4.5,2.2,5.8,    1,
USW00023190,"SANTA BARBARA MUNICIPAL AIRPORT, CA US",2023-07-04,34.4241,-119.84249,2.5,20.0,14.4,0.0,7.6,4.0,9.4,    1,
USW00023190,"SANTA BARBARA MUNICIPAL AIRPORT, CA US",2023-07-05,34.4241,-119.84249,2.5,20.6,13.3,0.0,7.2,3.0,8.5,    1,
USW00023190,"SANTA BARBARA MUNICIPAL AIRPORT, CA US",2023-07-06,34.4241,-119.84249,2.5,21.7,12.2,0.0,6.7,3.0,8.5,    1,
USW00023190,"SANTA BARBARA MUNICIPAL AIRPORT, CA US",2023-07-07,34.4241,-119.84249,2.5,20.6,11.7,0.0,5.4,2.4,6.3,    1,
USW00023190,"SANTA BARBARA MUNICIPAL AIRPORT, CA US",2023-07-08,34.4241,-119.84249,2.5,21.1,11.7,0.0,7.2,2.5,9.4,    1,
USW00023190,"SANTA BARBARA MUNICIPAL AIRPORT, CA US",2023-07-09,34.4241,-119.84249,2.5,23.9,12.2,0.0,6.7,2.3,8.1,    1,
USW00023190,"SANTA BARBARA MUNICIPAL AIRPORT, CA US",2023-07-10,34.4241,-119.84249,2.5,23.3,13.9,0.0,6.7,3.0,7.6,,
USW00023190,"SANTA BARBARA MUNICIPAL AIRPORT, CA US",2023-07-11,34.4241,-119.84249,2.5,20.0,13.9,0.0,5.8,2.1,6.7,    1,
USW00023190,"SANTA BARBARA MUNICIPAL AIRPORT, CA US",2023-07-12,34.4241,-119.84249,2.5,23.9,13.3,0.0,4.5,2.1,5.4,    1,
USW00023190,"SANTA BARBARA MUNICIPAL AIRPORT, CA US",2023-07-13,34.4241,-119.84249,2.5,25.0,14.4,0.0,5.8,2.6,7.2,    1,
USW00023190,"SANTA BARBARA MUNICIPAL AIRPORT, CA US",2023-07-14,34.4241,-119.84249,2.5,25.6,13.3,0.0,4.5,2.1,5.8,,
USW00023190,"SANTA BARBARA MUNICIPAL AIRPORT, CA US",2023-07-15,34.4241,-119.84249,2.5,23.9,14.4,0.0,4.5,2.1,5.8,    1,
USW00023190,"SANTA BARBARA MUNICIPAL AIRPORT, CA US",2023-07-16,34.4241,-119.84249,2.5,23.3,14.4,0.0,5.4,2.0,6.3,    1,
USW00023190,"SANTA BARBARA MUNICIPAL AIRPORT, CA US",2023-07-17,34.4241,-119.84249,2.5,23.3,15.6,0.0,5.4,2.2,6.3,    1,
USW00023190,"SANTA BARBARA MUNICIPAL AIRPORT, CA US",2023-07-18,34.4241,-119.84249,2.5,23.9,16.1,0.0,6.3,2.1,7.2,    1,
USW00023190,"SANTA BARBARA MUNICIPAL AIRPORT, CA US",2023-07-19,34.4241,-119.84249,2.5,25.0,15.6,0.0,5.4,2.3,6.3,    1,
USW00023190,"SANTA BARBARA MUNICIPAL AIRPORT, CA US",2023-07-20,34.4241,-119.84249,2.5,25.6,14.4,0.0,5.4,1.8,6.7,,
USW00023190,"SANTA BARBARA MUNICIPAL AIRPORT, CA US",2023-07-21,34.4241,-119.84249,2.5,23.9,16.7,0.0,6.3,2.7,7.2,    1,
USW00023190,"SANTA BARBARA MUNICIPAL AIRPORT, CA US",2023-07-22,34.4241,-119.84249,2.5,23.9,15.6,0.0,7.2,3.2,8.5,    1,
USW00023190,"SANTA BARBARA MUNICIPAL AIRPORT, CA US",2023-07-23,34.4241,-119.84249,2.5,24.4,16.1,0.0,7.6,3.4,9.4,    1,
USW00023190,"SANTA BARBARA MUNICIPAL AIRPORT, CA US",2023-07-24,34.4241,-119.84249,2.5,23.9,16.7,0.0,7.2,2.6,8.5,    1,
USW00023190,"SANTA BARBARA MUNICIPAL AIRPORT, CA US",2023-07-25,34.4241,-119.84249,2.5,27.8,17.2,0.0,6.7,2.5,8.1,    1,
USW00023190,"SANTA BARBARA MUNICIPAL AIRPORT, CA US",2023-07-26,34.4241,-119.84249,2.5,27.8,16.1,0.0,4.5,2.3,6.7,,
USW00023190,"SANTA BARBARA MUNICIPAL AIRPORT, CA US",2023-07-27,34.4241,-119.84249,2.5,26.1,16.1,0.0,4.5,2.2,5.8,    1,
USW00023190,"SANTA BARBARA MUNICIPAL AIRPORT, CA US",2023-07-28,34.4241,-119.84249,2.5,26.7,16.7,0.0,4.5,2.0,6.3,    1,
USW00023190,"SANTA BARBARA MUNICIPAL AIRPORT, CA US",2023-07-29,34.4241,-119.84249,2.5,25.6,16.1,0.0,6.7,2.1,8.1,    1,
USW00023190,"SANTA BARBARA MUNICIPAL AIRPORT, CA US",2023-07-30,34.4241,-119.84249,2.5,25.0,16.7,0.0,6.7,2.6,8.5,    1,
USW00023190,"SANTA BARBARA MUNICIPAL AIRPORT, CA US",2023-07-31,34.4241,-119.84249,2.5,26.7,17.2,0.0,5.8,2.6,7.6,    1,
