STATION,NAME,DATE,LATITUDE,LONGITUDE,ELEVATION,TMAX,TMIN,PRCP,WSF2,AWND,WSF5,WT01,WT03
USW00023190,"SANTA BARBARA MUNICIPAL AIRPORT, CA US",2024-05-01,34.4241,-119.84249,2.5,19.4,11.1,0.0,4.0,2.4,5.8,    1,
USW00023190,"SANTA BARBARA MUNICIPAL AIRPORT, CA US",2024-05-02,34.4241,-119.84249,2.5,18.9,10.0,0.0,4.5,2.1,7.2,    1,
USW00023190,"SANTA BARBARA MUNICIPAL AIRPORT, CA US",2024-05-03,34.4241,-119.84249,2.5,16.7,12.2,0.0,5.4,2.2,,    1,
USW00023190,"SANTA BARBARA MUNICIPAL AIRPORT, CA US",2024-05-04,34.4241,-119.84249,2.5,17.8,10.0,2.3,8.1,2.3,10.7,    1,
USW00023190,"SANTA BARBARA MUNICIPAL AIRPORT, CA US",2024-05-05,34.4241,-119.84249,2.5,22.2,8.9,0.0,11.6,4.8,17.0,    1,
USW00023190,"SANTA BARBARA MUNICIPAL AIRPORT, CA US",2024-05-06,34.4241,-119.84249,2.5,19.4,7.2,0.0,8.1,2.1,10.7,,
USW00023190,"SANTA BARBARA MUNICIPAL AIRPORT, CA US",2024-05-07,34.4241,-119.84249,2.5,19.4,8.9,0.0,4.0,2.0,,,
USW00023190,"SANTA BARBARA MUNICIPAL AIRPORT, CA US",2024-05-08,34.4241,-119.84249,2.5,18.9,8.3,0.0,4.5,1.9,6.7,    1,
USW00023190,"SANTA BARBARA MUNICIPAL AIRPORT, CA US",2024-05-09,34.4241,-119.84249,2.5,19.4,11.7,0.0,5.8,3.1,8.5,    1,
USW00023190,"SANTA BARBARA MUNICIPAL AIRPORT, CA US",2024-05-10,34.4241,-119.84249,2.5,16.1,11.7,0.0,6.3,2.4,8.5,    1,
USW00023190,"SANTA BARBARA MUNICIPAL AIRPORT, CA US",2024-05-11,34.4241,-119.84249,2.5,16.1,12.2,0.0,4.0,2.2,,    1,
USW00023190,"SANTA BARBARA MUNICIPAL AIRPORT, CA US",2024-05-12,34.4241,-119.84249,2.5,16.1,12.2,0.0,5.8,2.6,,    1,
USW00023190,"SANTA BARBARA MUNICIPAL AIRPORT, CA US",2024-05-13,34.4241,-119.84249,2.5,17.8,12.2,0.0,6.3,3.0,8.1,    1,
USW00023190,"SANTA BARBARA MUNICIPAL AIRPORT, CA US",2024-05-14,34.4241,-119.84249,2.5,15.6,12.8,0.0,5.4,2.2,6.7,    1,
USW00023190,"SANTA BARBARA MUNICIPAL AIRPORT, CA US",2024-05-15,34.4241,-119.84249,2.5,16.1,12.2,0.0,4.5,2.0,5.8,    1,
USW00023190,"SANTA BARBARA MUNICIPAL AIRPORT, CA US",2024-05-16,34.4241,-119.84249,2.5,18.3,12.2,0.0,6.7,2.9,8.9,,
USW00023190,"SANTA BARBARA MUNICIPAL AIRPORT, CA US",2024-05-17,34.4241,-119.84249,2.5,17.8,11.1,0.0,6.7,2.4,8.9,,
USW00023190,"SANTA BARBARA MUNICIPAL AIRPORT, CA US",2024-05-18,34.4241,-119.84249,2.5,17.2,12.8,0.0,5.8,2.6,8.1,,
USW00023190,"SANTA BARBARA MUNICIPAL AIRPORT, CA US",2024-05-19,34.4241,-119.84249,2.5,17.2,10.6,0.0,6.3,2.1,8.5,,
USW00023190,"SANTA BARBARA MUNICIPAL AIRPORT, CA US",2024-05-20,34.4241,-119.84249,2.5,18.3,8.3,0.0,9.4,2.7,12.1,    1,
USW00023190,"SANTA BARBARA MUNICIPAL AIRPORT, CA US",2024-05-21,34.4241,-119.84249,2.5,18.3,8.9,0.0,5.8,2.5,7.2,    1,
USW00023190,"SANTA BARBARA MUNICIPAL AIRPORT, CA US",2024-05-22,34.4241,-119.84249,2.5,15.0,12.8,0.0,4.0,1.8,5.8,    1,
USW00023190,"SANTA BARBARA MUNICIPAL AIRPORT, CA US",2024-05-23,34.4241,-119.84249,2.5,18.3,10.0,0.0,5.4,1.9,7.2,,
USW00023190,"SANTA BARBARA MUNICIPAL AIRPORT, CA US",2024-05-24,34.4241,-119.84249,2.5,20.0,7.8,0.0,6.7,2.5,9.4,,
USW00023190,"SANTA BARBARA MUNICIPAL AIRPORT, CA US",2024-05-25,34.4241,-119.84249,2.5,19.4,10.0,0.0,7.6,2.6,10.3,,
USW00023190,"SANTA BARBARA MUNICIPAL AIRPORT, CA US",2024-05-26,34.4241,-119.84249,2.5,17.8,10.0,0.0,5.4,2.1,7.2,,
USW00023190,"SANTA BARBARA MUNICIPAL AIRPORT, CA US",2024-05-27,34.4241,-119.84249,2.5,18.9,10.0,0.0,4.5,2.2,7.2,    1,
USW00023190,"SANTA BARBARA MUNICIPAL AIRPORT, CA US",2024-05-28,34.4241,-119.84249,2.5,17.8,13.3,0.0,5.8,2.7,9.4,    1,
USW00023190,"SANTA BARBARA MUNICIPAL AIRPORT, CA US",2024-05-29,34.4241,-119.84249,2.5,17.8,12.2,0.0,4.0,2.2,,    1,
USW00023190,"SANTA BARBARA MUNICIPAL AIRPORT, CA US",2024-05-30,34.4241,-119.84249,2.5,17.2,10.6,0.0,5.4,2.2,7.2,    1,
USW00023190,"SANTA BARBARA MUNICIPAL AIRPORT, CA US",2024-05-31,34.4241,-119.84249,2.5,17.8,12.2,0.0,6.3,2.4,8.1,    1,
