STATION,NAME,DATE,LATITUDE,LONGITUDE,ELEVATION,TMAX,TMIN,PRCP,WSF2,AWND,WSF5,WT01,WT03
USW00093197,"SANTA MONICA MUNICIPAL AIRPORT, CA US",2022-05-01,34.02099,-118.44712,53.3,20.0,12.8,0.0,6.3,1.9,8.5,,
USW00093197,"SANTA MONICA MUNICIPAL AIRPORT, CA US",2022-05-02,34.02099,-118.44712,53.3,19.4,13.9,0.0,6.3,2.6,8.5,,
USW00093197,"SANTA MONICA MUNICIPAL AIRPORT, CA US",2022-05-03,34.02099,-118.44712,53.3,18.9,14.4,0.0,6.7,2.2,8.9,,
USW00093197,"SANTA MONICA MUNICIPAL AIRPORT, CA US",2022-05-04,34.02099,-118.44712,53.3,20.0,12.8,0.0,6.3,2.3,8.5,,
USW00093197,"SANTA MONICA MUNICIPAL AIRPORT, CA US",2022-05-05,34.02099,-118.44712,53.3,18.9,12.8,0.0,5.8,2.0,9.4,    1,
USW00093197,"SANTA MONICA MUNICIPAL AIRPORT, CA US",2022-05-06,34.02099,-118.44712,53.3,20.6,12.8,0.0,5.4,1.9,6.7,    1,
USW00093197,"SANTA MONICA MUNICIPAL AIRPORT, CA US",2022-05-07,34.02099,-118.44712,53.3,20.0,14.4,0.0,5.8,2.2,8.5,,
USW00093197,"SANTA MONICA MUNICIPAL AIRPORT, CA US",2022-05-08,34.02099,-118.44712,53.3,18.3,13.3,0.0,6.7,2.7,8.9,,
USW00093197,"SANTA MONICA MUNICIPAL AIRPORT, CA US",2022-05-09,34.02099,-118.44712,53.3,18.3,11.7,0.0,7.2,3.0,9.8,,
USW00093197,"SANTA MONICA MUNICIPAL AIRPORT, CA US",2022-05-10,34.02099,-118.44712,53.3,18.3,10.6,0.0,9.4,2.7,13.9,,
USW00093197,"SANTA MONICA MUNICIPAL AIRPORT, CA US",2022-05-11,34.02099,-118.44712,53.3,19.4,10.0,0.0,9.8,3.5,14.3,,
USW00093197,"SANTA MONICA MUNICIPAL AIRPORT, CA US",2022-05-12,34.02099,-118.44712,53.3,23.9,11.7,0.0,6.7,2.3,10.7,,
USW00093197,"SANTA MONICA MUNICIPAL AIRPORT, CA US",2022-05-13,34.02099,-118.44712,53.3,26.1,13.3,0.0,6.7,2.4,9.4,,
USW00093197,"SANTA MONICA MUNICIPAL AIRPORT, CA US",2022-05-14,34.02099,-118.44712,53.3,27.8,13.9,0.0,5.8,2.1,7.2,,
USW00093197,"SANTA MONICA MUNICIPAL AIRPORT, CA US",2022-05-15,34.02099,-118.44712,53.3,25.6,13.3,0.0,7.6,2.0,10.7,,
USW00093197,"SANTA MONICA MUNICIPAL AIRPORT, CA US",2022-05-16,34.02099,-118.44712,53.3,18.9,13.9,0.0,6.3,2.2,8.1,,
USW00093197,"SANTA MONICA MUNICIPAL AIRPORT, CA US",2022-05-17,34.02099,-118.44712,53.3,18.9,13.3,0.0,5.8,2.1,8.1,,
USW00093197,"SANTA MONICA MUNICIPAL AIRPORT, CA US",2022-05-18,34.02099,-118.44712,53.3,19.4,13.9,0.0,6.3,2.3,8.5,,
USW00093197,"SANTA MONICA MUNICIPAL AIRPORT, CA US",2022-05-19,34.02099,-118.44712,53.3,16.7,14.4,0.0,4.5,1.7,6.3,    1,
USW00093197,"SANTA MONICA MUNICIPAL AIRPORT, CA US",2022-05-20,34.02099,-118.44712,53.3,18.9,14.4,0.0,5.4,1.8,7.2,    1,
USW00093197,"SANTA MONICA MUNICIPAL AIRPORT, CA US",2022-05-21,34.02099,-118.44712,53.3,20.0,13.9,0.0,6.3,2.4,8.1,,
USW00093197,"SANTA MONICA MUNICIPAL AIRPORT, CA US",2022-05-22,34.02099,-118.44712,53.3,17.8,12.8,0.0,6.3,2.2,8.9,,
USW00093197,"SANTA MONICA MUNICIPAL AIRPORT, CA US",2022-05-23,34.02099,-118.44712,53.3,18.3,12.8,0.0,5.4,1.9,7.2,,
USW00093197,"SANTA MONICA MUNICIPAL AIRPORT, CA US",2022-05-24,34.02099,-118.44712,53.3,18.9,15.6,0.0,5.8,1.9,7.6,,
USW00093197,"SANTA MONICA MUNICIPAL AIRPORT, CA US",2022-05-25,34.02099,-118.44712,53.3,20.0,15.6,0.0,5.4,2.2,8.5,    1,
USW00093197,"SANTA MONICA MUNICIPAL AIRPORT, CA US",2022-05-26,34.02099,-118.44712,53.3,20.0,15.6,0.0,6.7,2.6,8.9,    1,
USW00093197,"SANTA MONICA MUNICIPAL AIRPORT, CA US",2022-05-27,34.02099,-118.44712,53.3,20.6,15.0,0.0,6.7,2.4,9.4,,
USW00093197,"SANTA MONICA MUNICIPAL AIRPORT, CA US",2022-05-28,34.02099,-118.44712,53.3,18.9,13.9,0.0,6.3,2.3,8.9,,
USW00093197,"SANTA MONICA MUNICIPAL AIRPORT, CA US",2022-05-29,34.02099,-118.44712,53.3,20.6,13.3,0.0,6.7,2.2,9.4,,
USW00093197,"SANTA MONICA MUNICIPAL AIRPORT, CA US",2022-05-30,34.02099,-118.44712,53.3,20.0,14.4,0.0,8.1,2.3,10.7,,
USW00093197,"SANTA MONICA MUNICIPAL AIRPORT, CA US",2022-05-31,34.02099,-118.44712,53.3,21.1,12.8,0.0,5.8,2.1,7.6,,
