STATION,NAME,DATE,LATITUDE,LONGITUDE,ELEVATION,TMAX,TAVG,TMIN,SNOW,PRCP,WSF2,WSF5,AWND,WT01,WT03
USW00014771,"SYRACUSE HANCOCK INTERNATIONAL AIRPORT, NY US",2023-08-01,43.1111,-76.10384,124.9,24.4,19.1,12.8,0.0,1.3,7.2,9.8,2.1,    1,
USW00014771,"SYRACUSE HANCOCK INTERNATIONAL AIRPORT, NY US",2023-08-02,43.1111,-76.10384,124.9,27.2,19.2,11.1,0.0,0.0,5.8,9.4,2.1,,
USW00014771,"SYRACUSE HANCOCK INTERNATIONAL AIRPORT, NY US",2023-08-03,43.1111,-76.10384,124.9,29.4,23.0,18.3,0.0,11.4,8.1,11.6,3.7,    1,    1
USW00014771,"SYRACUSE HANCOCK INTERNATIONAL AIRPORT, NY US",2023-08-04,43.1111,-76.10384,124.9,28.3,23.7,18.9,0.0,2.8,9.4,10.7,3.0,    1,    1
USW00014771,"SYRACUSE HANCOCK INTERNATIONAL AIRPORT, NY US",2023-08-05,43.1111,-76.10384,124.9,26.1,22.2,16.1,0.0,0.0,6.3,8.1,2.2,    1,
USW00014771,"SYRACUSE HANCOCK INTERNATIONAL AIRPORT, NY US",2023-08-06,43.1111,-76.10384,124.9,27.8,20.4,12.8,0.0,0.0,5.8,7.6,2.3,,
USW00014771,"SYRACUSE HANCOCK INTERNATIONAL AIRPORT, NY US",2023-08-07,43.1111,-76.10384,124.9,31.7,23.2,18.9,0.0,62.2,11.2,14.8,3.6,    1,    1
USW00014771,"SYRACUSE HANCOCK INTERNATIONAL AIRPORT, NY US",2023-08-08,43.1111,-76.10384,124.9,21.7,20.9,18.9,0.0,17.8,9.8,13.4,4.7,    1,
USW00014771,"SYRACUSE HANCOCK INTERNATIONAL AIRPORT, NY US",2023-08-09,43.1111,-76.10384,124.9,28.9,22.4,17.8,0.0,0.0,8.1,10.7,4.0,,
USW00014771,"SYRACUSE HANCOCK INTERNATIONAL AIRPORT, NY US",2023-08-10,43.1111,-76.10384,124.9,24.4,20.8,17.2,0.0,6.9,8.1,10.3,2.6,    1,    1
USW00014771,"SYRACUSE HANCOCK INTERNATIONAL AIRPORT, NY US",2023-08-11,43.1111,-76.10384,124.9,25.6,20.8,16.1,0.0,0.0,8.1,11.6,3.8,    1,
USW00014771,"SYRACUSE HANCOCK INTERNATIONAL AIRPORT, NY US",2023-08-12,43.1111,-76.10384,124.9,29.4,21.2,15.0,0.0,0.5,10.3,13.4,4.1,,    1
USW00014771,"SYRACUSE HANCOCK INTERNATIONAL AIRPORT, NY US",2023-08-13,43.1111,-76.10384,124.9,26.7,23.4,18.3,0.0,0.0,7.6,10.3,3.4,,
USW00014771,"SYRACUSE HANCOCK INTERNATIONAL AIRPORT, NY US",2023-08-14,43.1111,-76.10384,124.9,26.1,21.7,17.8,0.0,0.0,5.8,7.2,2.6,,
USW00014771,"SYRACUSE HANCOCK INTERNATIONAL AIRPORT, NY US",2023-08-15,43.1111,-76.10384,124.9,22.8,20.7,18.9,0.0,3.6,4.5,5.8,2.6,    1,
USW00014771,"SYRACUSE HANCOCK INTERNATIONAL AIRPORT, NY US",2023-08-16,43.1111,-76.10384,124.9,26.7,22.2,17.8,0.0,1.5,6.3,7.6,2.2,    1,
USW00014771,"SYRACUSE HANCOCK INTERNATIONAL AIRPORT, NY US",2023-08-17,43.1111,-76.10384,124.9,28.9,22.1,16.1,0.0,0.0,8.1,10.7,3.5,,    1
USW00014771,"SYRACUSE HANCOCK INTERNATIONAL AIRPORT, NY US",2023-08-18,43.1111,-76.10384,124.9,23.3,20.6,15.0,0.0,11.4,13.0,17.0,6.0,    1,    1
USW00014771,"SYRACUSE HANCOCK INTERNATIONAL AIRPORT, NY US",2023-08-19,43.1111,-76.10384,124.9,24.4,18.8,15.0,0.0,1.3,11.2,15.2,6.0,    1,
USW00014771,"SYRACUSE HANCOCK INTERNATIONAL AIRPORT, NY US",2023-08-20,43.1111,-76.10384,124.9,28.9,21.1,13.9,0.0,0.0,6.3,7.6,1.9,,
USW00014771,"SYRACUSE HANCOCK INTERNATIONAL AIRPORT, NY US",2023-08-21,43.1111,-76.10384,124.9,23.9,23.1,16.1,0.0,0.0,6.7,8.1,3.4,,
USW00014771,"SYRACUSE HANCOCK INTERNATIONAL AIRPORT, NY US",2023-08-22,43.1111,-76.10384,124.9,26.7,19.1,12.8,0.0,0.0,6.3,8.5,2.2,,
USW00014771,"SYRACUSE HANCOCK INTERNATIONAL AIRPORT, NY US",2023-08-23,43.1111,-76.10384,124.9,26.7,20.3,15.6,0.0,0.0,5.8,6.7,1.4,,
USW00014771,"SYRACUSE HANCOCK INTERNATIONAL AIRPORT, NY US",2023-08-24,43.1111,-76.10384,124.9,21.7,19.9,18.3,0.0,1.8,7.6,10.3,4.0,,
USW00014771,"SYRACUSE HANCOCK INTERNATIONAL AIRPORT, NY US",2023-08-25,43.1111,-76.10384,124.9,26.1,22.4,20.0,0.0,2.8,5.8,6.7,2.5,    1,    1
USW00014771,"SYRACUSE HANCOCK INTERNATIONAL AIRPORT, NY US",2023-08-26,43.1111,-76.10384,124.9,26.7,23.0,17.8,0.0,0.0,7.6,9.8,3.9,,
USW00014771,"SYRACUSE HANCOCK INTERNATIONAL AIRPORT, NY US",2023-08-27,43.1111,-76.10384,124.9,23.9,19.1,15.0,0.0,0.0,5.4,7.2,2.3,,
USW00014771,"SYRACUSE HANCOCK INTERNATIONAL AIRPORT, NY US",2023-08-28,43.1111,-76.10384,124.9,23.9,17.9,12.2,0.0,0.0,4.0,5.8,1.7,    1,
USW00014771,"SYRACUSE HANCOCK INTERNATIONAL AIRPORT, NY US",2023-08-29,43.1111,-76.10384,124.9,25.6,21.7,18.3,0.0,1.8,5.8,6.7,1.9,    1,
USW00014771,"SYRACUSE HANCOCK INTERNATIONAL AIRPORT, NY US",2023-08-30,43.1111,-76.10384,124.9,23.3,19.7,14.4,0.0,3.0,10.7,13.9,4.3,    1,    1
USW00014771,"SYRACUSE HANCOCK INTERNATIONAL AIRPORT, NY US",2023-08-31,43.1111,-76.10384,124.9,23.3,16.9,10.0,0.0,0.0,7.2,8.5,2.2,,
