STATION,NAME,DATE,LATITUDE,LONGITUDE,ELEVATION,TMAX,TAVG,TMIN,SNOW,PRCP,WSF2,WSF5,AWND,WT01,WT03
USW00014771,"SYRACUSE HANCOCK INTERNATIONAL AIRPORT, NY US",2021-05-01,43.1111,-76.10384,124.9,14.4,6.0,1.7,0.0,0.3,8.1,11.2,4.0,    1,
USW00014771,"SYRACUSE HANCOCK INTERNATIONAL AIRPORT, NY US",2021-05-02,43.1111,-76.10384,124.9,19.4,12.6,9.4,0.0,7.4,8.9,10.7,2.6,    1,
USW00014771,"SYRACUSE HANCOCK INTERNATIONAL AIRPORT, NY US",2021-05-03,43.1111,-76.10384,124.9,21.7,14.3,8.9,0.0,2.5,5.8,6.7,3.0,    1,
USW00014771,"SYRACUSE HANCOCK INTERNATIONAL AIRPORT, NY US",2021-05-04,43.1111,-76.10384,124.9,20.6,15.2,12.2,0.0,6.6,5.8,7.2,2.4,    1,    1
USW00014771,"SYRACUSE HANCOCK INTERNATIONAL AIRPORT, NY US",2021-05-05,43.1111,-76.10384,124.9,15.0,12.3,7.8,0.0,5.1,8.9,11.6,4.7,    1,
USW00014771,"SYRACUSE HANCOCK INTERNATIONAL AIRPORT, NY US",2021-05-06,43.1111,-76.10384,124.9,14.4,10.1,4.4,0.0,0.0,8.1,10.3,3.8,,
USW00014771,"SYRACUSE HANCOCK INTERNATIONAL AIRPORT, NY US",2021-05-07,43.1111,-76.10384,124.9,13.9,8.1,1.1,0.0,5.1,6.7,8.1,3.1,,
USW00014771,"SYRACUSE HANCOCK INTERNATIONAL AIRPORT, NY US",2021-05-08,43.1111,-76.10384,124.9,12.2,7.5,4.4,0.0,9.4,6.3,8.1,3.4,    1,
USW00014771,"SYRACUSE HANCOCK INTERNATIONAL AIRPORT, NY US",2021-05-09,43.1111,-76.10384,124.9,14.4,9.8,5.0,0.0,5.6,6.3,7.6,2.6,,
USW00014771,"SYRACUSE HANCOCK INTERNATIONAL AIRPORT, NY US",2021-05-10,43.1111,-76.10384,124.9,15.0,9.7,6.7,0.0,1.8,7.2,9.4,3.8,    1,
USW00014771,"SYRACUSE HANCOCK INTERNATIONAL AIRPORT, NY US",2021-05-11,43.1111,-76.10384,124.9,13.9,9.6,3.9,0.0,0.0,11.2,14.8,6.8,,
USW00014771,"SYRACUSE HANCOCK INTERNATIONAL AIRPORT, NY US",2021-05-12,43.1111,-76.10384,124.9,17.8,10.9,5.6,0.0,0.5,9.4,12.5,4.2,,
USW00014771,"SYRACUSE HANCOCK INTERNATIONAL AIRPORT, NY US",2021-05-13,43.1111,-76.10384,124.9,20.6,12.9,3.9,0.0,0.0,8.1,12.1,2.7,,
USW00014771,"SYRACUSE HANCOCK INTERNATIONAL AIRPORT, NY US",2021-05-14,43.1111,-76.10384,124.9,22.2,14.9,6.7,0.0,0.0,7.2,9.8,2.6,,
USW00014771,"SYRACUSE HANCOCK INTERNATIONAL AIRPORT, NY US",2021-05-15,43.1111,-76.10384,124.9,23.9,15.5,6.1,0.0,0.0,7.2,9.8,2.4,,
USW00014771,"SYRACUSE HANCOCK INTERNATIONAL AIRPORT, NY US",2021-05-16,43.1111,-76.10384,124.9,25.6,16.4,7.2,0.0,0.0,6.7,8.1,1.7,,
USW00014771,"SYRACUSE HANCOCK INTERNATIONAL AIRPORT, NY US",2021-05-17,43.1111,-76.10384,124.9,25.6,18.0,10.0,0.0,0.0,6.7,8.5,1.7,,
USW00014771,"SYRACUSE HANCOCK INTERNATIONAL AIRPORT, NY US",2021-05-18,43.1111,-76.10384,124.9,26.7,19.1,9.4,0.0,0.0,7.2,9.4,2.5,,
USW00014771,"SYRACUSE HANCOCK INTERNATIONAL AIRPORT, NY US",2021-05-19,43.1111,-76.10384,124.9,30.6,20.9,11.1,0.0,0.0,6.3,6.7,1.1,,
USW00014771,"SYRACUSE HANCOCK INTERNATIONAL AIRPORT, NY US",2021-05-20,43.1111,-76.10384,124.9,33.3,22.9,13.9,0.0,0.0,6.7,8.5,1.6,,
USW00014771,"SYRACUSE HANCOCK INTERNATIONAL AIRPORT, NY US",2021-05-21,43.1111,-76.10384,124.9,33.9,25.3,15.6,0.0,0.0,7.2,8.9,1.9,,
USW00014771,"SYRACUSE HANCOCK INTERNATIONAL AIRPORT, NY US",2021-05-22,43.1111,-76.10384,124.9,29.4,23.8,17.2,0.0,0.0,10.3,13.0,3.5,,
USW00014771,"SYRACUSE HANCOCK INTERNATIONAL AIRPORT, NY US",2021-05-23,43.1111,-76.10384,124.9,25.0,21.7,11.1,0.0,0.0,9.8,13.0,4.8,,
USW00014771,"SYRACUSE HANCOCK INTERNATIONAL AIRPORT, NY US",2021-05-24,43.1111,-76.10384,124.9,25.6,16.4,7.8,0.0,0.0,7.2,8.5,2.0,,
USW00014771,"SYRACUSE HANCOCK INTERNATIONAL AIRPORT, NY US",2021-05-25,43.1111,-76.10384,124.9,30.6,21.6,15.6,0.0,0.0,8.1,9.8,4.3,,
USW00014771,"SYRACUSE HANCOCK INTERNATIONAL AIRPORT, NY US",2021-05-26,43.1111,-76.10384,124.9,32.2,25.2,19.4,0.0,6.4,13.0,17.0,4.3,    1,    1
USW00014771,"SYRACUSE HANCOCK INTERNATIONAL AIRPORT, NY US",2021-05-27,43.1111,-76.10384,124.9,19.4,17.4,9.4,0.0,0.0,10.3,14.3,4.7,,
USW00014771,"SYRACUSE HANCOCK INTERNATIONAL AIRPORT, NY US",2021-05-28,43.1111,-76.10384,124.9,10.0,9.7,7.2,0.0,13.5,5.4,8.5,3.1,    1,
USW00014771,"SYRACUSE HANCOCK INTERNATIONAL AIRPORT, NY US",2021-05-29,43.1111,-76.10384,124.9,16.7,10.4,6.7,0.0,0.3,7.2,9.4,3.2,,
USW00014771,"SYRACUSE HANCOCK INTERNATIONAL AIRPORT, NY US",2021-05-30,43.1111,-76.10384,124.9,15.0,11.7,7.8,0.0,0.5,8.1,9.8,2.9,,
USW00014771,"SYRACUSE HANCOCK INTERNATIONAL AIRPORT, NY US",2021-05-31,43.1111,-76.10384,124.9,22.2,15.0,10.6,0.0,0.0,8.1,10.7,2.9,,
