STATION,NAME,DATE,LATITUDE,LONGITUDE,ELEVATION,TMAX,TMIN,PRCP,SNOW,WSF2,AWND,WSF5,WT01,WT03
USW00014850,"TRAVERSE CITY CHERRY CAPITAL AIRPORT, MI US",2024-08-01,44.73895,-85.5679,185.2,28.9,18.3,0.0,,4.0,1.5,5.8,    1,
USW00014850,"TRAVERSE CITY CHERRY CAPITAL AIRPORT, MI US",2024-08-02,44.73895,-85.5679,185.2,32.2,20.6,0.0,,5.8,1.6,7.6,    1,
USW00014850,"TRAVERSE CITY CHERRY CAPITAL AIRPORT, MI US",2024-08-03,44.73895,-85.5679,185.2,30.6,17.2,0.0,,5.8,2.2,8.9,    1,
USW00014850,"TRAVERSE CITY CHERRY CAPITAL AIRPORT, MI US",2024-08-04,44.73895,-85.5679,185.2,29.4,18.9,0.0,,6.3,1.9,9.4,,
USW00014850,"TRAVERSE CITY CHERRY CAPITAL AIRPORT, MI US",2024-08-05,44.73895,-85.5679,185.2,25.6,17.8,1.3,,6.3,3.1,10.7,,
USW00014850,"TRAVERSE CITY CHERRY CAPITAL AIRPORT, MI US",2024-08-06,44.73895,-85.5679,185.2,27.2,13.9,7.6,,7.6,3.2,13.0,    1,
USW00014850,"TRAVERSE CITY CHERRY CAPITAL AIRPORT, MI US",2024-08-07,44.73895,-85.5679,185.2,28.3,10.6,0.0,,6.3,1.7,8.9,,
USW00014850,"TRAVERSE CITY CHERRY CAPITAL AIRPORT, MI US",2024-08-08,44.73895,-85.5679,185.2,29.4,16.7,0.0,,7.2,3.1,11.2,,
USW00014850,"TRAVERSE CITY CHERRY CAPITAL AIRPORT, MI US",2024-08-09,44.73895,-85.5679,185.2,23.3,16.1,0.0,,9.4,4.1,13.0,,
USW00014850,"TRAVERSE CITY CHERRY CAPITAL AIRPORT, MI US",2024-08-10,44.73895,-85.5679,185.2,20.6,14.4,0.5,,10.3,4.8,14.3,    1,
USW00014850,"TRAVERSE CITY CHERRY CAPITAL AIRPORT, MI US",2024-08-11,44.73895,-85.5679,185.2,22.8,12.2,5.1,,7.6,2.7,12.5,    1,
USW00014850,"TRAVERSE CITY CHERRY CAPITAL AIRPORT, MI US",2024-08-12,44.73895,-85.5679,185.2,27.2,10.6,0.0,,5.8,1.4,8.5,,
USW00014850,"TRAVERSE CITY CHERRY CAPITAL AIRPORT, MI US",2024-08-13,44.73895,-85.5679,185.2,28.9,12.8,0.0,,6.3,1.4,9.4,,
USW00014850,"TRAVERSE CITY CHERRY CAPITAL AIRPORT, MI US",2024-08-14,44.73895,-85.5679,185.2,30.6,12.2,0.0,,4.5,1.4,7.2,,
USW00014850,"TRAVERSE CITY CHERRY CAPITAL AIRPORT, MI US",2024-08-15,44.73895,-85.5679,185.2,31.1,16.1,4.8,,7.2,2.3,11.2,    1,
USW00014850,"TRAVERSE CITY CHERRY CAPITAL AIRPORT, MI US",2024-08-16,44.73895,-85.5679,185.2,28.9,18.9,17.5,,6.3,2.3,9.4,    1,    1
USW00014850,"TRAVERSE CITY CHERRY CAPITAL AIRPORT, MI US",2024-08-17,44.73895,-85.5679,185.2,25.0,20.0,3.0,,6.7,2.6,9.4,    1,    1
USW00014850,"TRAVERSE CITY CHERRY CAPITAL AIRPORT, MI US",2024-08-18,44.73895,-85.5679,185.2,25.6,20.0,0.0,,8.9,4.9,13.0,    1,
USW00014850,"TRAVERSE CITY CHERRY CAPITAL AIRPORT, MI US",2024-08-19,44.73895,-85.5679,185.2,21.7,15.0,0.0,,8.9,5.3,14.3,,
USW00014850,"TRAVERSE CITY CHERRY CAPITAL AIRPORT, MI US",2024-08-20,44.73895,-85.5679,185.2,20.6,8.9,0.0,,5.8,2.2,10.3,,
USW00014850,"TRAVERSE CITY CHERRY CAPITAL AIRPORT, MI US",2024-08-21,44.73895,-85.5679,185.2,23.3,8.3,0.0,,5.4,1.2,7.6,,
USW00014850,"TRAVERSE CITY CHERRY CAPITAL AIRPORT, MI US",2024-08-22,44.73895,-85.5679,185.2,26.7,9.4,0.0,,6.7,2.2,10.7,,
USW00014850,"TRAVERSE CITY CHERRY CAPITAL AIRPORT, MI US",2024-08-23,44.73895,-85.5679,185.2,27.2,12.2,0.0,,6.3,2.6,9.8,,
USW00014850,"TRAVERSE CITY CHERRY CAPITAL AIRPORT, MI US",2024-08-24,44.73895,-85.5679,185.2,29.4,15.0,0.0,,5.8,2.0,9.8,,
USW00014850,"TRAVERSE CITY CHERRY CAPITAL AIRPORT, MI US",2024-08-25,44.73895,-85.5679,185.2,32.8,14.4,0.0,,4.5,0.8,6.3,,
USW00014850,"TRAVERSE CITY CHERRY CAPITAL AIRPORT, MI US",2024-08-26,44.73895,-85.5679,185.2,36.1,21.7,0.0,,4.5,1.9,7.6,,
USW00014850,"TRAVERSE CITY CHERRY CAPITAL AIRPORT, MI US",2024-08-27,44.73895,-85.5679,185.2,32.2,21.1,7.1,,14.8,2.3,18.8,    1,    1
USW00014850,"TRAVERSE CITY CHERRY CAPITAL AIRPORT, MI US",2024-08-28,44.73895,-85.5679,185.2,25.0,17.8,0.5,,6.3,2.6,9.8,    1,
USW00014850,"TRAVERSE CITY CHERRY CAPITAL AIRPORT, MI US",2024-08-29,44.73895,-85.5679,185.2,26.1,17.2,0.0,,3.6,1.9,7.2,,
USW00014850,"TRAVERSE CITY CHERRY CAPITAL AIRPORT, MI US",2024-08-30,44.73895,-85.5679,185.2,27.8,18.9,0.0,,7.6,3.4,10.3,,
USW00014850,"TRAVERSE CITY CHERRY CAPITAL AIRPORT, MI US",2024-08-31,44.73895,-85.5679,185.2,29.4,13.9,0.0,,9.8,3.8,13.0,,
