STATION,NAME,DATE,LATITUDE,LONGITUDE,ELEVATION,TMAX,TMIN,PRCP,SNOW,WSF2,AWND,WSF5,WT01,WT03
USW00014850,"TRAVERSE CITY CHERRY CAPITAL AIRPORT, MI US",2021-07-01,44.73895,-85.5679,185.2,21.1,15.0,0.0,,7.6,3.8,12.1,,
USW00014850,"TRAVERSE CITY CHERRY CAPITAL AIRPORT, MI US",2021-07-02,44.73895,-85.5679,185.2,22.8,13.9,0.0,,6.7,2.8,9.8,,
USW00014850,"TRAVERSE CITY CHERRY CAPITAL AIRPORT, MI US",2021-07-03,44.73895,-85.5679,185.2,30.0,15.6,0.0,,5.4,2.6,8.9,,
USW00014850,"TRAVERSE CITY CHERRY CAPITAL AIRPORT, MI US",2021-07-04,44.73895,-85.5679,185.2,33.3,18.3,0.0,,6.3,2.1,8.5,    1,
USW00014850,"TRAVERSE CITY CHERRY CAPITAL AIRPORT, MI US",2021-07-05,44.73895,-85.5679,185.2,33.3,22.2,13.5,,16.5,4.6,21.9,    1,    1
USW00014850,"TRAVERSE CITY CHERRY CAPITAL AIRPORT, MI US",2021-07-06,44.73895,-85.5679,185.2,31.1,17.2,2.3,,5.8,2.4,,,    1
USW00014850,"TRAVERSE CITY CHERRY CAPITAL AIRPORT, MI US",2021-07-07,44.73895,-85.5679,185.2,19.4,13.9,25.1,,6.3,3.3,9.4,    1,
USW00014850,"TRAVERSE CITY CHERRY CAPITAL AIRPORT, MI US",2021-07-08,44.73895,-85.5679,185.2,17.2,13.3,1.3,,5.4,3.2,8.1,    1,
USW00014850,"TRAVERSE CITY CHERRY CAPITAL AIRPORT, MI US",2021-07-09,44.73895,-85.5679,185.2,22.8,11.1,0.0,,4.5,2.0,,,
USW00014850,"TRAVERSE CITY CHERRY CAPITAL AIRPORT, MI US",2021-07-10,44.73895,-85.5679,185.2,27.2,9.4,0.0,,5.8,1.6,8.1,,
USW00014850,"TRAVERSE CITY CHERRY CAPITAL AIRPORT, MI US",2021-07-11,44.73895,-85.5679,185.2,26.1,11.7,0.0,,5.8,1.8,10.7,,
USW00014850,"TRAVERSE CITY CHERRY CAPITAL AIRPORT, MI US",2021-07-12,44.73895,-85.5679,185.2,30.0,10.6,0.0,,6.7,1.5,10.3,,
USW00014850,"TRAVERSE CITY CHERRY CAPITAL AIRPORT, MI US",2021-07-13,44.73895,-85.5679,185.2,25.0,18.9,30.0,,4.5,1.0,5.8,    1,    1
USW00014850,"TRAVERSE CITY CHERRY CAPITAL AIRPORT, MI US",2021-07-14,44.73895,-85.5679,185.2,30.0,18.9,4.6,,9.8,3.2,16.1,    1,
USW00014850,"TRAVERSE CITY CHERRY CAPITAL AIRPORT, MI US",2021-07-15,44.73895,-85.5679,185.2,23.9,16.1,23.9,,8.1,2.6,14.3,    1,    1
USW00014850,"TRAVERSE CITY CHERRY CAPITAL AIRPORT, MI US",2021-07-16,44.73895,-85.5679,185.2,25.6,13.3,0.0,,5.4,1.8,8.5,,
USW00014850,"TRAVERSE CITY CHERRY CAPITAL AIRPORT, MI US",2021-07-17,44.73895,-85.5679,185.2,27.8,11.1,0.0,,5.4,1.7,8.9,,
USW00014850,"TRAVERSE CITY CHERRY CAPITAL AIRPORT, MI US",2021-07-18,44.73895,-85.5679,185.2,28.3,14.4,0.0,,5.4,1.7,6.7,,
USW00014850,"TRAVERSE CITY CHERRY CAPITAL AIRPORT, MI US",2021-07-19,44.73895,-85.5679,185.2,30.6,17.8,0.0,,5.8,2.2,7.6,,
USW00014850,"TRAVERSE CITY CHERRY CAPITAL AIRPORT, MI US",2021-07-20,44.73895,-85.5679,185.2,24.4,18.3,0.0,,7.2,3.8,11.2,    1,
USW00014850,"TRAVERSE CITY CHERRY CAPITAL AIRPORT, MI US",2021-07-21,44.73895,-85.5679,185.2,24.4,15.0,0.0,,4.0,2.0,7.2,,
USW00014850,"TRAVERSE CITY CHERRY CAPITAL AIRPORT, MI US",2021-07-22,44.73895,-85.5679,185.2,26.1,17.2,0.0,,5.4,1.6,7.6,,
USW00014850,"TRAVERSE CITY CHERRY CAPITAL AIRPORT, MI US",2021-07-23,44.73895,-85.5679,185.2,28.3,17.8,0.0,,5.8,2.1,8.1,,
USW00014850,"TRAVERSE CITY CHERRY CAPITAL AIRPORT, MI US",2021-07-24,44.73895,-85.5679,185.2,27.2,20.0,85.3,,9.8,3.2,16.5,    1,    1
USW00014850,"TRAVERSE CITY CHERRY CAPITAL AIRPORT, MI US",2021-07-25,44.73895,-85.5679,185.2,31.1,17.2,0.0,,7.6,2.4,9.8,,
USW00014850,"TRAVERSE CITY CHERRY CAPITAL AIRPORT, MI US",2021-07-26,44.73895,-85.5679,185.2,31.7,17.8,0.0,,5.8,2.2,9.8,,
USW00014850,"TRAVERSE CITY CHERRY CAPITAL AIRPORT, MI US",2021-07-27,44.73895,-85.5679,185.2,26.7,17.8,0.3,,8.9,2.8,11.6,,    1
USW00014850,"TRAVERSE CITY CHERRY CAPITAL AIRPORT, MI US",2021-07-28,44.73895,-85.5679,185.2,28.9,15.6,1.8,,4.5,1.1,7.6,    1,
USW00014850,"TRAVERSE CITY CHERRY CAPITAL AIRPORT, MI US",2021-07-29,44.73895,-85.5679,185.2,25.6,17.8,8.4,,7.6,4.0,12.1,    1,
USW00014850,"TRAVERSE CITY CHERRY CAPITAL AIRPORT, MI US",2021-07-30,44.73895,-85.5679,185.2,20.6,12.2,0.0,,7.6,3.4,11.2,,
USW00014850,"TRAVERSE CITY CHERRY CAPITAL AIRPORT, MI US",2021-07-31,44.73895,-85.5679,185.2,25.6,12.2,1.0,,10.3,3.5,13.0,    1,    1
