STATION,NAME,DATE,LATITUDE,LONGITUDE,ELEVATION,TMAX,TMIN,PRCP,SNOW,WSF2,AWND,WSF5,WT01,WT03
USW00014850,"TRAVERSE CITY CHERRY CAPITAL AIRPORT, MI US",2021-06-01,44.73895,-85.5679,185.2,24.4,6.7,0.0,,5.8,1.9,7.6,,
USW00014850,"TRAVERSE CITY CHERRY CAPITAL AIRPORT, MI US",2021-06-02,44.73895,-85.5679,185.2,26.7,7.8,0.0,,5.4,1.7,7.6,,
USW00014850,"TRAVERSE CITY CHERRY CAPITAL AIRPORT, MI US",2021-06-03,44.73895,-85.5679,185.2,30.0,11.1,1.0,,9.8,3.0,13.4,,
USW00014850,"TRAVERSE CITY CHERRY CAPITAL AIRPORT, MI US",2021-06-04,44.73895,-85.5679,185.2,31.1,15.0,0.0,,7.6,3.0,12.1,,
USW00014850,"TRAVERSE CITY CHERRY CAPITAL AIRPORT, MI US",2021-06-05,44.73895,-85.5679,185.2,33.9,23.3,0.0,,9.8,5.7,15.2,,
USW00014850,"TRAVERSE CITY CHERRY CAPITAL AIRPORT, MI US",2021-06-06,44.73895,-85.5679,185.2,33.3,21.7,0.0,,8.9,4.1,14.3,,
USW00014850,"TRAVERSE CITY CHERRY CAPITAL AIRPORT, MI US",2021-06-07,44.73895,-85.5679,185.2,31.7,22.8,0.0,,6.7,3.4,10.3,,
USW00014850,"TRAVERSE CITY CHERRY CAPITAL AIRPORT, MI US",2021-06-08,44.73895,-85.5679,185.2,33.9,18.3,0.0,,6.7,1.7,9.4,    1,    1
USW00014850,"TRAVERSE CITY CHERRY CAPITAL AIRPORT, MI US",2021-06-09,44.73895,-85.5679,185.2,30.0,17.2,0.0,,6.7,1.9,10.3,,    1
USW00014850,"TRAVERSE CITY CHERRY CAPITAL AIRPORT, MI US",2021-06-10,44.73895,-85.5679,185.2,29.4,17.8,0.0,,6.3,1.7,9.4,,
USW00014850,"TRAVERSE CITY CHERRY CAPITAL AIRPORT, MI US",2021-06-11,44.73895,-85.5679,185.2,30.0,18.9,0.0,,5.8,2.5,9.8,    1,
USW00014850,"TRAVERSE CITY CHERRY CAPITAL AIRPORT, MI US",2021-06-12,44.73895,-85.5679,185.2,28.9,16.7,0.0,,6.3,2.5,9.4,,
USW00014850,"TRAVERSE CITY CHERRY CAPITAL AIRPORT, MI US",2021-06-13,44.73895,-85.5679,185.2,28.3,13.3,1.0,,8.1,2.6,13.9,    1,
USW00014850,"TRAVERSE CITY CHERRY CAPITAL AIRPORT, MI US",2021-06-14,44.73895,-85.5679,185.2,23.9,13.9,4.8,,7.2,3.6,9.8,    1,    1
USW00014850,"TRAVERSE CITY CHERRY CAPITAL AIRPORT, MI US",2021-06-15,44.73895,-85.5679,185.2,23.3,11.1,0.0,,7.6,3.3,10.7,,
USW00014850,"TRAVERSE CITY CHERRY CAPITAL AIRPORT, MI US",2021-06-16,44.73895,-85.5679,185.2,23.3,7.2,0.0,,7.6,1.7,12.1,,
USW00014850,"TRAVERSE CITY CHERRY CAPITAL AIRPORT, MI US",2021-06-17,44.73895,-85.5679,185.2,30.0,8.9,0.0,,7.6,3.1,13.0,,
USW00014850,"TRAVERSE CITY CHERRY CAPITAL AIRPORT, MI US",2021-06-18,44.73895,-85.5679,185.2,32.8,16.7,2.0,,10.7,4.2,14.8,    1,    1
USW00014850,"TRAVERSE CITY CHERRY CAPITAL AIRPORT, MI US",2021-06-19,44.73895,-85.5679,185.2,23.3,12.8,0.0,,6.7,2.3,8.9,,
USW00014850,"TRAVERSE CITY CHERRY CAPITAL AIRPORT, MI US",2021-06-20,44.73895,-85.5679,185.2,26.7,11.1,2.5,,6.7,1.6,9.4,,
USW00014850,"TRAVERSE CITY CHERRY CAPITAL AIRPORT, MI US",2021-06-21,44.73895,-85.5679,185.2,20.6,5.6,1.3,,10.3,5.1,16.5,    1,
USW00014850,"TRAVERSE CITY CHERRY CAPITAL AIRPORT, MI US",2021-06-22,44.73895,-85.5679,185.2,20.0,4.4,3.0,,8.1,2.4,10.7,,    1
USW00014850,"TRAVERSE CITY CHERRY CAPITAL AIRPORT, MI US",2021-06-23,44.73895,-85.5679,185.2,26.1,8.3,0.0,,8.1,3.9,12.5,,
USW00014850,"TRAVERSE CITY CHERRY CAPITAL AIRPORT, MI US",2021-06-24,44.73895,-85.5679,185.2,23.3,17.8,5.3,,11.2,4.9,17.9,    1,
USW00014850,"TRAVERSE CITY CHERRY CAPITAL AIRPORT, MI US",2021-06-25,44.73895,-85.5679,185.2,25.0,18.9,0.3,,5.4,1.8,8.1,    1,
USW00014850,"TRAVERSE CITY CHERRY CAPITAL AIRPORT, MI US",2021-06-26,44.73895,-85.5679,185.2,22.8,17.2,19.6,,4.5,0.7,6.3,    1,
USW00014850,"TRAVERSE CITY CHERRY CAPITAL AIRPORT, MI US",2021-06-27,44.73895,-85.5679,185.2,25.6,16.1,16.5,,6.3,1.9,9.8,    1,
USW00014850,"TRAVERSE CITY CHERRY CAPITAL AIRPORT, MI US",2021-06-28,44.73895,-85.5679,185.2,28.9,15.6,0.0,,4.5,1.9,6.3,,
USW00014850,"TRAVERSE CITY CHERRY CAPITAL AIRPORT, MI US",2021-06-29,44.73895,-85.5679,185.2,25.6,19.4,7.1,,6.3,1.9,8.5,    1,
USW00014850,"TRAVERSE CITY CHERRY CAPITAL AIRPORT, MI US",2021-06-30,44.73895,-85.5679,185.2,27.8,17.2,0.0,,5.8,2.2,9.8,,
