STATION,NAME,DATE,LATITUDE,LONGITUDE,ELEVATION,TMAX,TMIN,PRCP,SNOW,WSF2,WSF5,AWND,WT01,WT03
USW00094178,"TWIN FALLS SUN VALLEY REGIONAL AIRPORT, ID US",2024-08-01,42.47849,-114.47744,1269.8,36.1,13.9,0.0,,6.3,8.5,3.6,,
USW00094178,"TWIN FALLS SUN VALLEY REGIONAL AIRPORT, ID US",2024-08-02,42.47849,-114.47744,1269.8,39.4,16.7,0.0,,6.3,8.9,3.4,,
USW00094178,"TWIN FALLS SUN VALLEY REGIONAL AIRPORT, ID US",2024-08-03,42.47849,-114.47744,1269.8,34.4,17.2,0.0,,8.9,11.6,3.1,,
USW00094178,"TWIN FALLS SUN VALLEY REGIONAL AIRPORT, ID US",2024-08-04,42.47849,-114.47744,1269.8,32.8,18.3,0.3,,8.9,12.5,4.1,,
USW00094178,"TWIN FALLS SUN VALLEY REGIONAL AIRPORT, ID US",2024-08-05,42.47849,-114.47744,1269.8,34.4,15.0,5.1,,9.8,13.4,4.4,,    1
USW00094178,"TWIN FALLS SUN VALLEY REGIONAL AIRPORT, ID US",2024-08-06,42.47849,-114.47744,1269.8,35.0,14.4,0.0,,6.7,8.9,3.3,,
USW00094178,"TWIN FALLS SUN VALLEY REGIONAL AIRPORT, ID US",2024-08-07,42.47849,-114.47744,1269.8,32.2,18.3,0.0,,8.1,10.7,5.5,,
USW00094178,"TWIN FALLS SUN VALLEY REGIONAL AIRPORT, ID US",2024-08-08,42.47849,-114.47744,1269.8,31.7,16.1,0.0,,6.7,9.4,3.7,,
USW00094178,"TWIN FALLS SUN VALLEY REGIONAL AIRPORT, ID US",2024-08-09,42.47849,-114.47744,1269.8,34.4,13.9,0.0,,8.1,11.2,3.4,,    1
USW00094178,"TWIN FALLS SUN VALLEY REGIONAL AIRPORT, ID US",2024-08-10,42.47849,-114.47744,1269.8,33.3,12.2,0.0,,7.6,10.7,3.8,,
USW00094178,"TWIN FALLS SUN VALLEY REGIONAL AIRPORT, ID US",2024-08-11,42.47849,-114.47744,1269.8,33.3,12.2,0.0,,6.3,8.1,3.3,,
USW00094178,"TWIN FALLS SUN VALLEY REGIONAL AIRPORT, ID US",2024-08-12,42.47849,-114.47744,1269.8,33.3,21.7,0.0,,13.0,21.5,4.7,,
USW00094178,"TWIN FALLS SUN VALLEY REGIONAL AIRPORT, ID US",2024-08-13,42.47849,-114.47744,1269.8,30.0,17.8,0.0,,9.4,13.0,4.7,,
USW00094178,"TWIN FALLS SUN VALLEY REGIONAL AIRPORT, ID US",2024-08-14,42.47849,-114.47744,1269.8,29.4,11.7,0.0,,6.7,9.4,3.0,,
USW00094178,"TWIN FALLS SUN VALLEY REGIONAL AIRPORT, ID US",2024-08-15,42.47849,-114.47744,1269.8,29.4,11.1,0.0,,6.7,9.8,4.1,,
USW00094178,"TWIN FALLS SUN VALLEY REGIONAL AIRPORT, ID US",2024-08-16,42.47849,-114.47744,1269.8,30.0,13.3,0.0,,6.3,8.9,3.7,,
USW00094178,"TWIN FALLS SUN VALLEY REGIONAL AIRPORT, ID US",2024-08-17,42.47849,-114.47744,1269.8,33.9,12.2,0.0,,14.8,21.0,6.2,,
USW00094178,"TWIN FALLS SUN VALLEY REGIONAL AIRPORT, ID US",2024-08-18,42.47849,-114.47744,1269.8,33.3,16.7,13.0,,13.9,21.5,5.0,,    1
USW00094178,"TWIN FALLS SUN VALLEY REGIONAL AIRPORT, ID US",2024-08-19,42.47849,-114.47744,1269.8,35.6,14.4,0.0,,8.1,13.9,3.8,,
USW00094178,"TWIN FALLS SUN VALLEY REGIONAL AIRPORT, ID US",2024-08-20,42.47849,-114.47744,1269.8,30.0,16.1,0.0,,6.3,8.9,4.2,,
USW00094178,"TWIN FALLS SUN VALLEY REGIONAL AIRPORT, ID US",2024-08-21,42.47849,-114.47744,1269.8,28.3,13.3,0.0,,9.4,12.5,5.1,,
USW00094178,"TWIN FALLS SUN VALLEY REGIONAL AIRPORT, ID US",2024-08-22,42.47849,-114.47744,1269.8,34.4,8.9,0.0,,10.3,16.1,3.8,,
USW00094178,"TWIN FALLS SUN VALLEY REGIONAL AIRPORT, ID US",2024-08-23,42.47849,-114.47744,1269.8,28.9,14.4,0.0,,9.4,13.4,4.8,,
USW00094178,"TWIN FALLS SUN VALLEY REGIONAL AIRPORT, ID US",2024-08-24,42.47849,-114.47744,1269.8,20.6,10.6,0.0,,8.1,11.2,4.9,,
USW00094178,"TWIN FALLS SUN VALLEY REGIONAL AIRPORT, ID US",2024-08-25,42.47849,-114.47744,1269.8,22.2,8.3,0.0,,7.6,10.3,4.8,,
USW00094178,"TWIN FALLS SUN VALLEY REGIONAL AIRPORT, ID US",2024-08-26,42.47849,-114.47744,1269.8,25.6,11.7,0.0,,7.2,11.2,4.3,,
USW00094178,"TWIN FALLS SUN VALLEY REGIONAL AIRPORT, ID US",2024-08-27,42.47849,-114.47744,1269.8,31.1,9.4,0.0,,12.5,16.5,3.6,,
USW00094178,"TWIN FALLS SUN VALLEY REGIONAL AIRPORT, ID US",2024-08-28,42.47849,-114.47744,1269.8,22.8,10.0,0.0,,13.9,19.2,7.5,,
USW00094178,"TWIN FALLS SUN VALLEY REGIONAL AIRPORT, ID US",2024-08-29,42.47849,-114.47744,1269.8,22.8,8.9,0.0,,7.6,10.3,3.2,,
USW00094178,"TWIN FALLS SUN VALLEY REGIONAL AIRPORT, ID US",2024-08-30,42.47849,-114.47744,1269.8,28.9,5.6,0.0,,6.3,7.6,3.1,,
USW00094178,"TWIN FALLS SUN VALLEY REGIONAL AIRPORT, ID US",2024-08-31,42.47849,-114.47744,1269.8,31.1,9.4,0.0,,7.2,9.8,3.7,,
