STATION,NAME,DATE,LATITUDE,LONGITUDE,ELEVATION,TMAX,TMIN,PRCP,SNOW,WSF2,WSF5,AWND,WT01,WT03
USW00094178,"TWIN FALLS SUN VALLEY REGIONAL AIRPORT, ID US",2021-06-01,42.47849,-114.47744,1269.8,30.6,14.4,0.0,,8.1,11.6,5.3,,
USW00094178,"TWIN FALLS SUN VALLEY REGIONAL AIRPORT, ID US",2021-06-02,42.47849,-114.47744,1269.8,32.8,13.9,0.0,,7.2,8.9,4.4,,
USW00094178,"TWIN FALLS SUN VALLEY REGIONAL AIRPORT, ID US",2021-06-03,42.47849,-114.47744,1269.8,36.7,15.0,0.0,,7.2,10.3,3.6,,
USW00094178,"TWIN FALLS SUN VALLEY REGIONAL AIRPORT, ID US",2021-06-04,42.47849,-114.47744,1269.8,35.0,20.6,0.0,,12.5,16.5,5.6,,
USW00094178,"TWIN FALLS SUN VALLEY REGIONAL AIRPORT, ID US",2021-06-05,42.47849,-114.47744,1269.8,30.0,16.1,0.0,,10.3,13.9,6.8,,
USW00094178,"TWIN FALLS SUN VALLEY REGIONAL AIRPORT, ID US",2021-06-06,42.47849,-114.47744,1269.8,26.1,7.8,0.0,,10.3,14.3,5.1,,
USW00094178,"TWIN FALLS SUN VALLEY REGIONAL AIRPORT, ID US",2021-06-07,42.47849,-114.47744,1269.8,26.7,8.9,0.0,,9.4,12.5,3.8,,
USW00094178,"TWIN FALLS SUN VALLEY REGIONAL AIRPORT, ID US",2021-06-08,42.47849,-114.47744,1269.8,26.7,10.6,0.0,,7.6,10.7,4.3,,
USW00094178,"TWIN FALLS SUN VALLEY REGIONAL AIRPORT, ID US",2021-06-09,42.47849,-114.47744,1269.8,27.2,11.7,0.0,,8.9,12.5,5.2,,
USW00094178,"TWIN FALLS SUN VALLEY REGIONAL AIRPORT, ID US",2021-06-10,42.47849,-114.47744,1269.8,14.4,2.8,0.5,,13.9,19.2,7.0,,
USW00094178,"TWIN FALLS SUN VALLEY REGIONAL AIRPORT, ID US",2021-06-11,42.47849,-114.47744,1269.8,26.7,1.1,0.0,,8.1,10.7,3.9,,
USW00094178,"TWIN FALLS SUN VALLEY REGIONAL AIRPORT, ID US",2021-06-12,42.47849,-114.47744,1269.8,27.8,12.2,0.0,,8.1,9.8,4.3,,
USW00094178,"TWIN FALLS SUN VALLEY REGIONAL AIRPORT, ID US",2021-06-13,42.47849,-114.47744,1269.8,37.8,9.4,0.0,,10.3,16.1,4.3,,
USW00094178,"TWIN FALLS SUN VALLEY REGIONAL AIRPORT, ID US",2021-06-14,42.47849,-114.47744,1269.8,34.4,19.4,0.0,,8.1,11.2,4.9,,
USW00094178,"TWIN FALLS SUN VALLEY REGIONAL AIRPORT, ID US",2021-06-15,42.47849,-114.47744,1269.8,31.7,17.2,0.0,,10.3,16.1,5.1,,
USW00094178,"TWIN FALLS SUN VALLEY REGIONAL AIRPORT, ID US",2021-06-16,42.47849,-114.47744,1269.8,27.2,11.7,0.0,,10.7,14.8,4.7,,
USW00094178,"TWIN FALLS SUN VALLEY REGIONAL AIRPORT, ID US",2021-06-17,42.47849,-114.47744,1269.8,31.1,12.8,0.0,,7.2,9.8,4.6,,
USW00094178,"TWIN FALLS SUN VALLEY REGIONAL AIRPORT, ID US",2021-06-18,42.47849,-114.47744,1269.8,33.3,13.9,0.0,,6.7,9.4,3.7,,
USW00094178,"TWIN FALLS SUN VALLEY REGIONAL AIRPORT, ID US",2021-06-19,42.47849,-114.47744,1269.8,34.4,17.2,0.0,,10.7,13.9,5.9,,
USW00094178,"TWIN FALLS SUN VALLEY REGIONAL AIRPORT, ID US",2021-06-20,42.47849,-114.47744,1269.8,31.1,15.6,0.0,,13.4,17.0,8.0,,
USW00094178,"TWIN FALLS SUN VALLEY REGIONAL AIRPORT, ID US",2021-06-21,42.47849,-114.47744,1269.8,32.8,10.6,0.0,,9.8,13.4,4.7,,
USW00094178,"TWIN FALLS SUN VALLEY REGIONAL AIRPORT, ID US",2021-06-22,42.47849,-114.47744,1269.8,36.7,19.4,0.0,,19.7,25.9,5.8,,
USW00094178,"TWIN FALLS SUN VALLEY REGIONAL AIRPORT, ID US",2021-06-23,42.47849,-114.47744,1269.8,32.2,15.0,0.0,,9.4,13.4,4.8,,
USW00094178,"TWIN FALLS SUN VALLEY REGIONAL AIRPORT, ID US",2021-06-24,42.47849,-114.47744,1269.8,31.7,16.1,0.0,,7.6,11.2,4.4,,
USW00094178,"TWIN FALLS SUN VALLEY REGIONAL AIRPORT, ID US",2021-06-25,42.47849,-114.47744,1269.8,31.1,15.6,0.0,,9.4,13.4,5.3,,
USW00094178,"TWIN FALLS SUN VALLEY REGIONAL AIRPORT, ID US",2021-06-26,42.47849,-114.47744,1269.8,30.6,13.9,0.0,,9.4,12.5,4.7,,
USW00094178,"TWIN FALLS SUN VALLEY REGIONAL AIRPORT, ID US",2021-06-27,42.47849,-114.47744,1269.8,32.2,16.1,0.0,,10.3,14.3,5.6,,
USW00094178,"TWIN FALLS SUN VALLEY REGIONAL AIRPORT, ID US",2021-06-28,42.47849,-114.47744,1269.8,33.9,17.2,0.0,,8.1,11.6,5.1,,
USW00094178,"TWIN FALLS SUN VALLEY REGIONAL AIRPORT, ID US",2021-06-29,42.47849,-114.47744,1269.8,35.0,13.9,0.0,,8.1,10.7,4.0,,
USW00094178,"TWIN FALLS SUN VALLEY REGIONAL AIRPORT, ID US",2021-06-30,42.47849,-114.47744,1269.8,35.0,17.8,0.0,,7.6,10.7,4.7,,
