STATION,NAME,DATE,LATITUDE,LONGITUDE,ELEVATION,TMAX,TMIN,PRCP,SNOW,WSF2,WSF5,AWND,WT01,WT03
USW00094178,"TWIN FALLS SUN VALLEY REGIONAL AIRPORT, ID US",2021-07-01,42.47849,-114.47744,1269.8,33.3,18.3,0.0,,8.9,12.5,3.7,,
USW00094178,"TWIN FALLS SUN VALLEY REGIONAL AIRPORT, ID US",2021-07-02,42.47849,-114.47744,1269.8,35.6,13.3,0.0,,7.2,9.8,3.0,,
USW00094178,"TWIN FALLS SUN VALLEY REGIONAL AIRPORT, ID US",2021-07-03,42.47849,-114.47744,1269.8,36.7,16.7,0.0,,13.9,20.1,4.2,,    1
USW00094178,"TWIN FALLS SUN VALLEY REGIONAL AIRPORT, ID US",2021-07-04,42.47849,-114.47744,1269.8,34.4,17.2,0.0,,20.1,25.0,4.0,,
USW00094178,"TWIN FALLS SUN VALLEY REGIONAL AIRPORT, ID US",2021-07-05,42.47849,-114.47744,1269.8,34.4,14.4,0.0,,5.8,7.6,2.8,,
USW00094178,"TWIN FALLS SUN VALLEY REGIONAL AIRPORT, ID US",2021-07-06,42.47849,-114.47744,1269.8,37.8,13.9,0.0,,8.1,11.6,4.1,,
USW00094178,"TWIN FALLS SUN VALLEY REGIONAL AIRPORT, ID US",2021-07-07,42.47849,-114.47744,1269.8,37.2,16.7,0.0,,14.8,23.7,4.2,,    1
USW00094178,"TWIN FALLS SUN VALLEY REGIONAL AIRPORT, ID US",2021-07-08,42.47849,-114.47744,1269.8,34.4,18.3,0.0,,7.6,11.2,4.7,,
USW00094178,"TWIN FALLS SUN VALLEY REGIONAL AIRPORT, ID US",2021-07-09,42.47849,-114.47744,1269.8,33.9,19.4,0.0,,10.7,13.4,6.3,,
USW00094178,"TWIN FALLS SUN VALLEY REGIONAL AIRPORT, ID US",2021-07-10,42.47849,-114.47744,1269.8,34.4,14.4,0.0,,7.2,10.3,3.6,,
USW00094178,"TWIN FALLS SUN VALLEY REGIONAL AIRPORT, ID US",2021-07-11,42.47849,-114.47744,1269.8,36.7,15.0,0.0,,8.1,12.1,4.3,,
USW00094178,"TWIN FALLS SUN VALLEY REGIONAL AIRPORT, ID US",2021-07-12,42.47849,-114.47744,1269.8,36.7,18.9,0.0,,7.2,9.8,3.6,,
USW00094178,"TWIN FALLS SUN VALLEY REGIONAL AIRPORT, ID US",2021-07-13,42.47849,-114.47744,1269.8,35.0,19.4,0.0,,10.3,13.9,6.5,,
USW00094178,"TWIN FALLS SUN VALLEY REGIONAL AIRPORT, ID US",2021-07-14,42.47849,-114.47744,1269.8,33.9,15.0,0.0,,6.7,9.8,3.6,,
USW00094178,"TWIN FALLS SUN VALLEY REGIONAL AIRPORT, ID US",2021-07-15,42.47849,-114.47744,1269.8,35.6,19.4,0.0,,6.3,8.9,3.5,,
USW00094178,"TWIN FALLS SUN VALLEY REGIONAL AIRPORT, ID US",2021-07-16,42.47849,-114.47744,1269.8,35.0,17.8,0.0,,7.6,9.8,3.5,,
USW00094178,"TWIN FALLS SUN VALLEY REGIONAL AIRPORT, ID US",2021-07-17,42.47849,-114.47744,1269.8,35.0,18.3,0.0,,10.3,13.9,4.1,,
USW00094178,"TWIN FALLS SUN VALLEY REGIONAL AIRPORT, ID US",2021-07-18,42.47849,-114.47744,1269.8,36.7,15.6,0.0,,6.7,9.4,2.4,,
USW00094178,"TWIN FALLS SUN VALLEY REGIONAL AIRPORT, ID US",2021-07-19,42.47849,-114.47744,1269.8,30.0,20.0,1.0,,12.5,17.0,3.6,,    1
USW00094178,"TWIN FALLS SUN VALLEY REGIONAL AIRPORT, ID US",2021-07-20,42.47849,-114.47744,1269.8,30.6,19.4,0.0,,9.4,12.5,3.8,,
USW00094178,"TWIN FALLS SUN VALLEY REGIONAL AIRPORT, ID US",2021-07-21,42.47849,-114.47744,1269.8,35.6,15.6,0.0,,12.5,17.4,3.8,,    1
USW00094178,"TWIN FALLS SUN VALLEY REGIONAL AIRPORT, ID US",2021-07-22,42.47849,-114.47744,1269.8,31.1,16.7,0.0,,7.2,8.9,3.7,,
USW00094178,"TWIN FALLS SUN VALLEY REGIONAL AIRPORT, ID US",2021-07-23,42.47849,-114.47744,1269.8,32.8,16.7,0.0,,7.6,9.8,4.8,,
USW00094178,"TWIN FALLS SUN VALLEY REGIONAL AIRPORT, ID US",2021-07-24,42.47849,-114.47744,1269.8,32.2,18.3,0.0,,7.2,9.8,5.0,,
USW00094178,"TWIN FALLS SUN VALLEY REGIONAL AIRPORT, ID US",2021-07-25,42.47849,-114.47744,1269.8,33.9,18.9,0.0,,7.6,10.7,4.5,,
USW00094178,"TWIN FALLS SUN VALLEY REGIONAL AIRPORT, ID US",2021-07-26,42.47849,-114.47744,1269.8,37.8,19.4,0.0,,7.2,9.4,4.0,,
USW00094178,"TWIN FALLS SUN VALLEY REGIONAL AIRPORT, ID US",2021-07-27,42.47849,-114.47744,1269.8,33.9,22.2,0.0,,13.0,17.9,4.2,,    1
USW00094178,"TWIN FALLS SUN VALLEY REGIONAL AIRPORT, ID US",2021-07-28,42.47849,-114.47744,1269.8,33.9,21.7,0.0,,11.2,16.5,5.2,,
USW00094178,"TWIN FALLS SUN VALLEY REGIONAL AIRPORT, ID US",2021-07-29,42.47849,-114.47744,1269.8,34.4,19.4,0.0,,6.7,10.3,2.7,,
USW00094178,"TWIN FALLS SUN VALLEY REGIONAL AIRPORT, ID US",2021-07-30,42.47849,-114.47744,1269.8,32.8,18.9,0.0,,7.6,9.8,4.2,,
USW00094178,"TWIN FALLS SUN VALLEY REGIONAL AIRPORT, ID US",2021-07-31,42.47849,-114.47744,1269.8,31.1,18.3,16.3,,13.9,18.3,4.0,    1,    1
